{
    "soc_min": 2,
    "soc_max": 98,
    "r1": 0.019628675241706094,
    "c1": 864647.908608529,
    "ir_a": 0.00999696130917547,
    "ir_b": 0.1317369418758172,
    "ir_c": 0.003725797432326733,
    "ir_d": 0.09998983700512705,
    "ir_e": 0.9995628527913876,
    "no_cells": 14,
    "cell_temp_init": 42.00779969870989,
    "amb_temp_celsius": 34.00000542321087,
    "bat_cell_cap": 66.0,
    "sohc_init_1": 45.04847368002528,
    "sohc_init_2": 45.04847368002528,
    "sohc_init_3": 45.04847368002528,
    "sohc_init_4": 45.04847368002528,
    "sohc_init_5": 45.04847368002528,
    "sohc_init_6": 45.04847368002528,
    "sohc_init_7": 45.04847368002528,
    "sohc_init_8": 45.04847368002528,
    "sohc_init_9": 45.04847368002528,
    "sohc_init_10": 45.04847368002528,
    "sohc_init_11": 45.04847368002528,
    "sohc_init_12": 45.04847368002528,
    "sohc_init_13": 45.04847368002528,
    "sohc_init_14": 45.04847368002528,
    "sohr_init_1": 2.997737588302585,
    "sohr_init_2": 2.997737588302585,
    "sohr_init_3": 2.997737588302585,
    "sohr_init_4": 2.997737588302585,
    "sohr_init_5": 2.997737588302585,
    "sohr_init_6": 2.997737588302585,
    "sohr_init_7": 2.997737588302585,
    "sohr_init_8": 2.997737588302585,
    "sohr_init_9": 2.997737588302585,
    "sohr_init_10": 2.997737588302585,
    "sohr_init_11": 2.997737588302585,
    "sohr_init_12": 2.997737588302585,
    "sohr_init_13": 2.997737588302585,
    "sohr_init_14": 2.997737588302585,
    "soc_init_1": 3.001109499223937,
    "soc_init_2": 3.001109499223937,
    "soc_init_3": 3.001109499223937,
    "soc_init_4": 3.001109499223937,
    "soc_init_5": 3.001109499223937,
    "soc_init_6": 3.001109499223937,
    "soc_init_7": 3.001109499223937,
    "soc_init_8": 3.001109499223937,
    "soc_init_9": 3.001109499223937,
    "soc_init_10": 3.001109499223937,
    "soc_init_11": 3.001109499223937,
    "soc_init_12": 3.001109499223937,
    "soc_init_13": 3.001109499223937,
    "soc_init_14": 3.001109499223937,
    "cost": 1.1960274253393868,
    "device": "bPB00055",
    "cycle_start_time": "2022-09-13T18:36:16+00:00"
}