{
    "soc_min": 2,
    "soc_max": 98,
    "r1": 0.013872694547825847,
    "c1": 1992337.978789525,
    "ir_a": 0.007104646211852213,
    "ir_b": 0.02983119171732561,
    "ir_c": 0.0024040374358578714,
    "ir_d": 0.09969662708738754,
    "ir_e": 0.9998592164967217,
    "no_cells": 14,
    "cell_temp_init": 42.0139235606335,
    "amb_temp_celsius": 34.00030581821101,
    "bat_cell_cap": 66.0,
    "sohc_init_1": 45.07506444218944,
    "sohc_init_2": 45.07506444218944,
    "sohc_init_3": 45.07506444218944,
    "sohc_init_4": 45.07506444218944,
    "sohc_init_5": 45.07506444218944,
    "sohc_init_6": 45.07506444218944,
    "sohc_init_7": 45.07506444218944,
    "sohc_init_8": 45.07506444218944,
    "sohc_init_9": 45.07506444218944,
    "sohc_init_10": 45.07506444218944,
    "sohc_init_11": 45.07506444218944,
    "sohc_init_12": 45.07506444218944,
    "sohc_init_13": 45.07506444218944,
    "sohc_init_14": 45.07506444218944,
    "sohr_init_1": 2.999930150542925,
    "sohr_init_2": 2.999930150542925,
    "sohr_init_3": 2.999930150542925,
    "sohr_init_4": 2.999930150542925,
    "sohr_init_5": 2.999930150542925,
    "sohr_init_6": 2.999930150542925,
    "sohr_init_7": 2.999930150542925,
    "sohr_init_8": 2.999930150542925,
    "sohr_init_9": 2.999930150542925,
    "sohr_init_10": 2.999930150542925,
    "sohr_init_11": 2.999930150542925,
    "sohr_init_12": 2.999930150542925,
    "sohr_init_13": 2.999930150542925,
    "sohr_init_14": 2.999930150542925,
    "soc_init_1": 3.015570490630765,
    "soc_init_2": 3.015570490630765,
    "soc_init_3": 3.015570490630765,
    "soc_init_4": 3.015570490630765,
    "soc_init_5": 3.015570490630765,
    "soc_init_6": 3.015570490630765,
    "soc_init_7": 3.015570490630765,
    "soc_init_8": 3.015570490630765,
    "soc_init_9": 3.015570490630765,
    "soc_init_10": 3.015570490630765,
    "soc_init_11": 3.015570490630765,
    "soc_init_12": 3.015570490630765,
    "soc_init_13": 3.015570490630765,
    "soc_init_14": 3.015570490630765,
    "cost": 1.5335102210529046,
    "device": "bPB00055",
    "cycle_start_time": "2022-09-04T03:26:56+00:00"
}