{
    "soc_min": 2,
    "soc_max": 98,
    "r1": 0.0008416783783877251,
    "c1": 370832.84643926204,
    "ir_a": 0.0010709100857723274,
    "ir_b": 0.19259988087037716,
    "ir_c": 0.0015052893894229645,
    "ir_d": 0.012262644441552659,
    "ir_e": 0.14306904990385733,
    "no_cells": 14,
    "cell_temp_init": 36.00015461533152,
    "amb_temp_celsius": 28.000144583748938,
    "bat_cell_cap": 66.0,
    "sohc_init_1": 48.83265984450606,
    "sohc_init_2": 48.83265984450606,
    "sohc_init_3": 48.83265984450606,
    "sohc_init_4": 48.83265984450606,
    "sohc_init_5": 48.83265984450606,
    "sohc_init_6": 48.83265984450606,
    "sohc_init_7": 48.83265984450606,
    "sohc_init_8": 48.83265984450606,
    "sohc_init_9": 48.83265984450606,
    "sohc_init_10": 48.83265984450606,
    "sohc_init_11": 48.83265984450606,
    "sohc_init_12": 48.83265984450606,
    "sohc_init_13": 48.83265984450606,
    "sohc_init_14": 48.83265984450606,
    "sohr_init_1": 2.1941797768521054,
    "sohr_init_2": 2.1941797768521054,
    "sohr_init_3": 2.1941797768521054,
    "sohr_init_4": 2.1941797768521054,
    "sohr_init_5": 2.1941797768521054,
    "sohr_init_6": 2.1941797768521054,
    "sohr_init_7": 2.1941797768521054,
    "sohr_init_8": 2.1941797768521054,
    "sohr_init_9": 2.1941797768521054,
    "sohr_init_10": 2.1941797768521054,
    "sohr_init_11": 2.1941797768521054,
    "sohr_init_12": 2.1941797768521054,
    "sohr_init_13": 2.1941797768521054,
    "sohr_init_14": 2.1941797768521054,
    "soc_init_1": 26.87718276385181,
    "soc_init_2": 26.87718276385181,
    "soc_init_3": 26.87718276385181,
    "soc_init_4": 26.87718276385181,
    "soc_init_5": 26.87718276385181,
    "soc_init_6": 26.87718276385181,
    "soc_init_7": 26.87718276385181,
    "soc_init_8": 26.87718276385181,
    "soc_init_9": 26.87718276385181,
    "soc_init_10": 26.87718276385181,
    "soc_init_11": 26.87718276385181,
    "soc_init_12": 26.87718276385181,
    "soc_init_13": 26.87718276385181,
    "soc_init_14": 26.87718276385181,
    "cost": 0.5445335349018396,
    "device": "bPB00055",
    "cycle_start_time": "2022-11-14T16:20:35+00:00"
}