{
    "soc_min": 2,
    "soc_max": 98,
    "r1": 0.0006413691389108645,
    "c1": 468222.2724113652,
    "ir_a": 0.004330429729521986,
    "ir_b": 0.17839879637128264,
    "ir_c": 0.0016780474168189706,
    "ir_d": 0.03640511555660494,
    "ir_e": 0.5022267442632758,
    "no_cells": 14,
    "cell_temp_init": 36.00007998911426,
    "amb_temp_celsius": 28.002656648123494,
    "bat_cell_cap": 66.0,
    "sohc_init_1": 49.6096330077792,
    "sohc_init_2": 49.6096330077792,
    "sohc_init_3": 49.6096330077792,
    "sohc_init_4": 49.6096330077792,
    "sohc_init_5": 49.6096330077792,
    "sohc_init_6": 49.6096330077792,
    "sohc_init_7": 49.6096330077792,
    "sohc_init_8": 49.6096330077792,
    "sohc_init_9": 49.6096330077792,
    "sohc_init_10": 49.6096330077792,
    "sohc_init_11": 49.6096330077792,
    "sohc_init_12": 49.6096330077792,
    "sohc_init_13": 49.6096330077792,
    "sohc_init_14": 49.6096330077792,
    "sohr_init_1": 2.0574194683578977,
    "sohr_init_2": 2.0574194683578977,
    "sohr_init_3": 2.0574194683578977,
    "sohr_init_4": 2.0574194683578977,
    "sohr_init_5": 2.0574194683578977,
    "sohr_init_6": 2.0574194683578977,
    "sohr_init_7": 2.0574194683578977,
    "sohr_init_8": 2.0574194683578977,
    "sohr_init_9": 2.0574194683578977,
    "sohr_init_10": 2.0574194683578977,
    "sohr_init_11": 2.0574194683578977,
    "sohr_init_12": 2.0574194683578977,
    "sohr_init_13": 2.0574194683578977,
    "sohr_init_14": 2.0574194683578977,
    "soc_init_1": 23.67869674154655,
    "soc_init_2": 23.67869674154655,
    "soc_init_3": 23.67869674154655,
    "soc_init_4": 23.67869674154655,
    "soc_init_5": 23.67869674154655,
    "soc_init_6": 23.67869674154655,
    "soc_init_7": 23.67869674154655,
    "soc_init_8": 23.67869674154655,
    "soc_init_9": 23.67869674154655,
    "soc_init_10": 23.67869674154655,
    "soc_init_11": 23.67869674154655,
    "soc_init_12": 23.67869674154655,
    "soc_init_13": 23.67869674154655,
    "soc_init_14": 23.67869674154655,
    "cost": 0.5303543963280222,
    "device": "bPB00055",
    "cycle_start_time": "2022-11-02T20:26:25+00:00"
}