{
    "soc_min": 2,
    "soc_max": 98,
    "r1": 0.004621981654544672,
    "c1": 1999913.9274848092,
    "ir_a": 0.007155737603765764,
    "ir_b": 0.18755787767729024,
    "ir_c": 0.004040742198683543,
    "ir_d": 0.07932968336162462,
    "ir_e": 0.06075256171648187,
    "no_cells": 14,
    "cell_temp_init": 34.00010603130003,
    "amb_temp_celsius": 26.000334013982105,
    "bat_cell_cap": 66.0,
    "sohc_init_1": 54.07948461018331,
    "sohc_init_2": 54.07948461018331,
    "sohc_init_3": 54.07948461018331,
    "sohc_init_4": 54.07948461018331,
    "sohc_init_5": 54.07948461018331,
    "sohc_init_6": 54.07948461018331,
    "sohc_init_7": 54.07948461018331,
    "sohc_init_8": 54.07948461018331,
    "sohc_init_9": 54.07948461018331,
    "sohc_init_10": 54.07948461018331,
    "sohc_init_11": 54.07948461018331,
    "sohc_init_12": 54.07948461018331,
    "sohc_init_13": 54.07948461018331,
    "sohc_init_14": 54.07948461018331,
    "sohr_init_1": 1.1152936137114249,
    "sohr_init_2": 1.1152936137114249,
    "sohr_init_3": 1.1152936137114249,
    "sohr_init_4": 1.1152936137114249,
    "sohr_init_5": 1.1152936137114249,
    "sohr_init_6": 1.1152936137114249,
    "sohr_init_7": 1.1152936137114249,
    "sohr_init_8": 1.1152936137114249,
    "sohr_init_9": 1.1152936137114249,
    "sohr_init_10": 1.1152936137114249,
    "sohr_init_11": 1.1152936137114249,
    "sohr_init_12": 1.1152936137114249,
    "sohr_init_13": 1.1152936137114249,
    "sohr_init_14": 1.1152936137114249,
    "soc_init_1": 24.95842763638723,
    "soc_init_2": 24.95842763638723,
    "soc_init_3": 24.95842763638723,
    "soc_init_4": 24.95842763638723,
    "soc_init_5": 24.95842763638723,
    "soc_init_6": 24.95842763638723,
    "soc_init_7": 24.95842763638723,
    "soc_init_8": 24.95842763638723,
    "soc_init_9": 24.95842763638723,
    "soc_init_10": 24.95842763638723,
    "soc_init_11": 24.95842763638723,
    "soc_init_12": 24.95842763638723,
    "soc_init_13": 24.95842763638723,
    "soc_init_14": 24.95842763638723,
    "cost": 0.5383731297750988,
    "device": "bPB00055",
    "cycle_start_time": "2022-11-07T07:25:59+00:00"
}