{
    "soc_min": 2,
    "soc_max": 98,
    "r1": 0.0007290005388252847,
    "c1": 756293.7937552083,
    "ir_a": 0.0002597178521443473,
    "ir_b": 0.16411562449450284,
    "ir_c": 0.0014745578332672072,
    "ir_d": 0.06478187030123485,
    "ir_e": 0.07967125017058835,
    "no_cells": 14,
    "cell_temp_init": 36.00043022190973,
    "amb_temp_celsius": 28.000279673259556,
    "bat_cell_cap": 66.0,
    "sohc_init_1": 50.1784112072917,
    "sohc_init_2": 50.1784112072917,
    "sohc_init_3": 50.1784112072917,
    "sohc_init_4": 50.1784112072917,
    "sohc_init_5": 50.1784112072917,
    "sohc_init_6": 50.1784112072917,
    "sohc_init_7": 50.1784112072917,
    "sohc_init_8": 50.1784112072917,
    "sohc_init_9": 50.1784112072917,
    "sohc_init_10": 50.1784112072917,
    "sohc_init_11": 50.1784112072917,
    "sohc_init_12": 50.1784112072917,
    "sohc_init_13": 50.1784112072917,
    "sohc_init_14": 50.1784112072917,
    "sohr_init_1": 2.3289621828547302,
    "sohr_init_2": 2.3289621828547302,
    "sohr_init_3": 2.3289621828547302,
    "sohr_init_4": 2.3289621828547302,
    "sohr_init_5": 2.3289621828547302,
    "sohr_init_6": 2.3289621828547302,
    "sohr_init_7": 2.3289621828547302,
    "sohr_init_8": 2.3289621828547302,
    "sohr_init_9": 2.3289621828547302,
    "sohr_init_10": 2.3289621828547302,
    "sohr_init_11": 2.3289621828547302,
    "sohr_init_12": 2.3289621828547302,
    "sohr_init_13": 2.3289621828547302,
    "sohr_init_14": 2.3289621828547302,
    "soc_init_1": 23.79127356636828,
    "soc_init_2": 23.79127356636828,
    "soc_init_3": 23.79127356636828,
    "soc_init_4": 23.79127356636828,
    "soc_init_5": 23.79127356636828,
    "soc_init_6": 23.79127356636828,
    "soc_init_7": 23.79127356636828,
    "soc_init_8": 23.79127356636828,
    "soc_init_9": 23.79127356636828,
    "soc_init_10": 23.79127356636828,
    "soc_init_11": 23.79127356636828,
    "soc_init_12": 23.79127356636828,
    "soc_init_13": 23.79127356636828,
    "soc_init_14": 23.79127356636828,
    "cost": 0.548175702135721,
    "device": "bPB00055",
    "cycle_start_time": "2022-11-02T12:51:08+00:00"
}