{
    "soc_min": 2,
    "soc_max": 98,
    "r1": 0.0015725795925385427,
    "c1": 100333.94716881913,
    "ir_a": 0.0023194605903400444,
    "ir_b": 0.1810682445544471,
    "ir_c": 0.0009257085856748328,
    "ir_d": 0.0301628297418335,
    "ir_e": 0.5820131112294065,
    "no_cells": 14,
    "cell_temp_init": 36.00034374247852,
    "amb_temp_celsius": 28.000386845531295,
    "bat_cell_cap": 66.0,
    "sohc_init_1": 49.22934925840611,
    "sohc_init_2": 49.22934925840611,
    "sohc_init_3": 49.22934925840611,
    "sohc_init_4": 49.22934925840611,
    "sohc_init_5": 49.22934925840611,
    "sohc_init_6": 49.22934925840611,
    "sohc_init_7": 49.22934925840611,
    "sohc_init_8": 49.22934925840611,
    "sohc_init_9": 49.22934925840611,
    "sohc_init_10": 49.22934925840611,
    "sohc_init_11": 49.22934925840611,
    "sohc_init_12": 49.22934925840611,
    "sohc_init_13": 49.22934925840611,
    "sohc_init_14": 49.22934925840611,
    "sohr_init_1": 2.766752800460524,
    "sohr_init_2": 2.766752800460524,
    "sohr_init_3": 2.766752800460524,
    "sohr_init_4": 2.766752800460524,
    "sohr_init_5": 2.766752800460524,
    "sohr_init_6": 2.766752800460524,
    "sohr_init_7": 2.766752800460524,
    "sohr_init_8": 2.766752800460524,
    "sohr_init_9": 2.766752800460524,
    "sohr_init_10": 2.766752800460524,
    "sohr_init_11": 2.766752800460524,
    "sohr_init_12": 2.766752800460524,
    "sohr_init_13": 2.766752800460524,
    "sohr_init_14": 2.766752800460524,
    "soc_init_1": 26.15356536559248,
    "soc_init_2": 26.15356536559248,
    "soc_init_3": 26.15356536559248,
    "soc_init_4": 26.15356536559248,
    "soc_init_5": 26.15356536559248,
    "soc_init_6": 26.15356536559248,
    "soc_init_7": 26.15356536559248,
    "soc_init_8": 26.15356536559248,
    "soc_init_9": 26.15356536559248,
    "soc_init_10": 26.15356536559248,
    "soc_init_11": 26.15356536559248,
    "soc_init_12": 26.15356536559248,
    "soc_init_13": 26.15356536559248,
    "soc_init_14": 26.15356536559248,
    "cost": 0.5296069136334008,
    "device": "bPB00055",
    "cycle_start_time": "2022-11-10T09:40:32+00:00"
}