{
    "soc_min": 2,
    "soc_max": 98,
    "r1": 0.0014866675279326677,
    "c1": 125906.91058090808,
    "ir_a": 0.003748584062121403,
    "ir_b": 0.1638276820954718,
    "ir_c": 0.001671950757643935,
    "ir_d": 0.04125782208620137,
    "ir_e": 0.7643134128928502,
    "no_cells": 14,
    "cell_temp_init": 36.00038617713853,
    "amb_temp_celsius": 28.00093322989503,
    "bat_cell_cap": 66.0,
    "sohc_init_1": 49.184257779689815,
    "sohc_init_2": 49.184257779689815,
    "sohc_init_3": 49.184257779689815,
    "sohc_init_4": 49.184257779689815,
    "sohc_init_5": 49.184257779689815,
    "sohc_init_6": 49.184257779689815,
    "sohc_init_7": 49.184257779689815,
    "sohc_init_8": 49.184257779689815,
    "sohc_init_9": 49.184257779689815,
    "sohc_init_10": 49.184257779689815,
    "sohc_init_11": 49.184257779689815,
    "sohc_init_12": 49.184257779689815,
    "sohc_init_13": 49.184257779689815,
    "sohc_init_14": 49.184257779689815,
    "sohr_init_1": 1.5690685608533432,
    "sohr_init_2": 1.5690685608533432,
    "sohr_init_3": 1.5690685608533432,
    "sohr_init_4": 1.5690685608533432,
    "sohr_init_5": 1.5690685608533432,
    "sohr_init_6": 1.5690685608533432,
    "sohr_init_7": 1.5690685608533432,
    "sohr_init_8": 1.5690685608533432,
    "sohr_init_9": 1.5690685608533432,
    "sohr_init_10": 1.5690685608533432,
    "sohr_init_11": 1.5690685608533432,
    "sohr_init_12": 1.5690685608533432,
    "sohr_init_13": 1.5690685608533432,
    "sohr_init_14": 1.5690685608533432,
    "soc_init_1": 26.685804818897605,
    "soc_init_2": 26.685804818897605,
    "soc_init_3": 26.685804818897605,
    "soc_init_4": 26.685804818897605,
    "soc_init_5": 26.685804818897605,
    "soc_init_6": 26.685804818897605,
    "soc_init_7": 26.685804818897605,
    "soc_init_8": 26.685804818897605,
    "soc_init_9": 26.685804818897605,
    "soc_init_10": 26.685804818897605,
    "soc_init_11": 26.685804818897605,
    "soc_init_12": 26.685804818897605,
    "soc_init_13": 26.685804818897605,
    "soc_init_14": 26.685804818897605,
    "cost": 0.541838099150298,
    "device": "bPB00055",
    "cycle_start_time": "2022-11-14T12:31:11+00:00"
}