{
    "soc_min": 2,
    "soc_max": 98,
    "r1": 0.0012169216562378181,
    "c1": 306741.7416414765,
    "ir_a": 0.0006190427676667907,
    "ir_b": 0.19984400127970278,
    "ir_c": 0.001105665333260158,
    "ir_d": 0.03847178640852779,
    "ir_e": 0.9020209474792157,
    "no_cells": 14,
    "cell_temp_init": 37.00001510417953,
    "amb_temp_celsius": 29.000127852719867,
    "bat_cell_cap": 66.0,
    "sohc_init_1": 48.679696758153966,
    "sohc_init_2": 48.679696758153966,
    "sohc_init_3": 48.679696758153966,
    "sohc_init_4": 48.679696758153966,
    "sohc_init_5": 48.679696758153966,
    "sohc_init_6": 48.679696758153966,
    "sohc_init_7": 48.679696758153966,
    "sohc_init_8": 48.679696758153966,
    "sohc_init_9": 48.679696758153966,
    "sohc_init_10": 48.679696758153966,
    "sohc_init_11": 48.679696758153966,
    "sohc_init_12": 48.679696758153966,
    "sohc_init_13": 48.679696758153966,
    "sohc_init_14": 48.679696758153966,
    "sohr_init_1": 2.2760159324783134,
    "sohr_init_2": 2.2760159324783134,
    "sohr_init_3": 2.2760159324783134,
    "sohr_init_4": 2.2760159324783134,
    "sohr_init_5": 2.2760159324783134,
    "sohr_init_6": 2.2760159324783134,
    "sohr_init_7": 2.2760159324783134,
    "sohr_init_8": 2.2760159324783134,
    "sohr_init_9": 2.2760159324783134,
    "sohr_init_10": 2.2760159324783134,
    "sohr_init_11": 2.2760159324783134,
    "sohr_init_12": 2.2760159324783134,
    "sohr_init_13": 2.2760159324783134,
    "sohr_init_14": 2.2760159324783134,
    "soc_init_1": 27.46393895150974,
    "soc_init_2": 27.46393895150974,
    "soc_init_3": 27.46393895150974,
    "soc_init_4": 27.46393895150974,
    "soc_init_5": 27.46393895150974,
    "soc_init_6": 27.46393895150974,
    "soc_init_7": 27.46393895150974,
    "soc_init_8": 27.46393895150974,
    "soc_init_9": 27.46393895150974,
    "soc_init_10": 27.46393895150974,
    "soc_init_11": 27.46393895150974,
    "soc_init_12": 27.46393895150974,
    "soc_init_13": 27.46393895150974,
    "soc_init_14": 27.46393895150974,
    "cost": 0.6412941925396779,
    "device": "bPB00055",
    "cycle_start_time": "2022-11-16T06:55:06+00:00"
}