{
    "soc_min": 2,
    "soc_max": 98,
    "r1": 0.0014487129076773899,
    "c1": 100394.72232391886,
    "ir_a": 0.00010901191908893521,
    "ir_b": 0.16319893787576603,
    "ir_c": 0.0016236839541421476,
    "ir_d": 0.09992423960398349,
    "ir_e": 0.9920883048159331,
    "no_cells": 14,
    "cell_temp_init": 36.00074111621197,
    "amb_temp_celsius": 28.00029728114594,
    "bat_cell_cap": 66.0,
    "sohc_init_1": 49.08029213841457,
    "sohc_init_2": 49.08029213841457,
    "sohc_init_3": 49.08029213841457,
    "sohc_init_4": 49.08029213841457,
    "sohc_init_5": 49.08029213841457,
    "sohc_init_6": 49.08029213841457,
    "sohc_init_7": 49.08029213841457,
    "sohc_init_8": 49.08029213841457,
    "sohc_init_9": 49.08029213841457,
    "sohc_init_10": 49.08029213841457,
    "sohc_init_11": 49.08029213841457,
    "sohc_init_12": 49.08029213841457,
    "sohc_init_13": 49.08029213841457,
    "sohc_init_14": 49.08029213841457,
    "sohr_init_1": 1.606585538581502,
    "sohr_init_2": 1.606585538581502,
    "sohr_init_3": 1.606585538581502,
    "sohr_init_4": 1.606585538581502,
    "sohr_init_5": 1.606585538581502,
    "sohr_init_6": 1.606585538581502,
    "sohr_init_7": 1.606585538581502,
    "sohr_init_8": 1.606585538581502,
    "sohr_init_9": 1.606585538581502,
    "sohr_init_10": 1.606585538581502,
    "sohr_init_11": 1.606585538581502,
    "sohr_init_12": 1.606585538581502,
    "sohr_init_13": 1.606585538581502,
    "sohr_init_14": 1.606585538581502,
    "soc_init_1": 23.185202831912438,
    "soc_init_2": 23.185202831912438,
    "soc_init_3": 23.185202831912438,
    "soc_init_4": 23.185202831912438,
    "soc_init_5": 23.185202831912438,
    "soc_init_6": 23.185202831912438,
    "soc_init_7": 23.185202831912438,
    "soc_init_8": 23.185202831912438,
    "soc_init_9": 23.185202831912438,
    "soc_init_10": 23.185202831912438,
    "soc_init_11": 23.185202831912438,
    "soc_init_12": 23.185202831912438,
    "soc_init_13": 23.185202831912438,
    "soc_init_14": 23.185202831912438,
    "cost": 0.5018830682747455,
    "device": "bPB00055",
    "cycle_start_time": "2022-11-07T16:43:30+00:00"
}