{
    "soc_min": 2,
    "soc_max": 98,
    "r1": 0.019936613329884473,
    "c1": 1806484.969303444,
    "ir_a": 0.009984517251027432,
    "ir_b": 0.19480940093579843,
    "ir_c": 1.0095192475920479e-05,
    "ir_d": 0.09018120268089579,
    "ir_e": 0.9885956979470695,
    "no_cells": 14,
    "cell_temp_init": 42.2846373868549,
    "amb_temp_celsius": 34.04507096522455,
    "bat_cell_cap": 66.0,
    "sohc_init_1": 50.10089288726531,
    "sohc_init_2": 50.10089288726531,
    "sohc_init_3": 50.10089288726531,
    "sohc_init_4": 50.10089288726531,
    "sohc_init_5": 50.10089288726531,
    "sohc_init_6": 50.10089288726531,
    "sohc_init_7": 50.10089288726531,
    "sohc_init_8": 50.10089288726531,
    "sohc_init_9": 50.10089288726531,
    "sohc_init_10": 50.10089288726531,
    "sohc_init_11": 50.10089288726531,
    "sohc_init_12": 50.10089288726531,
    "sohc_init_13": 50.10089288726531,
    "sohc_init_14": 50.10089288726531,
    "sohr_init_1": 2.9911016428199773,
    "sohr_init_2": 2.9911016428199773,
    "sohr_init_3": 2.9911016428199773,
    "sohr_init_4": 2.9911016428199773,
    "sohr_init_5": 2.9911016428199773,
    "sohr_init_6": 2.9911016428199773,
    "sohr_init_7": 2.9911016428199773,
    "sohr_init_8": 2.9911016428199773,
    "sohr_init_9": 2.9911016428199773,
    "sohr_init_10": 2.9911016428199773,
    "sohr_init_11": 2.9911016428199773,
    "sohr_init_12": 2.9911016428199773,
    "sohr_init_13": 2.9911016428199773,
    "sohr_init_14": 2.9911016428199773,
    "soc_init_1": 23.28767319982019,
    "soc_init_2": 23.28767319982019,
    "soc_init_3": 23.28767319982019,
    "soc_init_4": 23.28767319982019,
    "soc_init_5": 23.28767319982019,
    "soc_init_6": 23.28767319982019,
    "soc_init_7": 23.28767319982019,
    "soc_init_8": 23.28767319982019,
    "soc_init_9": 23.28767319982019,
    "soc_init_10": 23.28767319982019,
    "soc_init_11": 23.28767319982019,
    "soc_init_12": 23.28767319982019,
    "soc_init_13": 23.28767319982019,
    "soc_init_14": 23.28767319982019,
    "cost": 0.7383652973189697,
    "device": "bPB00055",
    "cycle_start_time": "2022-09-09T04:57:31+00:00"
}