{
    "soc_min": 2,
    "soc_max": 98,
    "r1": 0.008390114783516773,
    "c1": 152043.2839155728,
    "ir_a": 0.008766214354259616,
    "ir_b": 0.16755221446989632,
    "ir_c": 0.0015273136777604268,
    "ir_d": 0.09884297821176567,
    "ir_e": 0.9976109945942113,
    "no_cells": 14,
    "cell_temp_init": 36.000167675598625,
    "amb_temp_celsius": 28.25779712090896,
    "bat_cell_cap": 66.0,
    "sohc_init_1": 45.00077826982809,
    "sohc_init_2": 45.00077826982809,
    "sohc_init_3": 45.00077826982809,
    "sohc_init_4": 45.00077826982809,
    "sohc_init_5": 45.00077826982809,
    "sohc_init_6": 45.00077826982809,
    "sohc_init_7": 45.00077826982809,
    "sohc_init_8": 45.00077826982809,
    "sohc_init_9": 45.00077826982809,
    "sohc_init_10": 45.00077826982809,
    "sohc_init_11": 45.00077826982809,
    "sohc_init_12": 45.00077826982809,
    "sohc_init_13": 45.00077826982809,
    "sohc_init_14": 45.00077826982809,
    "sohr_init_1": 2.9971482671462812,
    "sohr_init_2": 2.9971482671462812,
    "sohr_init_3": 2.9971482671462812,
    "sohr_init_4": 2.9971482671462812,
    "sohr_init_5": 2.9971482671462812,
    "sohr_init_6": 2.9971482671462812,
    "sohr_init_7": 2.9971482671462812,
    "sohr_init_8": 2.9971482671462812,
    "sohr_init_9": 2.9971482671462812,
    "sohr_init_10": 2.9971482671462812,
    "sohr_init_11": 2.9971482671462812,
    "sohr_init_12": 2.9971482671462812,
    "sohr_init_13": 2.9971482671462812,
    "sohr_init_14": 2.9971482671462812,
    "soc_init_1": 9.90824112253726,
    "soc_init_2": 9.90824112253726,
    "soc_init_3": 9.90824112253726,
    "soc_init_4": 9.90824112253726,
    "soc_init_5": 9.90824112253726,
    "soc_init_6": 9.90824112253726,
    "soc_init_7": 9.90824112253726,
    "soc_init_8": 9.90824112253726,
    "soc_init_9": 9.90824112253726,
    "soc_init_10": 9.90824112253726,
    "soc_init_11": 9.90824112253726,
    "soc_init_12": 9.90824112253726,
    "soc_init_13": 9.90824112253726,
    "soc_init_14": 9.90824112253726,
    "cost": 1.3271741720646628,
    "device": "bPB00055",
    "cycle_start_time": "2022-11-16T18:18:33+00:00"
}