{
    "soc_min": 2,
    "soc_max": 98,
    "r1": 0.0001455558562571919,
    "c1": 671697.6369169912,
    "ir_a": 0.004662226327880339,
    "ir_b": 0.1811290738272336,
    "ir_c": 0.0010657843205784823,
    "ir_d": 0.09999254117562341,
    "ir_e": 0.999567409299046,
    "no_cells": 14,
    "cell_temp_init": 25.17527217996731,
    "amb_temp_celsius": 22.40503135861767,
    "bat_cell_cap": 66.0,
    "sohc_init_1": 60.81691190931457,
    "sohc_init_2": 60.81691190931457,
    "sohc_init_3": 60.81691190931457,
    "sohc_init_4": 60.81691190931457,
    "sohc_init_5": 60.81691190931457,
    "sohc_init_6": 60.81691190931457,
    "sohc_init_7": 60.81691190931457,
    "sohc_init_8": 60.81691190931457,
    "sohc_init_9": 60.81691190931457,
    "sohc_init_10": 60.81691190931457,
    "sohc_init_11": 60.81691190931457,
    "sohc_init_12": 60.81691190931457,
    "sohc_init_13": 60.81691190931457,
    "sohc_init_14": 60.81691190931457,
    "sohr_init_1": 1.7996183107205215,
    "sohr_init_2": 1.7996183107205215,
    "sohr_init_3": 1.7996183107205215,
    "sohr_init_4": 1.7996183107205215,
    "sohr_init_5": 1.7996183107205215,
    "sohr_init_6": 1.7996183107205215,
    "sohr_init_7": 1.7996183107205215,
    "sohr_init_8": 1.7996183107205215,
    "sohr_init_9": 1.7996183107205215,
    "sohr_init_10": 1.7996183107205215,
    "sohr_init_11": 1.7996183107205215,
    "sohr_init_12": 1.7996183107205215,
    "sohr_init_13": 1.7996183107205215,
    "sohr_init_14": 1.7996183107205215,
    "soc_init_1": 12.279946030729795,
    "soc_init_2": 12.279946030729795,
    "soc_init_3": 12.279946030729795,
    "soc_init_4": 12.279946030729795,
    "soc_init_5": 12.279946030729795,
    "soc_init_6": 12.279946030729795,
    "soc_init_7": 12.279946030729795,
    "soc_init_8": 12.279946030729795,
    "soc_init_9": 12.279946030729795,
    "soc_init_10": 12.279946030729795,
    "soc_init_11": 12.279946030729795,
    "soc_init_12": 12.279946030729795,
    "soc_init_13": 12.279946030729795,
    "soc_init_14": 12.279946030729795,
    "cost": 0.24178902672771793,
    "device": "bPB00055",
    "cycle_start_time": "2021-08-09T08:53:30+00:00"
}