{
    "soc_min": 2,
    "soc_max": 98,
    "r1": 0.01312778153055473,
    "c1": 1474972.9470806818,
    "ir_a": 0.00961502867461694,
    "ir_b": 0.19526879317055526,
    "ir_c": 0.0003385236637140551,
    "ir_d": 0.0954164353337082,
    "ir_e": 0.9937609688830814,
    "no_cells": 14,
    "cell_temp_init": 46.45912147238852,
    "amb_temp_celsius": 35.88152933095718,
    "bat_cell_cap": 66.0,
    "sohc_init_1": 48.748384171436165,
    "sohc_init_2": 48.748384171436165,
    "sohc_init_3": 48.748384171436165,
    "sohc_init_4": 48.748384171436165,
    "sohc_init_5": 48.748384171436165,
    "sohc_init_6": 48.748384171436165,
    "sohc_init_7": 48.748384171436165,
    "sohc_init_8": 48.748384171436165,
    "sohc_init_9": 48.748384171436165,
    "sohc_init_10": 48.748384171436165,
    "sohc_init_11": 48.748384171436165,
    "sohc_init_12": 48.748384171436165,
    "sohc_init_13": 48.748384171436165,
    "sohc_init_14": 48.748384171436165,
    "sohr_init_1": 1.1155323949485105,
    "sohr_init_2": 1.1155323949485105,
    "sohr_init_3": 1.1155323949485105,
    "sohr_init_4": 1.1155323949485105,
    "sohr_init_5": 1.1155323949485105,
    "sohr_init_6": 1.1155323949485105,
    "sohr_init_7": 1.1155323949485105,
    "sohr_init_8": 1.1155323949485105,
    "sohr_init_9": 1.1155323949485105,
    "sohr_init_10": 1.1155323949485105,
    "sohr_init_11": 1.1155323949485105,
    "sohr_init_12": 1.1155323949485105,
    "sohr_init_13": 1.1155323949485105,
    "sohr_init_14": 1.1155323949485105,
    "soc_init_1": 55.18928962949003,
    "soc_init_2": 55.18928962949003,
    "soc_init_3": 55.18928962949003,
    "soc_init_4": 55.18928962949003,
    "soc_init_5": 55.18928962949003,
    "soc_init_6": 55.18928962949003,
    "soc_init_7": 55.18928962949003,
    "soc_init_8": 55.18928962949003,
    "soc_init_9": 55.18928962949003,
    "soc_init_10": 55.18928962949003,
    "soc_init_11": 55.18928962949003,
    "soc_init_12": 55.18928962949003,
    "soc_init_13": 55.18928962949003,
    "soc_init_14": 55.18928962949003,
    "cost": 0.9066259134370531,
    "device": "bPB00055",
    "cycle_start_time": "2022-07-08T07:24:05+00:00"
}