{
    "soc_min": 2,
    "soc_max": 98,
    "r1": 0.0007948020385794058,
    "c1": 413374.20765276556,
    "ir_a": 0.003487403481945489,
    "ir_b": 0.18997503474698843,
    "ir_c": 0.0015025185713593528,
    "ir_d": 0.056057521097327825,
    "ir_e": 0.34370425497492535,
    "no_cells": 14,
    "cell_temp_init": 37.00000094193158,
    "amb_temp_celsius": 29.000814357277036,
    "bat_cell_cap": 66.0,
    "sohc_init_1": 48.2621000792092,
    "sohc_init_2": 48.2621000792092,
    "sohc_init_3": 48.2621000792092,
    "sohc_init_4": 48.2621000792092,
    "sohc_init_5": 48.2621000792092,
    "sohc_init_6": 48.2621000792092,
    "sohc_init_7": 48.2621000792092,
    "sohc_init_8": 48.2621000792092,
    "sohc_init_9": 48.2621000792092,
    "sohc_init_10": 48.2621000792092,
    "sohc_init_11": 48.2621000792092,
    "sohc_init_12": 48.2621000792092,
    "sohc_init_13": 48.2621000792092,
    "sohc_init_14": 48.2621000792092,
    "sohr_init_1": 1.9062263104677326,
    "sohr_init_2": 1.9062263104677326,
    "sohr_init_3": 1.9062263104677326,
    "sohr_init_4": 1.9062263104677326,
    "sohr_init_5": 1.9062263104677326,
    "sohr_init_6": 1.9062263104677326,
    "sohr_init_7": 1.9062263104677326,
    "sohr_init_8": 1.9062263104677326,
    "sohr_init_9": 1.9062263104677326,
    "sohr_init_10": 1.9062263104677326,
    "sohr_init_11": 1.9062263104677326,
    "sohr_init_12": 1.9062263104677326,
    "sohr_init_13": 1.9062263104677326,
    "sohr_init_14": 1.9062263104677326,
    "soc_init_1": 28.0761142070998,
    "soc_init_2": 28.0761142070998,
    "soc_init_3": 28.0761142070998,
    "soc_init_4": 28.0761142070998,
    "soc_init_5": 28.0761142070998,
    "soc_init_6": 28.0761142070998,
    "soc_init_7": 28.0761142070998,
    "soc_init_8": 28.0761142070998,
    "soc_init_9": 28.0761142070998,
    "soc_init_10": 28.0761142070998,
    "soc_init_11": 28.0761142070998,
    "soc_init_12": 28.0761142070998,
    "soc_init_13": 28.0761142070998,
    "soc_init_14": 28.0761142070998,
    "cost": 0.6174814419130226,
    "device": "bPB00055",
    "cycle_start_time": "2022-11-16T14:30:10+00:00"
}