{
    "soc_min": 2,
    "soc_max": 98,
    "r1": 0.001623512943240936,
    "c1": 721220.4463731397,
    "ir_a": 0.009999467214537342,
    "ir_b": 0.1089116958475122,
    "ir_c": 0.00035503747990252294,
    "ir_d": 0.010200437530417168,
    "ir_e": 0.038612282821740555,
    "no_cells": 14,
    "cell_temp_init": 41.001715113714766,
    "amb_temp_celsius": 33.00678389637485,
    "bat_cell_cap": 66.0,
    "sohc_init_1": 55.72005175637857,
    "sohc_init_2": 55.72005175637857,
    "sohc_init_3": 55.72005175637857,
    "sohc_init_4": 55.72005175637857,
    "sohc_init_5": 55.72005175637857,
    "sohc_init_6": 55.72005175637857,
    "sohc_init_7": 55.72005175637857,
    "sohc_init_8": 55.72005175637857,
    "sohc_init_9": 55.72005175637857,
    "sohc_init_10": 55.72005175637857,
    "sohc_init_11": 55.72005175637857,
    "sohc_init_12": 55.72005175637857,
    "sohc_init_13": 55.72005175637857,
    "sohc_init_14": 55.72005175637857,
    "sohr_init_1": 1.791807264072181,
    "sohr_init_2": 1.791807264072181,
    "sohr_init_3": 1.791807264072181,
    "sohr_init_4": 1.791807264072181,
    "sohr_init_5": 1.791807264072181,
    "sohr_init_6": 1.791807264072181,
    "sohr_init_7": 1.791807264072181,
    "sohr_init_8": 1.791807264072181,
    "sohr_init_9": 1.791807264072181,
    "sohr_init_10": 1.791807264072181,
    "sohr_init_11": 1.791807264072181,
    "sohr_init_12": 1.791807264072181,
    "sohr_init_13": 1.791807264072181,
    "sohr_init_14": 1.791807264072181,
    "soc_init_1": 14.452793077153542,
    "soc_init_2": 14.452793077153542,
    "soc_init_3": 14.452793077153542,
    "soc_init_4": 14.452793077153542,
    "soc_init_5": 14.452793077153542,
    "soc_init_6": 14.452793077153542,
    "soc_init_7": 14.452793077153542,
    "soc_init_8": 14.452793077153542,
    "soc_init_9": 14.452793077153542,
    "soc_init_10": 14.452793077153542,
    "soc_init_11": 14.452793077153542,
    "soc_init_12": 14.452793077153542,
    "soc_init_13": 14.452793077153542,
    "soc_init_14": 14.452793077153542,
    "cost": 0.6782166959517366,
    "device": "bPB00055",
    "cycle_start_time": "2022-08-18T13:21:22+00:00"
}