{
    "soc_min": 2,
    "soc_max": 98,
    "r1": 0.01999654242344849,
    "c1": 1998907.4667220945,
    "ir_a": 0.009993240898529047,
    "ir_b": 0.10626994015519595,
    "ir_c": 0.00177701011701986,
    "ir_d": 0.012456529897947176,
    "ir_e": 0.015515626337015961,
    "no_cells": 14,
    "cell_temp_init": 32.00022082330026,
    "amb_temp_celsius": 24.0154764285423,
    "bat_cell_cap": 66.0,
    "sohc_init_1": 71.93083064055456,
    "sohc_init_2": 71.93083064055456,
    "sohc_init_3": 71.93083064055456,
    "sohc_init_4": 71.93083064055456,
    "sohc_init_5": 71.93083064055456,
    "sohc_init_6": 71.93083064055456,
    "sohc_init_7": 71.93083064055456,
    "sohc_init_8": 71.93083064055456,
    "sohc_init_9": 71.93083064055456,
    "sohc_init_10": 71.93083064055456,
    "sohc_init_11": 71.93083064055456,
    "sohc_init_12": 71.93083064055456,
    "sohc_init_13": 71.93083064055456,
    "sohc_init_14": 71.93083064055456,
    "sohr_init_1": 1.2819790781346434,
    "sohr_init_2": 1.2819790781346434,
    "sohr_init_3": 1.2819790781346434,
    "sohr_init_4": 1.2819790781346434,
    "sohr_init_5": 1.2819790781346434,
    "sohr_init_6": 1.2819790781346434,
    "sohr_init_7": 1.2819790781346434,
    "sohr_init_8": 1.2819790781346434,
    "sohr_init_9": 1.2819790781346434,
    "sohr_init_10": 1.2819790781346434,
    "sohr_init_11": 1.2819790781346434,
    "sohr_init_12": 1.2819790781346434,
    "sohr_init_13": 1.2819790781346434,
    "sohr_init_14": 1.2819790781346434,
    "soc_init_1": 11.457121060347612,
    "soc_init_2": 11.457121060347612,
    "soc_init_3": 11.457121060347612,
    "soc_init_4": 11.457121060347612,
    "soc_init_5": 11.457121060347612,
    "soc_init_6": 11.457121060347612,
    "soc_init_7": 11.457121060347612,
    "soc_init_8": 11.457121060347612,
    "soc_init_9": 11.457121060347612,
    "soc_init_10": 11.457121060347612,
    "soc_init_11": 11.457121060347612,
    "soc_init_12": 11.457121060347612,
    "soc_init_13": 11.457121060347612,
    "soc_init_14": 11.457121060347612,
    "cost": 0.21307433802914233,
    "device": "bPB00055",
    "cycle_start_time": "2021-11-01T17:39:57+00:00"
}