{
    "soc_min": 2,
    "soc_max": 98,
    "r1": 0.012596354970267004,
    "c1": 1999288.6943054348,
    "ir_a": 0.00013013216654192403,
    "ir_b": 0.18060092022346524,
    "ir_c": 0.0025011513741131693,
    "ir_d": 0.033272548270979245,
    "ir_e": 0.6067891192383091,
    "no_cells": 14,
    "cell_temp_init": 36.00011270872627,
    "amb_temp_celsius": 28.001618411618974,
    "bat_cell_cap": 66.0,
    "sohc_init_1": 56.235818004962596,
    "sohc_init_2": 56.235818004962596,
    "sohc_init_3": 56.235818004962596,
    "sohc_init_4": 56.235818004962596,
    "sohc_init_5": 56.235818004962596,
    "sohc_init_6": 56.235818004962596,
    "sohc_init_7": 56.235818004962596,
    "sohc_init_8": 56.235818004962596,
    "sohc_init_9": 56.235818004962596,
    "sohc_init_10": 56.235818004962596,
    "sohc_init_11": 56.235818004962596,
    "sohc_init_12": 56.235818004962596,
    "sohc_init_13": 56.235818004962596,
    "sohc_init_14": 56.235818004962596,
    "sohr_init_1": 1.542269718122455,
    "sohr_init_2": 1.542269718122455,
    "sohr_init_3": 1.542269718122455,
    "sohr_init_4": 1.542269718122455,
    "sohr_init_5": 1.542269718122455,
    "sohr_init_6": 1.542269718122455,
    "sohr_init_7": 1.542269718122455,
    "sohr_init_8": 1.542269718122455,
    "sohr_init_9": 1.542269718122455,
    "sohr_init_10": 1.542269718122455,
    "sohr_init_11": 1.542269718122455,
    "sohr_init_12": 1.542269718122455,
    "sohr_init_13": 1.542269718122455,
    "sohr_init_14": 1.542269718122455,
    "soc_init_1": 23.643336273071682,
    "soc_init_2": 23.643336273071682,
    "soc_init_3": 23.643336273071682,
    "soc_init_4": 23.643336273071682,
    "soc_init_5": 23.643336273071682,
    "soc_init_6": 23.643336273071682,
    "soc_init_7": 23.643336273071682,
    "soc_init_8": 23.643336273071682,
    "soc_init_9": 23.643336273071682,
    "soc_init_10": 23.643336273071682,
    "soc_init_11": 23.643336273071682,
    "soc_init_12": 23.643336273071682,
    "soc_init_13": 23.643336273071682,
    "soc_init_14": 23.643336273071682,
    "cost": 0.5565045194609842,
    "device": "bPB00055",
    "cycle_start_time": "2022-10-31T00:19:30+00:00"
}