{
    "soc_min": 2,
    "soc_max": 98,
    "r1": 0.0016328920070511732,
    "c1": 482124.7758454378,
    "ir_a": 0.000993167802894006,
    "ir_b": 0.027731162813916688,
    "ir_c": 1.0156151298539588e-05,
    "ir_d": 0.09986032422283518,
    "ir_e": 0.9991951728915682,
    "no_cells": 14,
    "cell_temp_init": 25.81427329411665,
    "amb_temp_celsius": 17.48910275003466,
    "bat_cell_cap": 66.0,
    "sohc_init_1": 69.0240853981054,
    "sohc_init_2": 69.0240853981054,
    "sohc_init_3": 69.0240853981054,
    "sohc_init_4": 69.0240853981054,
    "sohc_init_5": 69.0240853981054,
    "sohc_init_6": 69.0240853981054,
    "sohc_init_7": 69.0240853981054,
    "sohc_init_8": 69.0240853981054,
    "sohc_init_9": 69.0240853981054,
    "sohc_init_10": 69.0240853981054,
    "sohc_init_11": 69.0240853981054,
    "sohc_init_12": 69.0240853981054,
    "sohc_init_13": 69.0240853981054,
    "sohc_init_14": 69.0240853981054,
    "sohr_init_1": 2.717220343061009,
    "sohr_init_2": 2.717220343061009,
    "sohr_init_3": 2.717220343061009,
    "sohr_init_4": 2.717220343061009,
    "sohr_init_5": 2.717220343061009,
    "sohr_init_6": 2.717220343061009,
    "sohr_init_7": 2.717220343061009,
    "sohr_init_8": 2.717220343061009,
    "sohr_init_9": 2.717220343061009,
    "sohr_init_10": 2.717220343061009,
    "sohr_init_11": 2.717220343061009,
    "sohr_init_12": 2.717220343061009,
    "sohr_init_13": 2.717220343061009,
    "sohr_init_14": 2.717220343061009,
    "soc_init_1": 5.393718360742984,
    "soc_init_2": 5.393718360742984,
    "soc_init_3": 5.393718360742984,
    "soc_init_4": 5.393718360742984,
    "soc_init_5": 5.393718360742984,
    "soc_init_6": 5.393718360742984,
    "soc_init_7": 5.393718360742984,
    "soc_init_8": 5.393718360742984,
    "soc_init_9": 5.393718360742984,
    "soc_init_10": 5.393718360742984,
    "soc_init_11": 5.393718360742984,
    "soc_init_12": 5.393718360742984,
    "soc_init_13": 5.393718360742984,
    "soc_init_14": 5.393718360742984,
    "cost": 0.22027041055027027,
    "device": "bPB00055",
    "cycle_start_time": "2021-07-05T10:02:28+00:00"
}