{
    "soc_min": 2,
    "soc_max": 98,
    "r1": 0.0006297727886084405,
    "c1": 260251.0786884913,
    "ir_a": 0.008781228303121709,
    "ir_b": 0.13933010901810694,
    "ir_c": 0.0020812531003626764,
    "ir_d": 0.09712556217677559,
    "ir_e": 0.5003747867970422,
    "no_cells": 14,
    "cell_temp_init": 36.000066650496414,
    "amb_temp_celsius": 28.002999540868046,
    "bat_cell_cap": 66.0,
    "sohc_init_1": 64.49687912745509,
    "sohc_init_2": 64.49687912745509,
    "sohc_init_3": 64.49687912745509,
    "sohc_init_4": 64.49687912745509,
    "sohc_init_5": 64.49687912745509,
    "sohc_init_6": 64.49687912745509,
    "sohc_init_7": 64.49687912745509,
    "sohc_init_8": 64.49687912745509,
    "sohc_init_9": 64.49687912745509,
    "sohc_init_10": 64.49687912745509,
    "sohc_init_11": 64.49687912745509,
    "sohc_init_12": 64.49687912745509,
    "sohc_init_13": 64.49687912745509,
    "sohc_init_14": 64.49687912745509,
    "sohr_init_1": 1.1215498284623187,
    "sohr_init_2": 1.1215498284623187,
    "sohr_init_3": 1.1215498284623187,
    "sohr_init_4": 1.1215498284623187,
    "sohr_init_5": 1.1215498284623187,
    "sohr_init_6": 1.1215498284623187,
    "sohr_init_7": 1.1215498284623187,
    "sohr_init_8": 1.1215498284623187,
    "sohr_init_9": 1.1215498284623187,
    "sohr_init_10": 1.1215498284623187,
    "sohr_init_11": 1.1215498284623187,
    "sohr_init_12": 1.1215498284623187,
    "sohr_init_13": 1.1215498284623187,
    "sohr_init_14": 1.1215498284623187,
    "soc_init_1": 11.102840284142633,
    "soc_init_2": 11.102840284142633,
    "soc_init_3": 11.102840284142633,
    "soc_init_4": 11.102840284142633,
    "soc_init_5": 11.102840284142633,
    "soc_init_6": 11.102840284142633,
    "soc_init_7": 11.102840284142633,
    "soc_init_8": 11.102840284142633,
    "soc_init_9": 11.102840284142633,
    "soc_init_10": 11.102840284142633,
    "soc_init_11": 11.102840284142633,
    "soc_init_12": 11.102840284142633,
    "soc_init_13": 11.102840284142633,
    "soc_init_14": 11.102840284142633,
    "cost": 0.23635803217482212,
    "device": "bPB00055",
    "cycle_start_time": "2021-10-01T22:50:14+00:00"
}