{
    "soc_min": 2,
    "soc_max": 98,
    "r1": 0.01346734683125932,
    "c1": 1999276.5090163616,
    "ir_a": 0.0028751949227460074,
    "ir_b": 0.1813951122328314,
    "ir_c": 0.004063658223752453,
    "ir_d": 0.07997474751148252,
    "ir_e": 0.3732512274775048,
    "no_cells": 14,
    "cell_temp_init": 35.00040308050857,
    "amb_temp_celsius": 27.00418197257735,
    "bat_cell_cap": 66.0,
    "sohc_init_1": 55.579873251011044,
    "sohc_init_2": 55.579873251011044,
    "sohc_init_3": 55.579873251011044,
    "sohc_init_4": 55.579873251011044,
    "sohc_init_5": 55.579873251011044,
    "sohc_init_6": 55.579873251011044,
    "sohc_init_7": 55.579873251011044,
    "sohc_init_8": 55.579873251011044,
    "sohc_init_9": 55.579873251011044,
    "sohc_init_10": 55.579873251011044,
    "sohc_init_11": 55.579873251011044,
    "sohc_init_12": 55.579873251011044,
    "sohc_init_13": 55.579873251011044,
    "sohc_init_14": 55.579873251011044,
    "sohr_init_1": 1.0440002691889088,
    "sohr_init_2": 1.0440002691889088,
    "sohr_init_3": 1.0440002691889088,
    "sohr_init_4": 1.0440002691889088,
    "sohr_init_5": 1.0440002691889088,
    "sohr_init_6": 1.0440002691889088,
    "sohr_init_7": 1.0440002691889088,
    "sohr_init_8": 1.0440002691889088,
    "sohr_init_9": 1.0440002691889088,
    "sohr_init_10": 1.0440002691889088,
    "sohr_init_11": 1.0440002691889088,
    "sohr_init_12": 1.0440002691889088,
    "sohr_init_13": 1.0440002691889088,
    "sohr_init_14": 1.0440002691889088,
    "soc_init_1": 26.14216190991901,
    "soc_init_2": 26.14216190991901,
    "soc_init_3": 26.14216190991901,
    "soc_init_4": 26.14216190991901,
    "soc_init_5": 26.14216190991901,
    "soc_init_6": 26.14216190991901,
    "soc_init_7": 26.14216190991901,
    "soc_init_8": 26.14216190991901,
    "soc_init_9": 26.14216190991901,
    "soc_init_10": 26.14216190991901,
    "soc_init_11": 26.14216190991901,
    "soc_init_12": 26.14216190991901,
    "soc_init_13": 26.14216190991901,
    "soc_init_14": 26.14216190991901,
    "cost": 0.5602838175894864,
    "device": "bPB00055",
    "cycle_start_time": "2022-11-09T10:55:39+00:00"
}