{
    "soc_min": 2,
    "soc_max": 98,
    "r1": 0.019999725029023474,
    "c1": 241759.1100857013,
    "ir_a": 0.0038765457886953706,
    "ir_b": 0.19169863838647824,
    "ir_c": 0.002685841987216685,
    "ir_d": 0.08672269221142163,
    "ir_e": 0.04380958095283191,
    "no_cells": 14,
    "cell_temp_init": 41.40533091126882,
    "amb_temp_celsius": 33.00556456909085,
    "bat_cell_cap": 66.0,
    "sohc_init_1": 79.63182820095682,
    "sohc_init_2": 79.63182820095682,
    "sohc_init_3": 79.63182820095682,
    "sohc_init_4": 79.63182820095682,
    "sohc_init_5": 79.63182820095682,
    "sohc_init_6": 79.63182820095682,
    "sohc_init_7": 79.63182820095682,
    "sohc_init_8": 79.63182820095682,
    "sohc_init_9": 79.63182820095682,
    "sohc_init_10": 79.63182820095682,
    "sohc_init_11": 79.63182820095682,
    "sohc_init_12": 79.63182820095682,
    "sohc_init_13": 79.63182820095682,
    "sohc_init_14": 79.63182820095682,
    "sohr_init_1": 1.2247377571238207,
    "sohr_init_2": 1.2247377571238207,
    "sohr_init_3": 1.2247377571238207,
    "sohr_init_4": 1.2247377571238207,
    "sohr_init_5": 1.2247377571238207,
    "sohr_init_6": 1.2247377571238207,
    "sohr_init_7": 1.2247377571238207,
    "sohr_init_8": 1.2247377571238207,
    "sohr_init_9": 1.2247377571238207,
    "sohr_init_10": 1.2247377571238207,
    "sohr_init_11": 1.2247377571238207,
    "sohr_init_12": 1.2247377571238207,
    "sohr_init_13": 1.2247377571238207,
    "sohr_init_14": 1.2247377571238207,
    "soc_init_1": 47.08856977462408,
    "soc_init_2": 47.08856977462408,
    "soc_init_3": 47.08856977462408,
    "soc_init_4": 47.08856977462408,
    "soc_init_5": 47.08856977462408,
    "soc_init_6": 47.08856977462408,
    "soc_init_7": 47.08856977462408,
    "soc_init_8": 47.08856977462408,
    "soc_init_9": 47.08856977462408,
    "soc_init_10": 47.08856977462408,
    "soc_init_11": 47.08856977462408,
    "soc_init_12": 47.08856977462408,
    "soc_init_13": 47.08856977462408,
    "soc_init_14": 47.08856977462408,
    "cost": 1.9765606920850183,
    "device": "bPB00055",
    "cycle_start_time": "2021-11-08T09:50:04+00:00"
}