{
    "soc_min": 2,
    "soc_max": 98,
    "r1": 0.011133016414277636,
    "c1": 1994941.8371310579,
    "ir_a": 0.0057589599924488385,
    "ir_b": 0.0785966267752407,
    "ir_c": 0.000334819515839699,
    "ir_d": 0.06294463801661285,
    "ir_e": 0.6245714722953516,
    "no_cells": 14,
    "cell_temp_init": 43.024041784380245,
    "amb_temp_celsius": 34.030069238330945,
    "bat_cell_cap": 66.0,
    "sohc_init_1": 51.63846803733735,
    "sohc_init_2": 51.63846803733735,
    "sohc_init_3": 51.63846803733735,
    "sohc_init_4": 51.63846803733735,
    "sohc_init_5": 51.63846803733735,
    "sohc_init_6": 51.63846803733735,
    "sohc_init_7": 51.63846803733735,
    "sohc_init_8": 51.63846803733735,
    "sohc_init_9": 51.63846803733735,
    "sohc_init_10": 51.63846803733735,
    "sohc_init_11": 51.63846803733735,
    "sohc_init_12": 51.63846803733735,
    "sohc_init_13": 51.63846803733735,
    "sohc_init_14": 51.63846803733735,
    "sohr_init_1": 2.6233662402726377,
    "sohr_init_2": 2.6233662402726377,
    "sohr_init_3": 2.6233662402726377,
    "sohr_init_4": 2.6233662402726377,
    "sohr_init_5": 2.6233662402726377,
    "sohr_init_6": 2.6233662402726377,
    "sohr_init_7": 2.6233662402726377,
    "sohr_init_8": 2.6233662402726377,
    "sohr_init_9": 2.6233662402726377,
    "sohr_init_10": 2.6233662402726377,
    "sohr_init_11": 2.6233662402726377,
    "sohr_init_12": 2.6233662402726377,
    "sohr_init_13": 2.6233662402726377,
    "sohr_init_14": 2.6233662402726377,
    "soc_init_1": 96.2940577820555,
    "soc_init_2": 96.2940577820555,
    "soc_init_3": 96.2940577820555,
    "soc_init_4": 96.2940577820555,
    "soc_init_5": 96.2940577820555,
    "soc_init_6": 96.2940577820555,
    "soc_init_7": 96.2940577820555,
    "soc_init_8": 96.2940577820555,
    "soc_init_9": 96.2940577820555,
    "soc_init_10": 96.2940577820555,
    "soc_init_11": 96.2940577820555,
    "soc_init_12": 96.2940577820555,
    "soc_init_13": 96.2940577820555,
    "soc_init_14": 96.2940577820555,
    "cost": 0.696251962380899,
    "device": "bPB00055",
    "cycle_start_time": "2022-08-26T13:46:47+00:00"
}