{
    "soc_min": 2,
    "soc_max": 98,
    "r1": 0.0011921465877292403,
    "c1": 548145.0658963423,
    "ir_a": 0.006253928749061553,
    "ir_b": 0.18790210296664706,
    "ir_c": 0.001002011851483226,
    "ir_d": 0.07369620743816337,
    "ir_e": 0.7107788442448738,
    "no_cells": 14,
    "cell_temp_init": 37.00155938573698,
    "amb_temp_celsius": 29.00174594388817,
    "bat_cell_cap": 66.0,
    "sohc_init_1": 59.20132910307533,
    "sohc_init_2": 59.20132910307533,
    "sohc_init_3": 59.20132910307533,
    "sohc_init_4": 59.20132910307533,
    "sohc_init_5": 59.20132910307533,
    "sohc_init_6": 59.20132910307533,
    "sohc_init_7": 59.20132910307533,
    "sohc_init_8": 59.20132910307533,
    "sohc_init_9": 59.20132910307533,
    "sohc_init_10": 59.20132910307533,
    "sohc_init_11": 59.20132910307533,
    "sohc_init_12": 59.20132910307533,
    "sohc_init_13": 59.20132910307533,
    "sohc_init_14": 59.20132910307533,
    "sohr_init_1": 1.15566781223476,
    "sohr_init_2": 1.15566781223476,
    "sohr_init_3": 1.15566781223476,
    "sohr_init_4": 1.15566781223476,
    "sohr_init_5": 1.15566781223476,
    "sohr_init_6": 1.15566781223476,
    "sohr_init_7": 1.15566781223476,
    "sohr_init_8": 1.15566781223476,
    "sohr_init_9": 1.15566781223476,
    "sohr_init_10": 1.15566781223476,
    "sohr_init_11": 1.15566781223476,
    "sohr_init_12": 1.15566781223476,
    "sohr_init_13": 1.15566781223476,
    "sohr_init_14": 1.15566781223476,
    "soc_init_1": 10.045594456251347,
    "soc_init_2": 10.045594456251347,
    "soc_init_3": 10.045594456251347,
    "soc_init_4": 10.045594456251347,
    "soc_init_5": 10.045594456251347,
    "soc_init_6": 10.045594456251347,
    "soc_init_7": 10.045594456251347,
    "soc_init_8": 10.045594456251347,
    "soc_init_9": 10.045594456251347,
    "soc_init_10": 10.045594456251347,
    "soc_init_11": 10.045594456251347,
    "soc_init_12": 10.045594456251347,
    "soc_init_13": 10.045594456251347,
    "soc_init_14": 10.045594456251347,
    "cost": 0.1926597552807434,
    "device": "bPB00055",
    "cycle_start_time": "2021-10-27T00:49:44+00:00"
}