{
    "soc_min": 2,
    "soc_max": 98,
    "r1": 0.018744803481533897,
    "c1": 676457.3690766266,
    "ir_a": 0.009988211513596528,
    "ir_b": 0.0906092457724817,
    "ir_c": 0.0036578071034704803,
    "ir_d": 0.0999451486353421,
    "ir_e": 0.9996613068863809,
    "no_cells": 14,
    "cell_temp_init": 42.00115741217987,
    "amb_temp_celsius": 34.01990579374601,
    "bat_cell_cap": 66.0,
    "sohc_init_1": 45.0500992888962,
    "sohc_init_2": 45.0500992888962,
    "sohc_init_3": 45.0500992888962,
    "sohc_init_4": 45.0500992888962,
    "sohc_init_5": 45.0500992888962,
    "sohc_init_6": 45.0500992888962,
    "sohc_init_7": 45.0500992888962,
    "sohc_init_8": 45.0500992888962,
    "sohc_init_9": 45.0500992888962,
    "sohc_init_10": 45.0500992888962,
    "sohc_init_11": 45.0500992888962,
    "sohc_init_12": 45.0500992888962,
    "sohc_init_13": 45.0500992888962,
    "sohc_init_14": 45.0500992888962,
    "sohr_init_1": 2.9998215204194474,
    "sohr_init_2": 2.9998215204194474,
    "sohr_init_3": 2.9998215204194474,
    "sohr_init_4": 2.9998215204194474,
    "sohr_init_5": 2.9998215204194474,
    "sohr_init_6": 2.9998215204194474,
    "sohr_init_7": 2.9998215204194474,
    "sohr_init_8": 2.9998215204194474,
    "sohr_init_9": 2.9998215204194474,
    "sohr_init_10": 2.9998215204194474,
    "sohr_init_11": 2.9998215204194474,
    "sohr_init_12": 2.9998215204194474,
    "sohr_init_13": 2.9998215204194474,
    "sohr_init_14": 2.9998215204194474,
    "soc_init_1": 3.0014176773025043,
    "soc_init_2": 3.0014176773025043,
    "soc_init_3": 3.0014176773025043,
    "soc_init_4": 3.0014176773025043,
    "soc_init_5": 3.0014176773025043,
    "soc_init_6": 3.0014176773025043,
    "soc_init_7": 3.0014176773025043,
    "soc_init_8": 3.0014176773025043,
    "soc_init_9": 3.0014176773025043,
    "soc_init_10": 3.0014176773025043,
    "soc_init_11": 3.0014176773025043,
    "soc_init_12": 3.0014176773025043,
    "soc_init_13": 3.0014176773025043,
    "soc_init_14": 3.0014176773025043,
    "cost": 1.1482353177431408,
    "device": "bPB00055",
    "cycle_start_time": "2022-09-13T01:02:11+00:00"
}