{
    "soc_min": 2,
    "soc_max": 98,
    "r1": 0.0007024177559470206,
    "c1": 703063.0690467923,
    "ir_a": 0.00036218984225889556,
    "ir_b": 0.18174998385314242,
    "ir_c": 0.0016748878310171907,
    "ir_d": 0.0606543839553212,
    "ir_e": 0.9741944337078213,
    "no_cells": 14,
    "cell_temp_init": 36.00044505496201,
    "amb_temp_celsius": 28.000699700234854,
    "bat_cell_cap": 66.0,
    "sohc_init_1": 49.9165552323149,
    "sohc_init_2": 49.9165552323149,
    "sohc_init_3": 49.9165552323149,
    "sohc_init_4": 49.9165552323149,
    "sohc_init_5": 49.9165552323149,
    "sohc_init_6": 49.9165552323149,
    "sohc_init_7": 49.9165552323149,
    "sohc_init_8": 49.9165552323149,
    "sohc_init_9": 49.9165552323149,
    "sohc_init_10": 49.9165552323149,
    "sohc_init_11": 49.9165552323149,
    "sohc_init_12": 49.9165552323149,
    "sohc_init_13": 49.9165552323149,
    "sohc_init_14": 49.9165552323149,
    "sohr_init_1": 2.06025496710407,
    "sohr_init_2": 2.06025496710407,
    "sohr_init_3": 2.06025496710407,
    "sohr_init_4": 2.06025496710407,
    "sohr_init_5": 2.06025496710407,
    "sohr_init_6": 2.06025496710407,
    "sohr_init_7": 2.06025496710407,
    "sohr_init_8": 2.06025496710407,
    "sohr_init_9": 2.06025496710407,
    "sohr_init_10": 2.06025496710407,
    "sohr_init_11": 2.06025496710407,
    "sohr_init_12": 2.06025496710407,
    "sohr_init_13": 2.06025496710407,
    "sohr_init_14": 2.06025496710407,
    "soc_init_1": 24.75230950792365,
    "soc_init_2": 24.75230950792365,
    "soc_init_3": 24.75230950792365,
    "soc_init_4": 24.75230950792365,
    "soc_init_5": 24.75230950792365,
    "soc_init_6": 24.75230950792365,
    "soc_init_7": 24.75230950792365,
    "soc_init_8": 24.75230950792365,
    "soc_init_9": 24.75230950792365,
    "soc_init_10": 24.75230950792365,
    "soc_init_11": 24.75230950792365,
    "soc_init_12": 24.75230950792365,
    "soc_init_13": 24.75230950792365,
    "soc_init_14": 24.75230950792365,
    "cost": 0.5469229019122556,
    "device": "bPB00055",
    "cycle_start_time": "2022-11-03T19:08:03+00:00"
}