{
    "soc_min": 2,
    "soc_max": 98,
    "r1": 0.0011412854964005636,
    "c1": 138003.753093924,
    "ir_a": 0.00846437410343061,
    "ir_b": 0.19448727105586136,
    "ir_c": 0.002074595994812745,
    "ir_d": 0.044136163541370704,
    "ir_e": 0.9515929935995936,
    "no_cells": 14,
    "cell_temp_init": 34.000282562821894,
    "amb_temp_celsius": 26.002925318653585,
    "bat_cell_cap": 66.0,
    "sohc_init_1": 49.20942375999591,
    "sohc_init_2": 49.20942375999591,
    "sohc_init_3": 49.20942375999591,
    "sohc_init_4": 49.20942375999591,
    "sohc_init_5": 49.20942375999591,
    "sohc_init_6": 49.20942375999591,
    "sohc_init_7": 49.20942375999591,
    "sohc_init_8": 49.20942375999591,
    "sohc_init_9": 49.20942375999591,
    "sohc_init_10": 49.20942375999591,
    "sohc_init_11": 49.20942375999591,
    "sohc_init_12": 49.20942375999591,
    "sohc_init_13": 49.20942375999591,
    "sohc_init_14": 49.20942375999591,
    "sohr_init_1": 1.8111638082281696,
    "sohr_init_2": 1.8111638082281696,
    "sohr_init_3": 1.8111638082281696,
    "sohr_init_4": 1.8111638082281696,
    "sohr_init_5": 1.8111638082281696,
    "sohr_init_6": 1.8111638082281696,
    "sohr_init_7": 1.8111638082281696,
    "sohr_init_8": 1.8111638082281696,
    "sohr_init_9": 1.8111638082281696,
    "sohr_init_10": 1.8111638082281696,
    "sohr_init_11": 1.8111638082281696,
    "sohr_init_12": 1.8111638082281696,
    "sohr_init_13": 1.8111638082281696,
    "sohr_init_14": 1.8111638082281696,
    "soc_init_1": 23.710527873507225,
    "soc_init_2": 23.710527873507225,
    "soc_init_3": 23.710527873507225,
    "soc_init_4": 23.710527873507225,
    "soc_init_5": 23.710527873507225,
    "soc_init_6": 23.710527873507225,
    "soc_init_7": 23.710527873507225,
    "soc_init_8": 23.710527873507225,
    "soc_init_9": 23.710527873507225,
    "soc_init_10": 23.710527873507225,
    "soc_init_11": 23.710527873507225,
    "soc_init_12": 23.710527873507225,
    "soc_init_13": 23.710527873507225,
    "soc_init_14": 23.710527873507225,
    "cost": 0.496005979162491,
    "device": "bPB00055",
    "cycle_start_time": "2022-11-07T03:34:20+00:00"
}