{
    "soc_min": 2,
    "soc_max": 98,
    "r1": 0.019953900061768722,
    "c1": 1350917.5384605408,
    "ir_a": 0.007998397353664954,
    "ir_b": 0.17764360592466222,
    "ir_c": 0.0022974507344210113,
    "ir_d": 0.09988031940911732,
    "ir_e": 0.9984046429997325,
    "no_cells": 14,
    "cell_temp_init": 40.00048240624606,
    "amb_temp_celsius": 42.20972464207015,
    "bat_cell_cap": 66.0,
    "sohc_init_1": 45.000339129301786,
    "sohc_init_2": 45.000339129301786,
    "sohc_init_3": 45.000339129301786,
    "sohc_init_4": 45.000339129301786,
    "sohc_init_5": 45.000339129301786,
    "sohc_init_6": 45.000339129301786,
    "sohc_init_7": 45.000339129301786,
    "sohc_init_8": 45.000339129301786,
    "sohc_init_9": 45.000339129301786,
    "sohc_init_10": 45.000339129301786,
    "sohc_init_11": 45.000339129301786,
    "sohc_init_12": 45.000339129301786,
    "sohc_init_13": 45.000339129301786,
    "sohc_init_14": 45.000339129301786,
    "sohr_init_1": 2.9979017101814116,
    "sohr_init_2": 2.9979017101814116,
    "sohr_init_3": 2.9979017101814116,
    "sohr_init_4": 2.9979017101814116,
    "sohr_init_5": 2.9979017101814116,
    "sohr_init_6": 2.9979017101814116,
    "sohr_init_7": 2.9979017101814116,
    "sohr_init_8": 2.9979017101814116,
    "sohr_init_9": 2.9979017101814116,
    "sohr_init_10": 2.9979017101814116,
    "sohr_init_11": 2.9979017101814116,
    "sohr_init_12": 2.9979017101814116,
    "sohr_init_13": 2.9979017101814116,
    "sohr_init_14": 2.9979017101814116,
    "soc_init_1": 3.003120052721032,
    "soc_init_2": 3.003120052721032,
    "soc_init_3": 3.003120052721032,
    "soc_init_4": 3.003120052721032,
    "soc_init_5": 3.003120052721032,
    "soc_init_6": 3.003120052721032,
    "soc_init_7": 3.003120052721032,
    "soc_init_8": 3.003120052721032,
    "soc_init_9": 3.003120052721032,
    "soc_init_10": 3.003120052721032,
    "soc_init_11": 3.003120052721032,
    "soc_init_12": 3.003120052721032,
    "soc_init_13": 3.003120052721032,
    "soc_init_14": 3.003120052721032,
    "cost": 1.0351692404003354,
    "device": "bPB00055",
    "cycle_start_time": "2021-11-06T00:10:51+00:00"
}