{
    "soc_min": 2,
    "soc_max": 98,
    "r1": 0.00010213265977991804,
    "c1": 1948235.6439413747,
    "ir_a": 0.0006895261563151525,
    "ir_b": 0.16285475228443047,
    "ir_c": 0.002431547770362114,
    "ir_d": 0.08787880506647232,
    "ir_e": 0.6594642611981095,
    "no_cells": 14,
    "cell_temp_init": 31.00003353248263,
    "amb_temp_celsius": 23.000638465293076,
    "bat_cell_cap": 66.0,
    "sohc_init_1": 56.520092925931465,
    "sohc_init_2": 56.520092925931465,
    "sohc_init_3": 56.520092925931465,
    "sohc_init_4": 56.520092925931465,
    "sohc_init_5": 56.520092925931465,
    "sohc_init_6": 56.520092925931465,
    "sohc_init_7": 56.520092925931465,
    "sohc_init_8": 56.520092925931465,
    "sohc_init_9": 56.520092925931465,
    "sohc_init_10": 56.520092925931465,
    "sohc_init_11": 56.520092925931465,
    "sohc_init_12": 56.520092925931465,
    "sohc_init_13": 56.520092925931465,
    "sohc_init_14": 56.520092925931465,
    "sohr_init_1": 1.0118144387042685,
    "sohr_init_2": 1.0118144387042685,
    "sohr_init_3": 1.0118144387042685,
    "sohr_init_4": 1.0118144387042685,
    "sohr_init_5": 1.0118144387042685,
    "sohr_init_6": 1.0118144387042685,
    "sohr_init_7": 1.0118144387042685,
    "sohr_init_8": 1.0118144387042685,
    "sohr_init_9": 1.0118144387042685,
    "sohr_init_10": 1.0118144387042685,
    "sohr_init_11": 1.0118144387042685,
    "sohr_init_12": 1.0118144387042685,
    "sohr_init_13": 1.0118144387042685,
    "sohr_init_14": 1.0118144387042685,
    "soc_init_1": 10.271714973028246,
    "soc_init_2": 10.271714973028246,
    "soc_init_3": 10.271714973028246,
    "soc_init_4": 10.271714973028246,
    "soc_init_5": 10.271714973028246,
    "soc_init_6": 10.271714973028246,
    "soc_init_7": 10.271714973028246,
    "soc_init_8": 10.271714973028246,
    "soc_init_9": 10.271714973028246,
    "soc_init_10": 10.271714973028246,
    "soc_init_11": 10.271714973028246,
    "soc_init_12": 10.271714973028246,
    "soc_init_13": 10.271714973028246,
    "soc_init_14": 10.271714973028246,
    "cost": 0.21084689267057566,
    "device": "bPB00055",
    "cycle_start_time": "2021-11-22T23:49:14+00:00"
}