{
    "soc_min": 2,
    "soc_max": 98,
    "r1": 0.001087479985325551,
    "c1": 274746.38076913776,
    "ir_a": 0.0002817411319670453,
    "ir_b": 0.19192480161165848,
    "ir_c": 0.0020916964021059073,
    "ir_d": 0.06555374728416696,
    "ir_e": 0.32541313119479887,
    "no_cells": 14,
    "cell_temp_init": 36.00043731804572,
    "amb_temp_celsius": 28.00317100357101,
    "bat_cell_cap": 66.0,
    "sohc_init_1": 49.44158644823075,
    "sohc_init_2": 49.44158644823075,
    "sohc_init_3": 49.44158644823075,
    "sohc_init_4": 49.44158644823075,
    "sohc_init_5": 49.44158644823075,
    "sohc_init_6": 49.44158644823075,
    "sohc_init_7": 49.44158644823075,
    "sohc_init_8": 49.44158644823075,
    "sohc_init_9": 49.44158644823075,
    "sohc_init_10": 49.44158644823075,
    "sohc_init_11": 49.44158644823075,
    "sohc_init_12": 49.44158644823075,
    "sohc_init_13": 49.44158644823075,
    "sohc_init_14": 49.44158644823075,
    "sohr_init_1": 1.4765926399981661,
    "sohr_init_2": 1.4765926399981661,
    "sohr_init_3": 1.4765926399981661,
    "sohr_init_4": 1.4765926399981661,
    "sohr_init_5": 1.4765926399981661,
    "sohr_init_6": 1.4765926399981661,
    "sohr_init_7": 1.4765926399981661,
    "sohr_init_8": 1.4765926399981661,
    "sohr_init_9": 1.4765926399981661,
    "sohr_init_10": 1.4765926399981661,
    "sohr_init_11": 1.4765926399981661,
    "sohr_init_12": 1.4765926399981661,
    "sohr_init_13": 1.4765926399981661,
    "sohr_init_14": 1.4765926399981661,
    "soc_init_1": 24.274100045057576,
    "soc_init_2": 24.274100045057576,
    "soc_init_3": 24.274100045057576,
    "soc_init_4": 24.274100045057576,
    "soc_init_5": 24.274100045057576,
    "soc_init_6": 24.274100045057576,
    "soc_init_7": 24.274100045057576,
    "soc_init_8": 24.274100045057576,
    "soc_init_9": 24.274100045057576,
    "soc_init_10": 24.274100045057576,
    "soc_init_11": 24.274100045057576,
    "soc_init_12": 24.274100045057576,
    "soc_init_13": 24.274100045057576,
    "soc_init_14": 24.274100045057576,
    "cost": 0.5521159921254447,
    "device": "bPB00055",
    "cycle_start_time": "2022-11-05T01:37:17+00:00"
}