{
    "soc_min": 2,
    "soc_max": 98,
    "r1": 0.010363740369497465,
    "c1": 251655.13774625285,
    "ir_a": 0.007972280540500901,
    "ir_b": 0.1984339493276993,
    "ir_c": 0.0012629384211737698,
    "ir_d": 0.09630234037226304,
    "ir_e": 0.9100453374866755,
    "no_cells": 14,
    "cell_temp_init": 40.00013038093161,
    "amb_temp_celsius": 39.67748026044926,
    "bat_cell_cap": 66.0,
    "sohc_init_1": 45.00105423304749,
    "sohc_init_2": 45.00105423304749,
    "sohc_init_3": 45.00105423304749,
    "sohc_init_4": 45.00105423304749,
    "sohc_init_5": 45.00105423304749,
    "sohc_init_6": 45.00105423304749,
    "sohc_init_7": 45.00105423304749,
    "sohc_init_8": 45.00105423304749,
    "sohc_init_9": 45.00105423304749,
    "sohc_init_10": 45.00105423304749,
    "sohc_init_11": 45.00105423304749,
    "sohc_init_12": 45.00105423304749,
    "sohc_init_13": 45.00105423304749,
    "sohc_init_14": 45.00105423304749,
    "sohr_init_1": 1.891523611429404,
    "sohr_init_2": 1.891523611429404,
    "sohr_init_3": 1.891523611429404,
    "sohr_init_4": 1.891523611429404,
    "sohr_init_5": 1.891523611429404,
    "sohr_init_6": 1.891523611429404,
    "sohr_init_7": 1.891523611429404,
    "sohr_init_8": 1.891523611429404,
    "sohr_init_9": 1.891523611429404,
    "sohr_init_10": 1.891523611429404,
    "sohr_init_11": 1.891523611429404,
    "sohr_init_12": 1.891523611429404,
    "sohr_init_13": 1.891523611429404,
    "sohr_init_14": 1.891523611429404,
    "soc_init_1": 3.1155070728364986,
    "soc_init_2": 3.1155070728364986,
    "soc_init_3": 3.1155070728364986,
    "soc_init_4": 3.1155070728364986,
    "soc_init_5": 3.1155070728364986,
    "soc_init_6": 3.1155070728364986,
    "soc_init_7": 3.1155070728364986,
    "soc_init_8": 3.1155070728364986,
    "soc_init_9": 3.1155070728364986,
    "soc_init_10": 3.1155070728364986,
    "soc_init_11": 3.1155070728364986,
    "soc_init_12": 3.1155070728364986,
    "soc_init_13": 3.1155070728364986,
    "soc_init_14": 3.1155070728364986,
    "cost": 1.1726677173651014,
    "device": "bPB00055",
    "cycle_start_time": "2021-11-07T20:23:17+00:00"
}