{
    "soc_min": 2,
    "soc_max": 98,
    "r1": 0.00024791288886427725,
    "c1": 707872.9860207429,
    "ir_a": 0.0027390279826749087,
    "ir_b": 0.04931112580517339,
    "ir_c": 0.0016032472799326432,
    "ir_d": 0.010185865801828503,
    "ir_e": 0.01174443276297981,
    "no_cells": 14,
    "cell_temp_init": 36.00034769232152,
    "amb_temp_celsius": 28.00693038802342,
    "bat_cell_cap": 66.0,
    "sohc_init_1": 59.42361215987582,
    "sohc_init_2": 59.42361215987582,
    "sohc_init_3": 59.42361215987582,
    "sohc_init_4": 59.42361215987582,
    "sohc_init_5": 59.42361215987582,
    "sohc_init_6": 59.42361215987582,
    "sohc_init_7": 59.42361215987582,
    "sohc_init_8": 59.42361215987582,
    "sohc_init_9": 59.42361215987582,
    "sohc_init_10": 59.42361215987582,
    "sohc_init_11": 59.42361215987582,
    "sohc_init_12": 59.42361215987582,
    "sohc_init_13": 59.42361215987582,
    "sohc_init_14": 59.42361215987582,
    "sohr_init_1": 1.0538436219575071,
    "sohr_init_2": 1.0538436219575071,
    "sohr_init_3": 1.0538436219575071,
    "sohr_init_4": 1.0538436219575071,
    "sohr_init_5": 1.0538436219575071,
    "sohr_init_6": 1.0538436219575071,
    "sohr_init_7": 1.0538436219575071,
    "sohr_init_8": 1.0538436219575071,
    "sohr_init_9": 1.0538436219575071,
    "sohr_init_10": 1.0538436219575071,
    "sohr_init_11": 1.0538436219575071,
    "sohr_init_12": 1.0538436219575071,
    "sohr_init_13": 1.0538436219575071,
    "sohr_init_14": 1.0538436219575071,
    "soc_init_1": 11.315601695559955,
    "soc_init_2": 11.315601695559955,
    "soc_init_3": 11.315601695559955,
    "soc_init_4": 11.315601695559955,
    "soc_init_5": 11.315601695559955,
    "soc_init_6": 11.315601695559955,
    "soc_init_7": 11.315601695559955,
    "soc_init_8": 11.315601695559955,
    "soc_init_9": 11.315601695559955,
    "soc_init_10": 11.315601695559955,
    "soc_init_11": 11.315601695559955,
    "soc_init_12": 11.315601695559955,
    "soc_init_13": 11.315601695559955,
    "soc_init_14": 11.315601695559955,
    "cost": 0.24090720788194256,
    "device": "bPB00055",
    "cycle_start_time": "2021-11-05T17:03:43+00:00"
}