{
    "soc_min": 2,
    "soc_max": 98,
    "r1": 0.008188596541755862,
    "c1": 312855.53378161124,
    "ir_a": 0.005982382581407066,
    "ir_b": 0.1999553566838671,
    "ir_c": 0.0008897034857740356,
    "ir_d": 0.010732536965945349,
    "ir_e": 0.28507754024158755,
    "no_cells": 14,
    "cell_temp_init": 42.2057925237472,
    "amb_temp_celsius": 34.51152620483821,
    "bat_cell_cap": 66.0,
    "sohc_init_1": 52.100596383530714,
    "sohc_init_2": 52.100596383530714,
    "sohc_init_3": 52.100596383530714,
    "sohc_init_4": 52.100596383530714,
    "sohc_init_5": 52.100596383530714,
    "sohc_init_6": 52.100596383530714,
    "sohc_init_7": 52.100596383530714,
    "sohc_init_8": 52.100596383530714,
    "sohc_init_9": 52.100596383530714,
    "sohc_init_10": 52.100596383530714,
    "sohc_init_11": 52.100596383530714,
    "sohc_init_12": 52.100596383530714,
    "sohc_init_13": 52.100596383530714,
    "sohc_init_14": 52.100596383530714,
    "sohr_init_1": 1.1039906977846166,
    "sohr_init_2": 1.1039906977846166,
    "sohr_init_3": 1.1039906977846166,
    "sohr_init_4": 1.1039906977846166,
    "sohr_init_5": 1.1039906977846166,
    "sohr_init_6": 1.1039906977846166,
    "sohr_init_7": 1.1039906977846166,
    "sohr_init_8": 1.1039906977846166,
    "sohr_init_9": 1.1039906977846166,
    "sohr_init_10": 1.1039906977846166,
    "sohr_init_11": 1.1039906977846166,
    "sohr_init_12": 1.1039906977846166,
    "sohr_init_13": 1.1039906977846166,
    "sohr_init_14": 1.1039906977846166,
    "soc_init_1": 36.43068347051184,
    "soc_init_2": 36.43068347051184,
    "soc_init_3": 36.43068347051184,
    "soc_init_4": 36.43068347051184,
    "soc_init_5": 36.43068347051184,
    "soc_init_6": 36.43068347051184,
    "soc_init_7": 36.43068347051184,
    "soc_init_8": 36.43068347051184,
    "soc_init_9": 36.43068347051184,
    "soc_init_10": 36.43068347051184,
    "soc_init_11": 36.43068347051184,
    "soc_init_12": 36.43068347051184,
    "soc_init_13": 36.43068347051184,
    "soc_init_14": 36.43068347051184,
    "cost": 1.6898748377940673,
    "device": "bPB00055",
    "cycle_start_time": "2022-08-24T16:55:02+00:00"
}