{
    "soc_min": 2,
    "soc_max": 98,
    "r1": 0.007971669282324772,
    "c1": 491556.4966656672,
    "ir_a": 0.009461693328352245,
    "ir_b": 0.07455469842110467,
    "ir_c": 0.002021190922653659,
    "ir_d": 0.012292463986392669,
    "ir_e": 0.4133142766110777,
    "no_cells": 14,
    "cell_temp_init": 42.27417762445193,
    "amb_temp_celsius": 34.005808494364814,
    "bat_cell_cap": 66.0,
    "sohc_init_1": 47.747844507532704,
    "sohc_init_2": 47.747844507532704,
    "sohc_init_3": 47.747844507532704,
    "sohc_init_4": 47.747844507532704,
    "sohc_init_5": 47.747844507532704,
    "sohc_init_6": 47.747844507532704,
    "sohc_init_7": 47.747844507532704,
    "sohc_init_8": 47.747844507532704,
    "sohc_init_9": 47.747844507532704,
    "sohc_init_10": 47.747844507532704,
    "sohc_init_11": 47.747844507532704,
    "sohc_init_12": 47.747844507532704,
    "sohc_init_13": 47.747844507532704,
    "sohc_init_14": 47.747844507532704,
    "sohr_init_1": 1.8600351069554772,
    "sohr_init_2": 1.8600351069554772,
    "sohr_init_3": 1.8600351069554772,
    "sohr_init_4": 1.8600351069554772,
    "sohr_init_5": 1.8600351069554772,
    "sohr_init_6": 1.8600351069554772,
    "sohr_init_7": 1.8600351069554772,
    "sohr_init_8": 1.8600351069554772,
    "sohr_init_9": 1.8600351069554772,
    "sohr_init_10": 1.8600351069554772,
    "sohr_init_11": 1.8600351069554772,
    "sohr_init_12": 1.8600351069554772,
    "sohr_init_13": 1.8600351069554772,
    "sohr_init_14": 1.8600351069554772,
    "soc_init_1": 27.199258766922664,
    "soc_init_2": 27.199258766922664,
    "soc_init_3": 27.199258766922664,
    "soc_init_4": 27.199258766922664,
    "soc_init_5": 27.199258766922664,
    "soc_init_6": 27.199258766922664,
    "soc_init_7": 27.199258766922664,
    "soc_init_8": 27.199258766922664,
    "soc_init_9": 27.199258766922664,
    "soc_init_10": 27.199258766922664,
    "soc_init_11": 27.199258766922664,
    "soc_init_12": 27.199258766922664,
    "soc_init_13": 27.199258766922664,
    "soc_init_14": 27.199258766922664,
    "cost": 1.4854715012931627,
    "device": "bPB00055",
    "cycle_start_time": "2021-11-10T03:46:04+00:00"
}