{
    "soc_min": 2,
    "soc_max": 98,
    "r1": 0.0017994704261608662,
    "c1": 100965.5971499329,
    "ir_a": 0.0002879730397137231,
    "ir_b": 0.19996685508975745,
    "ir_c": 0.001002502981957415,
    "ir_d": 0.01859288859188183,
    "ir_e": 0.23289219993192434,
    "no_cells": 14,
    "cell_temp_init": 35.00037540522044,
    "amb_temp_celsius": 27.000547899213625,
    "bat_cell_cap": 66.0,
    "sohc_init_1": 50.0969993747809,
    "sohc_init_2": 50.0969993747809,
    "sohc_init_3": 50.0969993747809,
    "sohc_init_4": 50.0969993747809,
    "sohc_init_5": 50.0969993747809,
    "sohc_init_6": 50.0969993747809,
    "sohc_init_7": 50.0969993747809,
    "sohc_init_8": 50.0969993747809,
    "sohc_init_9": 50.0969993747809,
    "sohc_init_10": 50.0969993747809,
    "sohc_init_11": 50.0969993747809,
    "sohc_init_12": 50.0969993747809,
    "sohc_init_13": 50.0969993747809,
    "sohc_init_14": 50.0969993747809,
    "sohr_init_1": 2.7472646019363793,
    "sohr_init_2": 2.7472646019363793,
    "sohr_init_3": 2.7472646019363793,
    "sohr_init_4": 2.7472646019363793,
    "sohr_init_5": 2.7472646019363793,
    "sohr_init_6": 2.7472646019363793,
    "sohr_init_7": 2.7472646019363793,
    "sohr_init_8": 2.7472646019363793,
    "sohr_init_9": 2.7472646019363793,
    "sohr_init_10": 2.7472646019363793,
    "sohr_init_11": 2.7472646019363793,
    "sohr_init_12": 2.7472646019363793,
    "sohr_init_13": 2.7472646019363793,
    "sohr_init_14": 2.7472646019363793,
    "soc_init_1": 25.316609596272677,
    "soc_init_2": 25.316609596272677,
    "soc_init_3": 25.316609596272677,
    "soc_init_4": 25.316609596272677,
    "soc_init_5": 25.316609596272677,
    "soc_init_6": 25.316609596272677,
    "soc_init_7": 25.316609596272677,
    "soc_init_8": 25.316609596272677,
    "soc_init_9": 25.316609596272677,
    "soc_init_10": 25.316609596272677,
    "soc_init_11": 25.316609596272677,
    "soc_init_12": 25.316609596272677,
    "soc_init_13": 25.316609596272677,
    "soc_init_14": 25.316609596272677,
    "cost": 0.4602079149241173,
    "device": "bPB00055",
    "cycle_start_time": "2022-11-04T17:56:58+00:00"
}