{
    "soc_min": 2,
    "soc_max": 98,
    "r1": 0.00785367353880369,
    "c1": 1652385.0184047672,
    "ir_a": 0.005554036102532968,
    "ir_b": 0.18652517016835832,
    "ir_c": 1.0357268274273038e-05,
    "ir_d": 0.08236529255226224,
    "ir_e": 0.9000432578645992,
    "no_cells": 14,
    "cell_temp_init": 43.15714843273874,
    "amb_temp_celsius": 39.3737005878565,
    "bat_cell_cap": 66.0,
    "sohc_init_1": 53.54619044486573,
    "sohc_init_2": 53.54619044486573,
    "sohc_init_3": 53.54619044486573,
    "sohc_init_4": 53.54619044486573,
    "sohc_init_5": 53.54619044486573,
    "sohc_init_6": 53.54619044486573,
    "sohc_init_7": 53.54619044486573,
    "sohc_init_8": 53.54619044486573,
    "sohc_init_9": 53.54619044486573,
    "sohc_init_10": 53.54619044486573,
    "sohc_init_11": 53.54619044486573,
    "sohc_init_12": 53.54619044486573,
    "sohc_init_13": 53.54619044486573,
    "sohc_init_14": 53.54619044486573,
    "sohr_init_1": 2.3511405771796303,
    "sohr_init_2": 2.3511405771796303,
    "sohr_init_3": 2.3511405771796303,
    "sohr_init_4": 2.3511405771796303,
    "sohr_init_5": 2.3511405771796303,
    "sohr_init_6": 2.3511405771796303,
    "sohr_init_7": 2.3511405771796303,
    "sohr_init_8": 2.3511405771796303,
    "sohr_init_9": 2.3511405771796303,
    "sohr_init_10": 2.3511405771796303,
    "sohr_init_11": 2.3511405771796303,
    "sohr_init_12": 2.3511405771796303,
    "sohr_init_13": 2.3511405771796303,
    "sohr_init_14": 2.3511405771796303,
    "soc_init_1": 8.864477513425385,
    "soc_init_2": 8.864477513425385,
    "soc_init_3": 8.864477513425385,
    "soc_init_4": 8.864477513425385,
    "soc_init_5": 8.864477513425385,
    "soc_init_6": 8.864477513425385,
    "soc_init_7": 8.864477513425385,
    "soc_init_8": 8.864477513425385,
    "soc_init_9": 8.864477513425385,
    "soc_init_10": 8.864477513425385,
    "soc_init_11": 8.864477513425385,
    "soc_init_12": 8.864477513425385,
    "soc_init_13": 8.864477513425385,
    "soc_init_14": 8.864477513425385,
    "cost": 0.6874632588742134,
    "device": "bPB00055",
    "cycle_start_time": "2021-07-25T14:00:51+00:00"
}