{
    "soc_min": 2,
    "soc_max": 98,
    "r1": 0.01995325218344045,
    "c1": 1928434.5187585491,
    "ir_a": 0.003092434202728966,
    "ir_b": 0.19924296854557377,
    "ir_c": 1.0001815354724919e-05,
    "ir_d": 0.05714119270246672,
    "ir_e": 0.8900145036769841,
    "no_cells": 14,
    "cell_temp_init": 45.584122401433085,
    "amb_temp_celsius": 34.01377065865469,
    "bat_cell_cap": 66.0,
    "sohc_init_1": 63.798603908149914,
    "sohc_init_2": 63.798603908149914,
    "sohc_init_3": 63.798603908149914,
    "sohc_init_4": 63.798603908149914,
    "sohc_init_5": 63.798603908149914,
    "sohc_init_6": 63.798603908149914,
    "sohc_init_7": 63.798603908149914,
    "sohc_init_8": 63.798603908149914,
    "sohc_init_9": 63.798603908149914,
    "sohc_init_10": 63.798603908149914,
    "sohc_init_11": 63.798603908149914,
    "sohc_init_12": 63.798603908149914,
    "sohc_init_13": 63.798603908149914,
    "sohc_init_14": 63.798603908149914,
    "sohr_init_1": 2.215209019785057,
    "sohr_init_2": 2.215209019785057,
    "sohr_init_3": 2.215209019785057,
    "sohr_init_4": 2.215209019785057,
    "sohr_init_5": 2.215209019785057,
    "sohr_init_6": 2.215209019785057,
    "sohr_init_7": 2.215209019785057,
    "sohr_init_8": 2.215209019785057,
    "sohr_init_9": 2.215209019785057,
    "sohr_init_10": 2.215209019785057,
    "sohr_init_11": 2.215209019785057,
    "sohr_init_12": 2.215209019785057,
    "sohr_init_13": 2.215209019785057,
    "sohr_init_14": 2.215209019785057,
    "soc_init_1": 8.06663069710244,
    "soc_init_2": 8.06663069710244,
    "soc_init_3": 8.06663069710244,
    "soc_init_4": 8.06663069710244,
    "soc_init_5": 8.06663069710244,
    "soc_init_6": 8.06663069710244,
    "soc_init_7": 8.06663069710244,
    "soc_init_8": 8.06663069710244,
    "soc_init_9": 8.06663069710244,
    "soc_init_10": 8.06663069710244,
    "soc_init_11": 8.06663069710244,
    "soc_init_12": 8.06663069710244,
    "soc_init_13": 8.06663069710244,
    "soc_init_14": 8.06663069710244,
    "cost": 0.5921030368043957,
    "device": "bPB00055",
    "cycle_start_time": "2021-07-22T01:41:10+00:00"
}