{
    "soc_min": 2,
    "soc_max": 98,
    "r1": 0.008573375930884676,
    "c1": 1999282.9412172784,
    "ir_a": 0.0041961541792225766,
    "ir_b": 0.011456438870818354,
    "ir_c": 0.0015272324751213113,
    "ir_d": 0.0158075277545114,
    "ir_e": 0.17195139170138063,
    "no_cells": 14,
    "cell_temp_init": 35.0000002384003,
    "amb_temp_celsius": 27.00329447046631,
    "bat_cell_cap": 66.0,
    "sohc_init_1": 55.37418209816899,
    "sohc_init_2": 55.37418209816899,
    "sohc_init_3": 55.37418209816899,
    "sohc_init_4": 55.37418209816899,
    "sohc_init_5": 55.37418209816899,
    "sohc_init_6": 55.37418209816899,
    "sohc_init_7": 55.37418209816899,
    "sohc_init_8": 55.37418209816899,
    "sohc_init_9": 55.37418209816899,
    "sohc_init_10": 55.37418209816899,
    "sohc_init_11": 55.37418209816899,
    "sohc_init_12": 55.37418209816899,
    "sohc_init_13": 55.37418209816899,
    "sohc_init_14": 55.37418209816899,
    "sohr_init_1": 1.0682093307346494,
    "sohr_init_2": 1.0682093307346494,
    "sohr_init_3": 1.0682093307346494,
    "sohr_init_4": 1.0682093307346494,
    "sohr_init_5": 1.0682093307346494,
    "sohr_init_6": 1.0682093307346494,
    "sohr_init_7": 1.0682093307346494,
    "sohr_init_8": 1.0682093307346494,
    "sohr_init_9": 1.0682093307346494,
    "sohr_init_10": 1.0682093307346494,
    "sohr_init_11": 1.0682093307346494,
    "sohr_init_12": 1.0682093307346494,
    "sohr_init_13": 1.0682093307346494,
    "sohr_init_14": 1.0682093307346494,
    "soc_init_1": 25.143287200020527,
    "soc_init_2": 25.143287200020527,
    "soc_init_3": 25.143287200020527,
    "soc_init_4": 25.143287200020527,
    "soc_init_5": 25.143287200020527,
    "soc_init_6": 25.143287200020527,
    "soc_init_7": 25.143287200020527,
    "soc_init_8": 25.143287200020527,
    "soc_init_9": 25.143287200020527,
    "soc_init_10": 25.143287200020527,
    "soc_init_11": 25.143287200020527,
    "soc_init_12": 25.143287200020527,
    "soc_init_13": 25.143287200020527,
    "soc_init_14": 25.143287200020527,
    "cost": 0.573371965466077,
    "device": "bPB00055",
    "cycle_start_time": "2022-11-06T04:28:23+00:00"
}