{
    "soc_min": 2,
    "soc_max": 98,
    "r1": 0.008022561369523874,
    "c1": 435122.3384232095,
    "ir_a": 0.0002967146178706316,
    "ir_b": 0.13299529714338695,
    "ir_c": 0.0016133111221861922,
    "ir_d": 0.01537172102978527,
    "ir_e": 0.18003159621006262,
    "no_cells": 14,
    "cell_temp_init": 42.08324810897995,
    "amb_temp_celsius": 34.00309112798168,
    "bat_cell_cap": 66.0,
    "sohc_init_1": 49.71764810662019,
    "sohc_init_2": 49.71764810662019,
    "sohc_init_3": 49.71764810662019,
    "sohc_init_4": 49.71764810662019,
    "sohc_init_5": 49.71764810662019,
    "sohc_init_6": 49.71764810662019,
    "sohc_init_7": 49.71764810662019,
    "sohc_init_8": 49.71764810662019,
    "sohc_init_9": 49.71764810662019,
    "sohc_init_10": 49.71764810662019,
    "sohc_init_11": 49.71764810662019,
    "sohc_init_12": 49.71764810662019,
    "sohc_init_13": 49.71764810662019,
    "sohc_init_14": 49.71764810662019,
    "sohr_init_1": 2.27815261098901,
    "sohr_init_2": 2.27815261098901,
    "sohr_init_3": 2.27815261098901,
    "sohr_init_4": 2.27815261098901,
    "sohr_init_5": 2.27815261098901,
    "sohr_init_6": 2.27815261098901,
    "sohr_init_7": 2.27815261098901,
    "sohr_init_8": 2.27815261098901,
    "sohr_init_9": 2.27815261098901,
    "sohr_init_10": 2.27815261098901,
    "sohr_init_11": 2.27815261098901,
    "sohr_init_12": 2.27815261098901,
    "sohr_init_13": 2.27815261098901,
    "sohr_init_14": 2.27815261098901,
    "soc_init_1": 26.66145253261004,
    "soc_init_2": 26.66145253261004,
    "soc_init_3": 26.66145253261004,
    "soc_init_4": 26.66145253261004,
    "soc_init_5": 26.66145253261004,
    "soc_init_6": 26.66145253261004,
    "soc_init_7": 26.66145253261004,
    "soc_init_8": 26.66145253261004,
    "soc_init_9": 26.66145253261004,
    "soc_init_10": 26.66145253261004,
    "soc_init_11": 26.66145253261004,
    "soc_init_12": 26.66145253261004,
    "soc_init_13": 26.66145253261004,
    "soc_init_14": 26.66145253261004,
    "cost": 1.5465780402784424,
    "device": "bPB00055",
    "cycle_start_time": "2021-11-06T14:27:22+00:00"
}