{
    "soc_min": 2,
    "soc_max": 98,
    "r1": 0.0006842749135145792,
    "c1": 302094.1159870662,
    "ir_a": 0.0009661191491589799,
    "ir_b": 0.19908554509241194,
    "ir_c": 0.0016630076515373442,
    "ir_d": 0.03468394311463576,
    "ir_e": 0.992042542888982,
    "no_cells": 14,
    "cell_temp_init": 36.00000515199814,
    "amb_temp_celsius": 28.00045923144816,
    "bat_cell_cap": 66.0,
    "sohc_init_1": 48.67359570939037,
    "sohc_init_2": 48.67359570939037,
    "sohc_init_3": 48.67359570939037,
    "sohc_init_4": 48.67359570939037,
    "sohc_init_5": 48.67359570939037,
    "sohc_init_6": 48.67359570939037,
    "sohc_init_7": 48.67359570939037,
    "sohc_init_8": 48.67359570939037,
    "sohc_init_9": 48.67359570939037,
    "sohc_init_10": 48.67359570939037,
    "sohc_init_11": 48.67359570939037,
    "sohc_init_12": 48.67359570939037,
    "sohc_init_13": 48.67359570939037,
    "sohc_init_14": 48.67359570939037,
    "sohr_init_1": 2.0422114932871764,
    "sohr_init_2": 2.0422114932871764,
    "sohr_init_3": 2.0422114932871764,
    "sohr_init_4": 2.0422114932871764,
    "sohr_init_5": 2.0422114932871764,
    "sohr_init_6": 2.0422114932871764,
    "sohr_init_7": 2.0422114932871764,
    "sohr_init_8": 2.0422114932871764,
    "sohr_init_9": 2.0422114932871764,
    "sohr_init_10": 2.0422114932871764,
    "sohr_init_11": 2.0422114932871764,
    "sohr_init_12": 2.0422114932871764,
    "sohr_init_13": 2.0422114932871764,
    "sohr_init_14": 2.0422114932871764,
    "soc_init_1": 24.70999553347445,
    "soc_init_2": 24.70999553347445,
    "soc_init_3": 24.70999553347445,
    "soc_init_4": 24.70999553347445,
    "soc_init_5": 24.70999553347445,
    "soc_init_6": 24.70999553347445,
    "soc_init_7": 24.70999553347445,
    "soc_init_8": 24.70999553347445,
    "soc_init_9": 24.70999553347445,
    "soc_init_10": 24.70999553347445,
    "soc_init_11": 24.70999553347445,
    "soc_init_12": 24.70999553347445,
    "soc_init_13": 24.70999553347445,
    "soc_init_14": 24.70999553347445,
    "cost": 0.544879323072291,
    "device": "bPB00055",
    "cycle_start_time": "2022-11-11T00:47:37+00:00"
}