{
    "soc_min": 2,
    "soc_max": 98,
    "r1": 0.019923637370019814,
    "c1": 1996505.5955392856,
    "ir_a": 0.00010487453799681009,
    "ir_b": 0.06796113876164542,
    "ir_c": 0.0015292652565522297,
    "ir_d": 0.09996512749375328,
    "ir_e": 0.9999765858305416,
    "no_cells": 14,
    "cell_temp_init": 37.01627752638083,
    "amb_temp_celsius": 29.000178051525157,
    "bat_cell_cap": 66.0,
    "sohc_init_1": 45.003252480934584,
    "sohc_init_2": 45.003252480934584,
    "sohc_init_3": 45.003252480934584,
    "sohc_init_4": 45.003252480934584,
    "sohc_init_5": 45.003252480934584,
    "sohc_init_6": 45.003252480934584,
    "sohc_init_7": 45.003252480934584,
    "sohc_init_8": 45.003252480934584,
    "sohc_init_9": 45.003252480934584,
    "sohc_init_10": 45.003252480934584,
    "sohc_init_11": 45.003252480934584,
    "sohc_init_12": 45.003252480934584,
    "sohc_init_13": 45.003252480934584,
    "sohc_init_14": 45.003252480934584,
    "sohr_init_1": 1.124090563558292,
    "sohr_init_2": 1.124090563558292,
    "sohr_init_3": 1.124090563558292,
    "sohr_init_4": 1.124090563558292,
    "sohr_init_5": 1.124090563558292,
    "sohr_init_6": 1.124090563558292,
    "sohr_init_7": 1.124090563558292,
    "sohr_init_8": 1.124090563558292,
    "sohr_init_9": 1.124090563558292,
    "sohr_init_10": 1.124090563558292,
    "sohr_init_11": 1.124090563558292,
    "sohr_init_12": 1.124090563558292,
    "sohr_init_13": 1.124090563558292,
    "sohr_init_14": 1.124090563558292,
    "soc_init_1": 15.089946562872646,
    "soc_init_2": 15.089946562872646,
    "soc_init_3": 15.089946562872646,
    "soc_init_4": 15.089946562872646,
    "soc_init_5": 15.089946562872646,
    "soc_init_6": 15.089946562872646,
    "soc_init_7": 15.089946562872646,
    "soc_init_8": 15.089946562872646,
    "soc_init_9": 15.089946562872646,
    "soc_init_10": 15.089946562872646,
    "soc_init_11": 15.089946562872646,
    "soc_init_12": 15.089946562872646,
    "soc_init_13": 15.089946562872646,
    "soc_init_14": 15.089946562872646,
    "cost": 0.7149402020791558,
    "device": "bPB00055",
    "cycle_start_time": "2022-10-27T23:47:52+00:00"
}