{
    "soc_min": 2,
    "soc_max": 98,
    "r1": 0.019992935553813453,
    "c1": 1999992.2955486132,
    "ir_a": 0.0028071195759296883,
    "ir_b": 0.0964337766837779,
    "ir_c": 0.0025394506803559005,
    "ir_d": 0.010025319390256837,
    "ir_e": 0.010045940582949124,
    "no_cells": 14,
    "cell_temp_init": 34.00098458226874,
    "amb_temp_celsius": 26.000021970132973,
    "bat_cell_cap": 66.0,
    "sohc_init_1": 69.36801319823046,
    "sohc_init_2": 69.36801319823046,
    "sohc_init_3": 69.36801319823046,
    "sohc_init_4": 69.36801319823046,
    "sohc_init_5": 69.36801319823046,
    "sohc_init_6": 69.36801319823046,
    "sohc_init_7": 69.36801319823046,
    "sohc_init_8": 69.36801319823046,
    "sohc_init_9": 69.36801319823046,
    "sohc_init_10": 69.36801319823046,
    "sohc_init_11": 69.36801319823046,
    "sohc_init_12": 69.36801319823046,
    "sohc_init_13": 69.36801319823046,
    "sohc_init_14": 69.36801319823046,
    "sohr_init_1": 1.0003921266047051,
    "sohr_init_2": 1.0003921266047051,
    "sohr_init_3": 1.0003921266047051,
    "sohr_init_4": 1.0003921266047051,
    "sohr_init_5": 1.0003921266047051,
    "sohr_init_6": 1.0003921266047051,
    "sohr_init_7": 1.0003921266047051,
    "sohr_init_8": 1.0003921266047051,
    "sohr_init_9": 1.0003921266047051,
    "sohr_init_10": 1.0003921266047051,
    "sohr_init_11": 1.0003921266047051,
    "sohr_init_12": 1.0003921266047051,
    "sohr_init_13": 1.0003921266047051,
    "sohr_init_14": 1.0003921266047051,
    "soc_init_1": 10.143143864996194,
    "soc_init_2": 10.143143864996194,
    "soc_init_3": 10.143143864996194,
    "soc_init_4": 10.143143864996194,
    "soc_init_5": 10.143143864996194,
    "soc_init_6": 10.143143864996194,
    "soc_init_7": 10.143143864996194,
    "soc_init_8": 10.143143864996194,
    "soc_init_9": 10.143143864996194,
    "soc_init_10": 10.143143864996194,
    "soc_init_11": 10.143143864996194,
    "soc_init_12": 10.143143864996194,
    "soc_init_13": 10.143143864996194,
    "soc_init_14": 10.143143864996194,
    "cost": 0.19630003579825453,
    "device": "bPB00055",
    "cycle_start_time": "2021-11-05T13:06:07+00:00"
}