{
    "soc_min": 2,
    "soc_max": 98,
    "r1": 0.014556780726521404,
    "c1": 260425.6367885171,
    "ir_a": 0.00010204950976271327,
    "ir_b": 0.15037223421083382,
    "ir_c": 0.0018074206745973434,
    "ir_d": 0.09907953391977599,
    "ir_e": 0.9997140818347747,
    "no_cells": 14,
    "cell_temp_init": 42.73085952667958,
    "amb_temp_celsius": 34.00619821028513,
    "bat_cell_cap": 66.0,
    "sohc_init_1": 65.92386829181129,
    "sohc_init_2": 65.92386829181129,
    "sohc_init_3": 65.92386829181129,
    "sohc_init_4": 65.92386829181129,
    "sohc_init_5": 65.92386829181129,
    "sohc_init_6": 65.92386829181129,
    "sohc_init_7": 65.92386829181129,
    "sohc_init_8": 65.92386829181129,
    "sohc_init_9": 65.92386829181129,
    "sohc_init_10": 65.92386829181129,
    "sohc_init_11": 65.92386829181129,
    "sohc_init_12": 65.92386829181129,
    "sohc_init_13": 65.92386829181129,
    "sohc_init_14": 65.92386829181129,
    "sohr_init_1": 1.4224885963877338,
    "sohr_init_2": 1.4224885963877338,
    "sohr_init_3": 1.4224885963877338,
    "sohr_init_4": 1.4224885963877338,
    "sohr_init_5": 1.4224885963877338,
    "sohr_init_6": 1.4224885963877338,
    "sohr_init_7": 1.4224885963877338,
    "sohr_init_8": 1.4224885963877338,
    "sohr_init_9": 1.4224885963877338,
    "sohr_init_10": 1.4224885963877338,
    "sohr_init_11": 1.4224885963877338,
    "sohr_init_12": 1.4224885963877338,
    "sohr_init_13": 1.4224885963877338,
    "sohr_init_14": 1.4224885963877338,
    "soc_init_1": 9.877102761993545,
    "soc_init_2": 9.877102761993545,
    "soc_init_3": 9.877102761993545,
    "soc_init_4": 9.877102761993545,
    "soc_init_5": 9.877102761993545,
    "soc_init_6": 9.877102761993545,
    "soc_init_7": 9.877102761993545,
    "soc_init_8": 9.877102761993545,
    "soc_init_9": 9.877102761993545,
    "soc_init_10": 9.877102761993545,
    "soc_init_11": 9.877102761993545,
    "soc_init_12": 9.877102761993545,
    "soc_init_13": 9.877102761993545,
    "soc_init_14": 9.877102761993545,
    "cost": 0.3566941474356279,
    "device": "bPB00055",
    "cycle_start_time": "2021-07-01T22:02:26+00:00"
}