{
    "soc_min": 2,
    "soc_max": 98,
    "r1": 0.0017233147468659238,
    "c1": 1747636.826944841,
    "ir_a": 0.0021519115434989943,
    "ir_b": 0.05758936414986208,
    "ir_c": 3.235853086789282e-05,
    "ir_d": 0.08907584114035262,
    "ir_e": 0.6112437470985115,
    "no_cells": 14,
    "cell_temp_init": 41.01419729063854,
    "amb_temp_celsius": 33.001825101491285,
    "bat_cell_cap": 66.0,
    "sohc_init_1": 63.71189042813184,
    "sohc_init_2": 63.71189042813184,
    "sohc_init_3": 63.71189042813184,
    "sohc_init_4": 63.71189042813184,
    "sohc_init_5": 63.71189042813184,
    "sohc_init_6": 63.71189042813184,
    "sohc_init_7": 63.71189042813184,
    "sohc_init_8": 63.71189042813184,
    "sohc_init_9": 63.71189042813184,
    "sohc_init_10": 63.71189042813184,
    "sohc_init_11": 63.71189042813184,
    "sohc_init_12": 63.71189042813184,
    "sohc_init_13": 63.71189042813184,
    "sohc_init_14": 63.71189042813184,
    "sohr_init_1": 2.2899191122567566,
    "sohr_init_2": 2.2899191122567566,
    "sohr_init_3": 2.2899191122567566,
    "sohr_init_4": 2.2899191122567566,
    "sohr_init_5": 2.2899191122567566,
    "sohr_init_6": 2.2899191122567566,
    "sohr_init_7": 2.2899191122567566,
    "sohr_init_8": 2.2899191122567566,
    "sohr_init_9": 2.2899191122567566,
    "sohr_init_10": 2.2899191122567566,
    "sohr_init_11": 2.2899191122567566,
    "sohr_init_12": 2.2899191122567566,
    "sohr_init_13": 2.2899191122567566,
    "sohr_init_14": 2.2899191122567566,
    "soc_init_1": 3.0040570979888184,
    "soc_init_2": 3.0040570979888184,
    "soc_init_3": 3.0040570979888184,
    "soc_init_4": 3.0040570979888184,
    "soc_init_5": 3.0040570979888184,
    "soc_init_6": 3.0040570979888184,
    "soc_init_7": 3.0040570979888184,
    "soc_init_8": 3.0040570979888184,
    "soc_init_9": 3.0040570979888184,
    "soc_init_10": 3.0040570979888184,
    "soc_init_11": 3.0040570979888184,
    "soc_init_12": 3.0040570979888184,
    "soc_init_13": 3.0040570979888184,
    "soc_init_14": 3.0040570979888184,
    "cost": 0.2776144049251556,
    "device": "bPB00055",
    "cycle_start_time": "2022-06-09T02:01:48+00:00"
}