{
    "soc_min": 2,
    "soc_max": 98,
    "r1": 0.00011174236441380314,
    "c1": 147747.20150381883,
    "ir_a": 0.003789733744615142,
    "ir_b": 0.1519940152558252,
    "ir_c": 0.0016983155443988124,
    "ir_d": 0.09993903925381661,
    "ir_e": 0.9993044414978481,
    "no_cells": 14,
    "cell_temp_init": 42.00078437008549,
    "amb_temp_celsius": 34.00206315150536,
    "bat_cell_cap": 66.0,
    "sohc_init_1": 45.00309168359919,
    "sohc_init_2": 45.00309168359919,
    "sohc_init_3": 45.00309168359919,
    "sohc_init_4": 45.00309168359919,
    "sohc_init_5": 45.00309168359919,
    "sohc_init_6": 45.00309168359919,
    "sohc_init_7": 45.00309168359919,
    "sohc_init_8": 45.00309168359919,
    "sohc_init_9": 45.00309168359919,
    "sohc_init_10": 45.00309168359919,
    "sohc_init_11": 45.00309168359919,
    "sohc_init_12": 45.00309168359919,
    "sohc_init_13": 45.00309168359919,
    "sohc_init_14": 45.00309168359919,
    "sohr_init_1": 2.999774186244186,
    "sohr_init_2": 2.999774186244186,
    "sohr_init_3": 2.999774186244186,
    "sohr_init_4": 2.999774186244186,
    "sohr_init_5": 2.999774186244186,
    "sohr_init_6": 2.999774186244186,
    "sohr_init_7": 2.999774186244186,
    "sohr_init_8": 2.999774186244186,
    "sohr_init_9": 2.999774186244186,
    "sohr_init_10": 2.999774186244186,
    "sohr_init_11": 2.999774186244186,
    "sohr_init_12": 2.999774186244186,
    "sohr_init_13": 2.999774186244186,
    "sohr_init_14": 2.999774186244186,
    "soc_init_1": 3.004725836959969,
    "soc_init_2": 3.004725836959969,
    "soc_init_3": 3.004725836959969,
    "soc_init_4": 3.004725836959969,
    "soc_init_5": 3.004725836959969,
    "soc_init_6": 3.004725836959969,
    "soc_init_7": 3.004725836959969,
    "soc_init_8": 3.004725836959969,
    "soc_init_9": 3.004725836959969,
    "soc_init_10": 3.004725836959969,
    "soc_init_11": 3.004725836959969,
    "soc_init_12": 3.004725836959969,
    "soc_init_13": 3.004725836959969,
    "soc_init_14": 3.004725836959969,
    "cost": 1.1126982236441179,
    "device": "bPB00055",
    "cycle_start_time": "2022-09-14T12:13:36+00:00"
}