{
    "soc_min": 2,
    "soc_max": 98,
    "r1": 0.010588339713691608,
    "c1": 299179.11512579606,
    "ir_a": 0.009226750895884631,
    "ir_b": 0.10541912805225814,
    "ir_c": 0.0014765720731886062,
    "ir_d": 0.010033195769427801,
    "ir_e": 0.7188686173974613,
    "no_cells": 14,
    "cell_temp_init": 42.222850688421175,
    "amb_temp_celsius": 34.02016664749789,
    "bat_cell_cap": 66.0,
    "sohc_init_1": 45.01095469359225,
    "sohc_init_2": 45.01095469359225,
    "sohc_init_3": 45.01095469359225,
    "sohc_init_4": 45.01095469359225,
    "sohc_init_5": 45.01095469359225,
    "sohc_init_6": 45.01095469359225,
    "sohc_init_7": 45.01095469359225,
    "sohc_init_8": 45.01095469359225,
    "sohc_init_9": 45.01095469359225,
    "sohc_init_10": 45.01095469359225,
    "sohc_init_11": 45.01095469359225,
    "sohc_init_12": 45.01095469359225,
    "sohc_init_13": 45.01095469359225,
    "sohc_init_14": 45.01095469359225,
    "sohr_init_1": 2.1974419496055746,
    "sohr_init_2": 2.1974419496055746,
    "sohr_init_3": 2.1974419496055746,
    "sohr_init_4": 2.1974419496055746,
    "sohr_init_5": 2.1974419496055746,
    "sohr_init_6": 2.1974419496055746,
    "sohr_init_7": 2.1974419496055746,
    "sohr_init_8": 2.1974419496055746,
    "sohr_init_9": 2.1974419496055746,
    "sohr_init_10": 2.1974419496055746,
    "sohr_init_11": 2.1974419496055746,
    "sohr_init_12": 2.1974419496055746,
    "sohr_init_13": 2.1974419496055746,
    "sohr_init_14": 2.1974419496055746,
    "soc_init_1": 26.266274512639807,
    "soc_init_2": 26.266274512639807,
    "soc_init_3": 26.266274512639807,
    "soc_init_4": 26.266274512639807,
    "soc_init_5": 26.266274512639807,
    "soc_init_6": 26.266274512639807,
    "soc_init_7": 26.266274512639807,
    "soc_init_8": 26.266274512639807,
    "soc_init_9": 26.266274512639807,
    "soc_init_10": 26.266274512639807,
    "soc_init_11": 26.266274512639807,
    "soc_init_12": 26.266274512639807,
    "soc_init_13": 26.266274512639807,
    "soc_init_14": 26.266274512639807,
    "cost": 1.8841163343766822,
    "device": "bPB00055",
    "cycle_start_time": "2021-11-05T03:08:29+00:00"
}