{
    "soc_min": 2,
    "soc_max": 98,
    "r1": 0.0018745702526672815,
    "c1": 100198.73537047753,
    "ir_a": 0.0003406404138128114,
    "ir_b": 0.16518654362941984,
    "ir_c": 0.0009498834148648649,
    "ir_d": 0.035085788698595057,
    "ir_e": 0.5434344639374312,
    "no_cells": 14,
    "cell_temp_init": 36.000341516973826,
    "amb_temp_celsius": 28.000490471719477,
    "bat_cell_cap": 66.0,
    "sohc_init_1": 49.37873966157534,
    "sohc_init_2": 49.37873966157534,
    "sohc_init_3": 49.37873966157534,
    "sohc_init_4": 49.37873966157534,
    "sohc_init_5": 49.37873966157534,
    "sohc_init_6": 49.37873966157534,
    "sohc_init_7": 49.37873966157534,
    "sohc_init_8": 49.37873966157534,
    "sohc_init_9": 49.37873966157534,
    "sohc_init_10": 49.37873966157534,
    "sohc_init_11": 49.37873966157534,
    "sohc_init_12": 49.37873966157534,
    "sohc_init_13": 49.37873966157534,
    "sohc_init_14": 49.37873966157534,
    "sohr_init_1": 2.3890385023038356,
    "sohr_init_2": 2.3890385023038356,
    "sohr_init_3": 2.3890385023038356,
    "sohr_init_4": 2.3890385023038356,
    "sohr_init_5": 2.3890385023038356,
    "sohr_init_6": 2.3890385023038356,
    "sohr_init_7": 2.3890385023038356,
    "sohr_init_8": 2.3890385023038356,
    "sohr_init_9": 2.3890385023038356,
    "sohr_init_10": 2.3890385023038356,
    "sohr_init_11": 2.3890385023038356,
    "sohr_init_12": 2.3890385023038356,
    "sohr_init_13": 2.3890385023038356,
    "sohr_init_14": 2.3890385023038356,
    "soc_init_1": 26.418957674085647,
    "soc_init_2": 26.418957674085647,
    "soc_init_3": 26.418957674085647,
    "soc_init_4": 26.418957674085647,
    "soc_init_5": 26.418957674085647,
    "soc_init_6": 26.418957674085647,
    "soc_init_7": 26.418957674085647,
    "soc_init_8": 26.418957674085647,
    "soc_init_9": 26.418957674085647,
    "soc_init_10": 26.418957674085647,
    "soc_init_11": 26.418957674085647,
    "soc_init_12": 26.418957674085647,
    "soc_init_13": 26.418957674085647,
    "soc_init_14": 26.418957674085647,
    "cost": 0.5477900991700851,
    "device": "bPB00055",
    "cycle_start_time": "2022-11-14T08:42:02+00:00"
}