{
    "soc_min": 2,
    "soc_max": 98,
    "r1": 0.0022472663353957463,
    "c1": 518406.0366579905,
    "ir_a": 0.009900072650154869,
    "ir_b": 0.17351285455866533,
    "ir_c": 0.00039926679998324833,
    "ir_d": 0.05052602399486569,
    "ir_e": 0.01160679822721649,
    "no_cells": 14,
    "cell_temp_init": 41.000735188973,
    "amb_temp_celsius": 33.00233956111411,
    "bat_cell_cap": 66.0,
    "sohc_init_1": 54.27225825283725,
    "sohc_init_2": 54.27225825283725,
    "sohc_init_3": 54.27225825283725,
    "sohc_init_4": 54.27225825283725,
    "sohc_init_5": 54.27225825283725,
    "sohc_init_6": 54.27225825283725,
    "sohc_init_7": 54.27225825283725,
    "sohc_init_8": 54.27225825283725,
    "sohc_init_9": 54.27225825283725,
    "sohc_init_10": 54.27225825283725,
    "sohc_init_11": 54.27225825283725,
    "sohc_init_12": 54.27225825283725,
    "sohc_init_13": 54.27225825283725,
    "sohc_init_14": 54.27225825283725,
    "sohr_init_1": 2.371765879598259,
    "sohr_init_2": 2.371765879598259,
    "sohr_init_3": 2.371765879598259,
    "sohr_init_4": 2.371765879598259,
    "sohr_init_5": 2.371765879598259,
    "sohr_init_6": 2.371765879598259,
    "sohr_init_7": 2.371765879598259,
    "sohr_init_8": 2.371765879598259,
    "sohr_init_9": 2.371765879598259,
    "sohr_init_10": 2.371765879598259,
    "sohr_init_11": 2.371765879598259,
    "sohr_init_12": 2.371765879598259,
    "sohr_init_13": 2.371765879598259,
    "sohr_init_14": 2.371765879598259,
    "soc_init_1": 19.22704951519531,
    "soc_init_2": 19.22704951519531,
    "soc_init_3": 19.22704951519531,
    "soc_init_4": 19.22704951519531,
    "soc_init_5": 19.22704951519531,
    "soc_init_6": 19.22704951519531,
    "soc_init_7": 19.22704951519531,
    "soc_init_8": 19.22704951519531,
    "soc_init_9": 19.22704951519531,
    "soc_init_10": 19.22704951519531,
    "soc_init_11": 19.22704951519531,
    "soc_init_12": 19.22704951519531,
    "soc_init_13": 19.22704951519531,
    "soc_init_14": 19.22704951519531,
    "cost": 0.5913890555205468,
    "device": "bPB00055",
    "cycle_start_time": "2022-08-18T01:30:47+00:00"
}