{
    "soc_min": 2,
    "soc_max": 98,
    "r1": 0.007532253771470577,
    "c1": 1999294.7026925648,
    "ir_a": 0.00014202109152876595,
    "ir_b": 0.1734006323049499,
    "ir_c": 0.0037079113799133446,
    "ir_d": 0.09944598700216188,
    "ir_e": 0.07178517015140382,
    "no_cells": 14,
    "cell_temp_init": 35.00075352954461,
    "amb_temp_celsius": 27.00319439501863,
    "bat_cell_cap": 66.0,
    "sohc_init_1": 55.184083694478,
    "sohc_init_2": 55.184083694478,
    "sohc_init_3": 55.184083694478,
    "sohc_init_4": 55.184083694478,
    "sohc_init_5": 55.184083694478,
    "sohc_init_6": 55.184083694478,
    "sohc_init_7": 55.184083694478,
    "sohc_init_8": 55.184083694478,
    "sohc_init_9": 55.184083694478,
    "sohc_init_10": 55.184083694478,
    "sohc_init_11": 55.184083694478,
    "sohc_init_12": 55.184083694478,
    "sohc_init_13": 55.184083694478,
    "sohc_init_14": 55.184083694478,
    "sohr_init_1": 1.1221727663357655,
    "sohr_init_2": 1.1221727663357655,
    "sohr_init_3": 1.1221727663357655,
    "sohr_init_4": 1.1221727663357655,
    "sohr_init_5": 1.1221727663357655,
    "sohr_init_6": 1.1221727663357655,
    "sohr_init_7": 1.1221727663357655,
    "sohr_init_8": 1.1221727663357655,
    "sohr_init_9": 1.1221727663357655,
    "sohr_init_10": 1.1221727663357655,
    "sohr_init_11": 1.1221727663357655,
    "sohr_init_12": 1.1221727663357655,
    "sohr_init_13": 1.1221727663357655,
    "sohr_init_14": 1.1221727663357655,
    "soc_init_1": 26.16729532347414,
    "soc_init_2": 26.16729532347414,
    "soc_init_3": 26.16729532347414,
    "soc_init_4": 26.16729532347414,
    "soc_init_5": 26.16729532347414,
    "soc_init_6": 26.16729532347414,
    "soc_init_7": 26.16729532347414,
    "soc_init_8": 26.16729532347414,
    "soc_init_9": 26.16729532347414,
    "soc_init_10": 26.16729532347414,
    "soc_init_11": 26.16729532347414,
    "soc_init_12": 26.16729532347414,
    "soc_init_13": 26.16729532347414,
    "soc_init_14": 26.16729532347414,
    "cost": 0.5666934613591372,
    "device": "bPB00055",
    "cycle_start_time": "2022-11-08T12:05:57+00:00"
}