{
    "soc_min": 2,
    "soc_max": 98,
    "r1": 0.0034534498055965777,
    "c1": 817682.4569753932,
    "ir_a": 0.0026768712064956,
    "ir_b": 0.14012459209169764,
    "ir_c": 0.0024715664206395103,
    "ir_d": 0.016556277755660393,
    "ir_e": 0.3366503443501117,
    "no_cells": 14,
    "cell_temp_init": 43.00033888976196,
    "amb_temp_celsius": 35.207662153134976,
    "bat_cell_cap": 66.0,
    "sohc_init_1": 45.0263373241276,
    "sohc_init_2": 45.0263373241276,
    "sohc_init_3": 45.0263373241276,
    "sohc_init_4": 45.0263373241276,
    "sohc_init_5": 45.0263373241276,
    "sohc_init_6": 45.0263373241276,
    "sohc_init_7": 45.0263373241276,
    "sohc_init_8": 45.0263373241276,
    "sohc_init_9": 45.0263373241276,
    "sohc_init_10": 45.0263373241276,
    "sohc_init_11": 45.0263373241276,
    "sohc_init_12": 45.0263373241276,
    "sohc_init_13": 45.0263373241276,
    "sohc_init_14": 45.0263373241276,
    "sohr_init_1": 2.5698628731478657,
    "sohr_init_2": 2.5698628731478657,
    "sohr_init_3": 2.5698628731478657,
    "sohr_init_4": 2.5698628731478657,
    "sohr_init_5": 2.5698628731478657,
    "sohr_init_6": 2.5698628731478657,
    "sohr_init_7": 2.5698628731478657,
    "sohr_init_8": 2.5698628731478657,
    "sohr_init_9": 2.5698628731478657,
    "sohr_init_10": 2.5698628731478657,
    "sohr_init_11": 2.5698628731478657,
    "sohr_init_12": 2.5698628731478657,
    "sohr_init_13": 2.5698628731478657,
    "sohr_init_14": 2.5698628731478657,
    "soc_init_1": 14.049380258139411,
    "soc_init_2": 14.049380258139411,
    "soc_init_3": 14.049380258139411,
    "soc_init_4": 14.049380258139411,
    "soc_init_5": 14.049380258139411,
    "soc_init_6": 14.049380258139411,
    "soc_init_7": 14.049380258139411,
    "soc_init_8": 14.049380258139411,
    "soc_init_9": 14.049380258139411,
    "soc_init_10": 14.049380258139411,
    "soc_init_11": 14.049380258139411,
    "soc_init_12": 14.049380258139411,
    "soc_init_13": 14.049380258139411,
    "soc_init_14": 14.049380258139411,
    "cost": 1.277582967551311,
    "device": "bPB00055",
    "cycle_start_time": "2022-08-04T02:10:27+00:00"
}