{
    "soc_min": 2,
    "soc_max": 98,
    "r1": 0.0010155932564057276,
    "c1": 536388.3896655967,
    "ir_a": 0.003251962700030138,
    "ir_b": 0.1997775815723902,
    "ir_c": 0.0014496959151616448,
    "ir_d": 0.08098895385512019,
    "ir_e": 0.603591140047556,
    "no_cells": 14,
    "cell_temp_init": 37.00136782281225,
    "amb_temp_celsius": 29.00102000769334,
    "bat_cell_cap": 66.0,
    "sohc_init_1": 51.188921793633035,
    "sohc_init_2": 51.188921793633035,
    "sohc_init_3": 51.188921793633035,
    "sohc_init_4": 51.188921793633035,
    "sohc_init_5": 51.188921793633035,
    "sohc_init_6": 51.188921793633035,
    "sohc_init_7": 51.188921793633035,
    "sohc_init_8": 51.188921793633035,
    "sohc_init_9": 51.188921793633035,
    "sohc_init_10": 51.188921793633035,
    "sohc_init_11": 51.188921793633035,
    "sohc_init_12": 51.188921793633035,
    "sohc_init_13": 51.188921793633035,
    "sohc_init_14": 51.188921793633035,
    "sohr_init_1": 1.963002302674914,
    "sohr_init_2": 1.963002302674914,
    "sohr_init_3": 1.963002302674914,
    "sohr_init_4": 1.963002302674914,
    "sohr_init_5": 1.963002302674914,
    "sohr_init_6": 1.963002302674914,
    "sohr_init_7": 1.963002302674914,
    "sohr_init_8": 1.963002302674914,
    "sohr_init_9": 1.963002302674914,
    "sohr_init_10": 1.963002302674914,
    "sohr_init_11": 1.963002302674914,
    "sohr_init_12": 1.963002302674914,
    "sohr_init_13": 1.963002302674914,
    "sohr_init_14": 1.963002302674914,
    "soc_init_1": 23.94393189917909,
    "soc_init_2": 23.94393189917909,
    "soc_init_3": 23.94393189917909,
    "soc_init_4": 23.94393189917909,
    "soc_init_5": 23.94393189917909,
    "soc_init_6": 23.94393189917909,
    "soc_init_7": 23.94393189917909,
    "soc_init_8": 23.94393189917909,
    "soc_init_9": 23.94393189917909,
    "soc_init_10": 23.94393189917909,
    "soc_init_11": 23.94393189917909,
    "soc_init_12": 23.94393189917909,
    "soc_init_13": 23.94393189917909,
    "soc_init_14": 23.94393189917909,
    "cost": 0.5933518691285924,
    "device": "bPB00055",
    "cycle_start_time": "2022-10-30T16:34:57+00:00"
}