{
    "soc_min": 2,
    "soc_max": 98,
    "r1": 0.01962712231002922,
    "c1": 1997340.4930577048,
    "ir_a": 0.0006098592682132746,
    "ir_b": 0.018950498646749133,
    "ir_c": 8.106042830212322e-05,
    "ir_d": 0.027139614957237004,
    "ir_e": 0.09798350810100391,
    "no_cells": 14,
    "cell_temp_init": 42.13035420354548,
    "amb_temp_celsius": 35.86380992597044,
    "bat_cell_cap": 66.0,
    "sohc_init_1": 59.92994076070631,
    "sohc_init_2": 59.92994076070631,
    "sohc_init_3": 59.92994076070631,
    "sohc_init_4": 59.92994076070631,
    "sohc_init_5": 59.92994076070631,
    "sohc_init_6": 59.92994076070631,
    "sohc_init_7": 59.92994076070631,
    "sohc_init_8": 59.92994076070631,
    "sohc_init_9": 59.92994076070631,
    "sohc_init_10": 59.92994076070631,
    "sohc_init_11": 59.92994076070631,
    "sohc_init_12": 59.92994076070631,
    "sohc_init_13": 59.92994076070631,
    "sohc_init_14": 59.92994076070631,
    "sohr_init_1": 1.473858668130167,
    "sohr_init_2": 1.473858668130167,
    "sohr_init_3": 1.473858668130167,
    "sohr_init_4": 1.473858668130167,
    "sohr_init_5": 1.473858668130167,
    "sohr_init_6": 1.473858668130167,
    "sohr_init_7": 1.473858668130167,
    "sohr_init_8": 1.473858668130167,
    "sohr_init_9": 1.473858668130167,
    "sohr_init_10": 1.473858668130167,
    "sohr_init_11": 1.473858668130167,
    "sohr_init_12": 1.473858668130167,
    "sohr_init_13": 1.473858668130167,
    "sohr_init_14": 1.473858668130167,
    "soc_init_1": 31.55105279079613,
    "soc_init_2": 31.55105279079613,
    "soc_init_3": 31.55105279079613,
    "soc_init_4": 31.55105279079613,
    "soc_init_5": 31.55105279079613,
    "soc_init_6": 31.55105279079613,
    "soc_init_7": 31.55105279079613,
    "soc_init_8": 31.55105279079613,
    "soc_init_9": 31.55105279079613,
    "soc_init_10": 31.55105279079613,
    "soc_init_11": 31.55105279079613,
    "soc_init_12": 31.55105279079613,
    "soc_init_13": 31.55105279079613,
    "soc_init_14": 31.55105279079613,
    "cost": 0.5712391975378381,
    "device": "bPB00055",
    "cycle_start_time": "2021-11-13T17:27:26+00:00"
}