{
    "soc_min": 2,
    "soc_max": 98,
    "r1": 0.01574705965123598,
    "c1": 307055.60021479777,
    "ir_a": 0.00589648234423542,
    "ir_b": 0.1847863494944729,
    "ir_c": 0.0017143644200085318,
    "ir_d": 0.07502093997004057,
    "ir_e": 0.9989753265318847,
    "no_cells": 14,
    "cell_temp_init": 42.11772680724356,
    "amb_temp_celsius": 34.00090064775193,
    "bat_cell_cap": 66.0,
    "sohc_init_1": 48.92427444077045,
    "sohc_init_2": 48.92427444077045,
    "sohc_init_3": 48.92427444077045,
    "sohc_init_4": 48.92427444077045,
    "sohc_init_5": 48.92427444077045,
    "sohc_init_6": 48.92427444077045,
    "sohc_init_7": 48.92427444077045,
    "sohc_init_8": 48.92427444077045,
    "sohc_init_9": 48.92427444077045,
    "sohc_init_10": 48.92427444077045,
    "sohc_init_11": 48.92427444077045,
    "sohc_init_12": 48.92427444077045,
    "sohc_init_13": 48.92427444077045,
    "sohc_init_14": 48.92427444077045,
    "sohr_init_1": 1.9637587067912694,
    "sohr_init_2": 1.9637587067912694,
    "sohr_init_3": 1.9637587067912694,
    "sohr_init_4": 1.9637587067912694,
    "sohr_init_5": 1.9637587067912694,
    "sohr_init_6": 1.9637587067912694,
    "sohr_init_7": 1.9637587067912694,
    "sohr_init_8": 1.9637587067912694,
    "sohr_init_9": 1.9637587067912694,
    "sohr_init_10": 1.9637587067912694,
    "sohr_init_11": 1.9637587067912694,
    "sohr_init_12": 1.9637587067912694,
    "sohr_init_13": 1.9637587067912694,
    "sohr_init_14": 1.9637587067912694,
    "soc_init_1": 43.56118009373597,
    "soc_init_2": 43.56118009373597,
    "soc_init_3": 43.56118009373597,
    "soc_init_4": 43.56118009373597,
    "soc_init_5": 43.56118009373597,
    "soc_init_6": 43.56118009373597,
    "soc_init_7": 43.56118009373597,
    "soc_init_8": 43.56118009373597,
    "soc_init_9": 43.56118009373597,
    "soc_init_10": 43.56118009373597,
    "soc_init_11": 43.56118009373597,
    "soc_init_12": 43.56118009373597,
    "soc_init_13": 43.56118009373597,
    "soc_init_14": 43.56118009373597,
    "cost": 1.8987237333440028,
    "device": "bPB00055",
    "cycle_start_time": "2021-11-08T23:11:33+00:00"
}