{
    "soc_min": 2,
    "soc_max": 98,
    "r1": 0.0023631382857729737,
    "c1": 1568974.7775173138,
    "ir_a": 0.0010243156125043429,
    "ir_b": 0.12825133146492812,
    "ir_c": 0.00020549139816763997,
    "ir_d": 0.09999771052513873,
    "ir_e": 0.999838397873832,
    "no_cells": 14,
    "cell_temp_init": 37.15000204773544,
    "amb_temp_celsius": 26.665141403557765,
    "bat_cell_cap": 66.0,
    "sohc_init_1": 69.66238901530835,
    "sohc_init_2": 69.66238901530835,
    "sohc_init_3": 69.66238901530835,
    "sohc_init_4": 69.66238901530835,
    "sohc_init_5": 69.66238901530835,
    "sohc_init_6": 69.66238901530835,
    "sohc_init_7": 69.66238901530835,
    "sohc_init_8": 69.66238901530835,
    "sohc_init_9": 69.66238901530835,
    "sohc_init_10": 69.66238901530835,
    "sohc_init_11": 69.66238901530835,
    "sohc_init_12": 69.66238901530835,
    "sohc_init_13": 69.66238901530835,
    "sohc_init_14": 69.66238901530835,
    "sohr_init_1": 2.9998593219416634,
    "sohr_init_2": 2.9998593219416634,
    "sohr_init_3": 2.9998593219416634,
    "sohr_init_4": 2.9998593219416634,
    "sohr_init_5": 2.9998593219416634,
    "sohr_init_6": 2.9998593219416634,
    "sohr_init_7": 2.9998593219416634,
    "sohr_init_8": 2.9998593219416634,
    "sohr_init_9": 2.9998593219416634,
    "sohr_init_10": 2.9998593219416634,
    "sohr_init_11": 2.9998593219416634,
    "sohr_init_12": 2.9998593219416634,
    "sohr_init_13": 2.9998593219416634,
    "sohr_init_14": 2.9998593219416634,
    "soc_init_1": 39.73732527374653,
    "soc_init_2": 39.73732527374653,
    "soc_init_3": 39.73732527374653,
    "soc_init_4": 39.73732527374653,
    "soc_init_5": 39.73732527374653,
    "soc_init_6": 39.73732527374653,
    "soc_init_7": 39.73732527374653,
    "soc_init_8": 39.73732527374653,
    "soc_init_9": 39.73732527374653,
    "soc_init_10": 39.73732527374653,
    "soc_init_11": 39.73732527374653,
    "soc_init_12": 39.73732527374653,
    "soc_init_13": 39.73732527374653,
    "soc_init_14": 39.73732527374653,
    "cost": 0.281410021395748,
    "device": "bPB00055",
    "cycle_start_time": "2021-07-21T07:21:01+00:00"
}