{
    "soc_min": 2,
    "soc_max": 98,
    "r1": 0.011570658106453361,
    "c1": 824766.2758172292,
    "ir_a": 0.002245830739992564,
    "ir_b": 0.13948928055596607,
    "ir_c": 8.993424759907744e-05,
    "ir_d": 0.04335353630086815,
    "ir_e": 0.05950813506018891,
    "no_cells": 14,
    "cell_temp_init": 44.9935572097746,
    "amb_temp_celsius": 34.52365242915918,
    "bat_cell_cap": 66.0,
    "sohc_init_1": 54.797803095580825,
    "sohc_init_2": 54.797803095580825,
    "sohc_init_3": 54.797803095580825,
    "sohc_init_4": 54.797803095580825,
    "sohc_init_5": 54.797803095580825,
    "sohc_init_6": 54.797803095580825,
    "sohc_init_7": 54.797803095580825,
    "sohc_init_8": 54.797803095580825,
    "sohc_init_9": 54.797803095580825,
    "sohc_init_10": 54.797803095580825,
    "sohc_init_11": 54.797803095580825,
    "sohc_init_12": 54.797803095580825,
    "sohc_init_13": 54.797803095580825,
    "sohc_init_14": 54.797803095580825,
    "sohr_init_1": 1.5079916124158794,
    "sohr_init_2": 1.5079916124158794,
    "sohr_init_3": 1.5079916124158794,
    "sohr_init_4": 1.5079916124158794,
    "sohr_init_5": 1.5079916124158794,
    "sohr_init_6": 1.5079916124158794,
    "sohr_init_7": 1.5079916124158794,
    "sohr_init_8": 1.5079916124158794,
    "sohr_init_9": 1.5079916124158794,
    "sohr_init_10": 1.5079916124158794,
    "sohr_init_11": 1.5079916124158794,
    "sohr_init_12": 1.5079916124158794,
    "sohr_init_13": 1.5079916124158794,
    "sohr_init_14": 1.5079916124158794,
    "soc_init_1": 95.00154449173212,
    "soc_init_2": 95.00154449173212,
    "soc_init_3": 95.00154449173212,
    "soc_init_4": 95.00154449173212,
    "soc_init_5": 95.00154449173212,
    "soc_init_6": 95.00154449173212,
    "soc_init_7": 95.00154449173212,
    "soc_init_8": 95.00154449173212,
    "soc_init_9": 95.00154449173212,
    "soc_init_10": 95.00154449173212,
    "soc_init_11": 95.00154449173212,
    "soc_init_12": 95.00154449173212,
    "soc_init_13": 95.00154449173212,
    "soc_init_14": 95.00154449173212,
    "cost": 0.9451997480247067,
    "device": "bPB00055",
    "cycle_start_time": "2021-11-10T11:00:46+00:00"
}