{
    "soc_min": 2,
    "soc_max": 98,
    "r1": 0.0007578978438113624,
    "c1": 497862.70431291533,
    "ir_a": 0.0016802567407539133,
    "ir_b": 0.17573968645461005,
    "ir_c": 0.0020648701661835855,
    "ir_d": 0.04159534063086339,
    "ir_e": 0.06619567793953865,
    "no_cells": 14,
    "cell_temp_init": 35.00000878316297,
    "amb_temp_celsius": 27.00021331796763,
    "bat_cell_cap": 66.0,
    "sohc_init_1": 50.085807736846256,
    "sohc_init_2": 50.085807736846256,
    "sohc_init_3": 50.085807736846256,
    "sohc_init_4": 50.085807736846256,
    "sohc_init_5": 50.085807736846256,
    "sohc_init_6": 50.085807736846256,
    "sohc_init_7": 50.085807736846256,
    "sohc_init_8": 50.085807736846256,
    "sohc_init_9": 50.085807736846256,
    "sohc_init_10": 50.085807736846256,
    "sohc_init_11": 50.085807736846256,
    "sohc_init_12": 50.085807736846256,
    "sohc_init_13": 50.085807736846256,
    "sohc_init_14": 50.085807736846256,
    "sohr_init_1": 1.849411578023505,
    "sohr_init_2": 1.849411578023505,
    "sohr_init_3": 1.849411578023505,
    "sohr_init_4": 1.849411578023505,
    "sohr_init_5": 1.849411578023505,
    "sohr_init_6": 1.849411578023505,
    "sohr_init_7": 1.849411578023505,
    "sohr_init_8": 1.849411578023505,
    "sohr_init_9": 1.849411578023505,
    "sohr_init_10": 1.849411578023505,
    "sohr_init_11": 1.849411578023505,
    "sohr_init_12": 1.849411578023505,
    "sohr_init_13": 1.849411578023505,
    "sohr_init_14": 1.849411578023505,
    "soc_init_1": 24.509037493911226,
    "soc_init_2": 24.509037493911226,
    "soc_init_3": 24.509037493911226,
    "soc_init_4": 24.509037493911226,
    "soc_init_5": 24.509037493911226,
    "soc_init_6": 24.509037493911226,
    "soc_init_7": 24.509037493911226,
    "soc_init_8": 24.509037493911226,
    "soc_init_9": 24.509037493911226,
    "soc_init_10": 24.509037493911226,
    "soc_init_11": 24.509037493911226,
    "soc_init_12": 24.509037493911226,
    "soc_init_13": 24.509037493911226,
    "soc_init_14": 24.509037493911226,
    "cost": 0.5017707694605743,
    "device": "bPB00055",
    "cycle_start_time": "2022-11-05T20:45:33+00:00"
}