{
    "soc_min": 2,
    "soc_max": 98,
    "r1": 0.008745576139277702,
    "c1": 1983994.4743031072,
    "ir_a": 0.002157831224073084,
    "ir_b": 0.02738526039952357,
    "ir_c": 6.525232764656142e-05,
    "ir_d": 0.03947736698277785,
    "ir_e": 0.48554175184018344,
    "no_cells": 14,
    "cell_temp_init": 44.29034519530623,
    "amb_temp_celsius": 33.3803973016744,
    "bat_cell_cap": 66.0,
    "sohc_init_1": 57.670817206602756,
    "sohc_init_2": 57.670817206602756,
    "sohc_init_3": 57.670817206602756,
    "sohc_init_4": 57.670817206602756,
    "sohc_init_5": 57.670817206602756,
    "sohc_init_6": 57.670817206602756,
    "sohc_init_7": 57.670817206602756,
    "sohc_init_8": 57.670817206602756,
    "sohc_init_9": 57.670817206602756,
    "sohc_init_10": 57.670817206602756,
    "sohc_init_11": 57.670817206602756,
    "sohc_init_12": 57.670817206602756,
    "sohc_init_13": 57.670817206602756,
    "sohc_init_14": 57.670817206602756,
    "sohr_init_1": 1.4768576979563206,
    "sohr_init_2": 1.4768576979563206,
    "sohr_init_3": 1.4768576979563206,
    "sohr_init_4": 1.4768576979563206,
    "sohr_init_5": 1.4768576979563206,
    "sohr_init_6": 1.4768576979563206,
    "sohr_init_7": 1.4768576979563206,
    "sohr_init_8": 1.4768576979563206,
    "sohr_init_9": 1.4768576979563206,
    "sohr_init_10": 1.4768576979563206,
    "sohr_init_11": 1.4768576979563206,
    "sohr_init_12": 1.4768576979563206,
    "sohr_init_13": 1.4768576979563206,
    "sohr_init_14": 1.4768576979563206,
    "soc_init_1": 11.936425632834403,
    "soc_init_2": 11.936425632834403,
    "soc_init_3": 11.936425632834403,
    "soc_init_4": 11.936425632834403,
    "soc_init_5": 11.936425632834403,
    "soc_init_6": 11.936425632834403,
    "soc_init_7": 11.936425632834403,
    "soc_init_8": 11.936425632834403,
    "soc_init_9": 11.936425632834403,
    "soc_init_10": 11.936425632834403,
    "soc_init_11": 11.936425632834403,
    "soc_init_12": 11.936425632834403,
    "soc_init_13": 11.936425632834403,
    "soc_init_14": 11.936425632834403,
    "cost": 0.39631256452721453,
    "device": "bPB00055",
    "cycle_start_time": "2021-07-13T04:17:59+00:00"
}