{
    "soc_min": 2,
    "soc_max": 98,
    "r1": 0.019972960163949467,
    "c1": 1999857.6280133643,
    "ir_a": 0.0016925853831187485,
    "ir_b": 0.03376861821444611,
    "ir_c": 6.325911574264557e-05,
    "ir_d": 0.025037337769350146,
    "ir_e": 0.10253951873287397,
    "no_cells": 14,
    "cell_temp_init": 41.06506740326222,
    "amb_temp_celsius": 33.00254999673431,
    "bat_cell_cap": 66.0,
    "sohc_init_1": 67.79288765649619,
    "sohc_init_2": 67.79288765649619,
    "sohc_init_3": 67.79288765649619,
    "sohc_init_4": 67.79288765649619,
    "sohc_init_5": 67.79288765649619,
    "sohc_init_6": 67.79288765649619,
    "sohc_init_7": 67.79288765649619,
    "sohc_init_8": 67.79288765649619,
    "sohc_init_9": 67.79288765649619,
    "sohc_init_10": 67.79288765649619,
    "sohc_init_11": 67.79288765649619,
    "sohc_init_12": 67.79288765649619,
    "sohc_init_13": 67.79288765649619,
    "sohc_init_14": 67.79288765649619,
    "sohr_init_1": 1.5293333127295046,
    "sohr_init_2": 1.5293333127295046,
    "sohr_init_3": 1.5293333127295046,
    "sohr_init_4": 1.5293333127295046,
    "sohr_init_5": 1.5293333127295046,
    "sohr_init_6": 1.5293333127295046,
    "sohr_init_7": 1.5293333127295046,
    "sohr_init_8": 1.5293333127295046,
    "sohr_init_9": 1.5293333127295046,
    "sohr_init_10": 1.5293333127295046,
    "sohr_init_11": 1.5293333127295046,
    "sohr_init_12": 1.5293333127295046,
    "sohr_init_13": 1.5293333127295046,
    "sohr_init_14": 1.5293333127295046,
    "soc_init_1": 21.081391179602463,
    "soc_init_2": 21.081391179602463,
    "soc_init_3": 21.081391179602463,
    "soc_init_4": 21.081391179602463,
    "soc_init_5": 21.081391179602463,
    "soc_init_6": 21.081391179602463,
    "soc_init_7": 21.081391179602463,
    "soc_init_8": 21.081391179602463,
    "soc_init_9": 21.081391179602463,
    "soc_init_10": 21.081391179602463,
    "soc_init_11": 21.081391179602463,
    "soc_init_12": 21.081391179602463,
    "soc_init_13": 21.081391179602463,
    "soc_init_14": 21.081391179602463,
    "cost": 0.9807894931386235,
    "device": "bPB00055",
    "cycle_start_time": "2021-11-08T16:11:53+00:00"
}