{
    "soc_min": 2,
    "soc_max": 98,
    "r1": 0.013419599851819196,
    "c1": 1968048.4101760527,
    "ir_a": 0.0045764694465672264,
    "ir_b": 0.05369130694696852,
    "ir_c": 1.1343562946675281e-05,
    "ir_d": 0.09975789539089483,
    "ir_e": 0.9945440105941341,
    "no_cells": 14,
    "cell_temp_init": 37.0004190363446,
    "amb_temp_celsius": 29.544251235662724,
    "bat_cell_cap": 66.0,
    "sohc_init_1": 52.70989137601933,
    "sohc_init_2": 52.70989137601933,
    "sohc_init_3": 52.70989137601933,
    "sohc_init_4": 52.70989137601933,
    "sohc_init_5": 52.70989137601933,
    "sohc_init_6": 52.70989137601933,
    "sohc_init_7": 52.70989137601933,
    "sohc_init_8": 52.70989137601933,
    "sohc_init_9": 52.70989137601933,
    "sohc_init_10": 52.70989137601933,
    "sohc_init_11": 52.70989137601933,
    "sohc_init_12": 52.70989137601933,
    "sohc_init_13": 52.70989137601933,
    "sohc_init_14": 52.70989137601933,
    "sohr_init_1": 2.635271396759493,
    "sohr_init_2": 2.635271396759493,
    "sohr_init_3": 2.635271396759493,
    "sohr_init_4": 2.635271396759493,
    "sohr_init_5": 2.635271396759493,
    "sohr_init_6": 2.635271396759493,
    "sohr_init_7": 2.635271396759493,
    "sohr_init_8": 2.635271396759493,
    "sohr_init_9": 2.635271396759493,
    "sohr_init_10": 2.635271396759493,
    "sohr_init_11": 2.635271396759493,
    "sohr_init_12": 2.635271396759493,
    "sohr_init_13": 2.635271396759493,
    "sohr_init_14": 2.635271396759493,
    "soc_init_1": 53.52131033991921,
    "soc_init_2": 53.52131033991921,
    "soc_init_3": 53.52131033991921,
    "soc_init_4": 53.52131033991921,
    "soc_init_5": 53.52131033991921,
    "soc_init_6": 53.52131033991921,
    "soc_init_7": 53.52131033991921,
    "soc_init_8": 53.52131033991921,
    "soc_init_9": 53.52131033991921,
    "soc_init_10": 53.52131033991921,
    "soc_init_11": 53.52131033991921,
    "soc_init_12": 53.52131033991921,
    "soc_init_13": 53.52131033991921,
    "soc_init_14": 53.52131033991921,
    "cost": 0.3104347736172552,
    "device": "bPB00055",
    "cycle_start_time": "2022-05-25T01:05:29+00:00"
}