{
    "soc_min": 2,
    "soc_max": 98,
    "r1": 0.006523302970195472,
    "c1": 1999994.9378897543,
    "ir_a": 0.0006397087482450084,
    "ir_b": 0.12092593262193922,
    "ir_c": 0.0021842538440621263,
    "ir_d": 0.055685733796031346,
    "ir_e": 0.010838928804621334,
    "no_cells": 14,
    "cell_temp_init": 36.000103759168844,
    "amb_temp_celsius": 28.002209870883085,
    "bat_cell_cap": 66.0,
    "sohc_init_1": 55.20818146490334,
    "sohc_init_2": 55.20818146490334,
    "sohc_init_3": 55.20818146490334,
    "sohc_init_4": 55.20818146490334,
    "sohc_init_5": 55.20818146490334,
    "sohc_init_6": 55.20818146490334,
    "sohc_init_7": 55.20818146490334,
    "sohc_init_8": 55.20818146490334,
    "sohc_init_9": 55.20818146490334,
    "sohc_init_10": 55.20818146490334,
    "sohc_init_11": 55.20818146490334,
    "sohc_init_12": 55.20818146490334,
    "sohc_init_13": 55.20818146490334,
    "sohc_init_14": 55.20818146490334,
    "sohr_init_1": 1.7214073727082004,
    "sohr_init_2": 1.7214073727082004,
    "sohr_init_3": 1.7214073727082004,
    "sohr_init_4": 1.7214073727082004,
    "sohr_init_5": 1.7214073727082004,
    "sohr_init_6": 1.7214073727082004,
    "sohr_init_7": 1.7214073727082004,
    "sohr_init_8": 1.7214073727082004,
    "sohr_init_9": 1.7214073727082004,
    "sohr_init_10": 1.7214073727082004,
    "sohr_init_11": 1.7214073727082004,
    "sohr_init_12": 1.7214073727082004,
    "sohr_init_13": 1.7214073727082004,
    "sohr_init_14": 1.7214073727082004,
    "soc_init_1": 25.356909277847823,
    "soc_init_2": 25.356909277847823,
    "soc_init_3": 25.356909277847823,
    "soc_init_4": 25.356909277847823,
    "soc_init_5": 25.356909277847823,
    "soc_init_6": 25.356909277847823,
    "soc_init_7": 25.356909277847823,
    "soc_init_8": 25.356909277847823,
    "soc_init_9": 25.356909277847823,
    "soc_init_10": 25.356909277847823,
    "soc_init_11": 25.356909277847823,
    "soc_init_12": 25.356909277847823,
    "soc_init_13": 25.356909277847823,
    "soc_init_14": 25.356909277847823,
    "cost": 0.5821162796297898,
    "device": "bPB00055",
    "cycle_start_time": "2022-11-05T16:53:24+00:00"
}