{
    "soc_min": 2,
    "soc_max": 98,
    "r1": 0.019969297236826833,
    "c1": 1909758.9017913507,
    "ir_a": 0.0090988334247337,
    "ir_b": 0.1354318053260554,
    "ir_c": 0.00023547154885536695,
    "ir_d": 0.04731550969754278,
    "ir_e": 0.9582329363225136,
    "no_cells": 14,
    "cell_temp_init": 38.00017237156917,
    "amb_temp_celsius": 35.6362573098614,
    "bat_cell_cap": 66.0,
    "sohc_init_1": 63.27604099675286,
    "sohc_init_2": 63.27604099675286,
    "sohc_init_3": 63.27604099675286,
    "sohc_init_4": 63.27604099675286,
    "sohc_init_5": 63.27604099675286,
    "sohc_init_6": 63.27604099675286,
    "sohc_init_7": 63.27604099675286,
    "sohc_init_8": 63.27604099675286,
    "sohc_init_9": 63.27604099675286,
    "sohc_init_10": 63.27604099675286,
    "sohc_init_11": 63.27604099675286,
    "sohc_init_12": 63.27604099675286,
    "sohc_init_13": 63.27604099675286,
    "sohc_init_14": 63.27604099675286,
    "sohr_init_1": 2.858981773100255,
    "sohr_init_2": 2.858981773100255,
    "sohr_init_3": 2.858981773100255,
    "sohr_init_4": 2.858981773100255,
    "sohr_init_5": 2.858981773100255,
    "sohr_init_6": 2.858981773100255,
    "sohr_init_7": 2.858981773100255,
    "sohr_init_8": 2.858981773100255,
    "sohr_init_9": 2.858981773100255,
    "sohr_init_10": 2.858981773100255,
    "sohr_init_11": 2.858981773100255,
    "sohr_init_12": 2.858981773100255,
    "sohr_init_13": 2.858981773100255,
    "sohr_init_14": 2.858981773100255,
    "soc_init_1": 13.386064886525663,
    "soc_init_2": 13.386064886525663,
    "soc_init_3": 13.386064886525663,
    "soc_init_4": 13.386064886525663,
    "soc_init_5": 13.386064886525663,
    "soc_init_6": 13.386064886525663,
    "soc_init_7": 13.386064886525663,
    "soc_init_8": 13.386064886525663,
    "soc_init_9": 13.386064886525663,
    "soc_init_10": 13.386064886525663,
    "soc_init_11": 13.386064886525663,
    "soc_init_12": 13.386064886525663,
    "soc_init_13": 13.386064886525663,
    "soc_init_14": 13.386064886525663,
    "cost": 0.5006029465047189,
    "device": "bPB00055",
    "cycle_start_time": "2021-11-05T20:37:17+00:00"
}