{
    "soc_min": 2,
    "soc_max": 98,
    "r1": 0.00029982980012522773,
    "c1": 418192.6128160127,
    "ir_a": 0.0026857827325704247,
    "ir_b": 0.10125806774603238,
    "ir_c": 0.000234177511851057,
    "ir_d": 0.09999667468665527,
    "ir_e": 0.9997645881290104,
    "no_cells": 14,
    "cell_temp_init": 42.00011196158631,
    "amb_temp_celsius": 34.00956319939489,
    "bat_cell_cap": 66.0,
    "sohc_init_1": 45.00407044224012,
    "sohc_init_2": 45.00407044224012,
    "sohc_init_3": 45.00407044224012,
    "sohc_init_4": 45.00407044224012,
    "sohc_init_5": 45.00407044224012,
    "sohc_init_6": 45.00407044224012,
    "sohc_init_7": 45.00407044224012,
    "sohc_init_8": 45.00407044224012,
    "sohc_init_9": 45.00407044224012,
    "sohc_init_10": 45.00407044224012,
    "sohc_init_11": 45.00407044224012,
    "sohc_init_12": 45.00407044224012,
    "sohc_init_13": 45.00407044224012,
    "sohc_init_14": 45.00407044224012,
    "sohr_init_1": 2.992227788985185,
    "sohr_init_2": 2.992227788985185,
    "sohr_init_3": 2.992227788985185,
    "sohr_init_4": 2.992227788985185,
    "sohr_init_5": 2.992227788985185,
    "sohr_init_6": 2.992227788985185,
    "sohr_init_7": 2.992227788985185,
    "sohr_init_8": 2.992227788985185,
    "sohr_init_9": 2.992227788985185,
    "sohr_init_10": 2.992227788985185,
    "sohr_init_11": 2.992227788985185,
    "sohr_init_12": 2.992227788985185,
    "sohr_init_13": 2.992227788985185,
    "sohr_init_14": 2.992227788985185,
    "soc_init_1": 16.35182211305834,
    "soc_init_2": 16.35182211305834,
    "soc_init_3": 16.35182211305834,
    "soc_init_4": 16.35182211305834,
    "soc_init_5": 16.35182211305834,
    "soc_init_6": 16.35182211305834,
    "soc_init_7": 16.35182211305834,
    "soc_init_8": 16.35182211305834,
    "soc_init_9": 16.35182211305834,
    "soc_init_10": 16.35182211305834,
    "soc_init_11": 16.35182211305834,
    "soc_init_12": 16.35182211305834,
    "soc_init_13": 16.35182211305834,
    "soc_init_14": 16.35182211305834,
    "cost": 0.6800278074338753,
    "device": "bPB00055",
    "cycle_start_time": "2022-09-09T23:36:05+00:00"
}