{
    "soc_min": 2,
    "soc_max": 98,
    "r1": 0.004907000010391851,
    "c1": 1999054.3014213715,
    "ir_a": 0.007058275123282718,
    "ir_b": 0.18224537431826618,
    "ir_c": 0.00013340314230605226,
    "ir_d": 0.010975684322576512,
    "ir_e": 0.013633186667557768,
    "no_cells": 14,
    "cell_temp_init": 42.42757145148445,
    "amb_temp_celsius": 34.05670312223595,
    "bat_cell_cap": 66.0,
    "sohc_init_1": 65.1188206828233,
    "sohc_init_2": 65.1188206828233,
    "sohc_init_3": 65.1188206828233,
    "sohc_init_4": 65.1188206828233,
    "sohc_init_5": 65.1188206828233,
    "sohc_init_6": 65.1188206828233,
    "sohc_init_7": 65.1188206828233,
    "sohc_init_8": 65.1188206828233,
    "sohc_init_9": 65.1188206828233,
    "sohc_init_10": 65.1188206828233,
    "sohc_init_11": 65.1188206828233,
    "sohc_init_12": 65.1188206828233,
    "sohc_init_13": 65.1188206828233,
    "sohc_init_14": 65.1188206828233,
    "sohr_init_1": 1.457770536478633,
    "sohr_init_2": 1.457770536478633,
    "sohr_init_3": 1.457770536478633,
    "sohr_init_4": 1.457770536478633,
    "sohr_init_5": 1.457770536478633,
    "sohr_init_6": 1.457770536478633,
    "sohr_init_7": 1.457770536478633,
    "sohr_init_8": 1.457770536478633,
    "sohr_init_9": 1.457770536478633,
    "sohr_init_10": 1.457770536478633,
    "sohr_init_11": 1.457770536478633,
    "sohr_init_12": 1.457770536478633,
    "sohr_init_13": 1.457770536478633,
    "sohr_init_14": 1.457770536478633,
    "soc_init_1": 10.070180507889342,
    "soc_init_2": 10.070180507889342,
    "soc_init_3": 10.070180507889342,
    "soc_init_4": 10.070180507889342,
    "soc_init_5": 10.070180507889342,
    "soc_init_6": 10.070180507889342,
    "soc_init_7": 10.070180507889342,
    "soc_init_8": 10.070180507889342,
    "soc_init_9": 10.070180507889342,
    "soc_init_10": 10.070180507889342,
    "soc_init_11": 10.070180507889342,
    "soc_init_12": 10.070180507889342,
    "soc_init_13": 10.070180507889342,
    "soc_init_14": 10.070180507889342,
    "cost": 0.22289261199082597,
    "device": "bPB00055",
    "cycle_start_time": "2021-07-02T02:51:59+00:00"
}