{
    "soc_min": 2,
    "soc_max": 98,
    "r1": 0.00602015242460719,
    "c1": 587636.0022268563,
    "ir_a": 0.005550964912314816,
    "ir_b": 0.1830094736222726,
    "ir_c": 2.988568045939955e-05,
    "ir_d": 0.06868413436821381,
    "ir_e": 0.018042913643581477,
    "no_cells": 14,
    "cell_temp_init": 43.218596464041426,
    "amb_temp_celsius": 34.03958027398607,
    "bat_cell_cap": 66.0,
    "sohc_init_1": 75.38410360491318,
    "sohc_init_2": 75.38410360491318,
    "sohc_init_3": 75.38410360491318,
    "sohc_init_4": 75.38410360491318,
    "sohc_init_5": 75.38410360491318,
    "sohc_init_6": 75.38410360491318,
    "sohc_init_7": 75.38410360491318,
    "sohc_init_8": 75.38410360491318,
    "sohc_init_9": 75.38410360491318,
    "sohc_init_10": 75.38410360491318,
    "sohc_init_11": 75.38410360491318,
    "sohc_init_12": 75.38410360491318,
    "sohc_init_13": 75.38410360491318,
    "sohc_init_14": 75.38410360491318,
    "sohr_init_1": 1.0236206342877578,
    "sohr_init_2": 1.0236206342877578,
    "sohr_init_3": 1.0236206342877578,
    "sohr_init_4": 1.0236206342877578,
    "sohr_init_5": 1.0236206342877578,
    "sohr_init_6": 1.0236206342877578,
    "sohr_init_7": 1.0236206342877578,
    "sohr_init_8": 1.0236206342877578,
    "sohr_init_9": 1.0236206342877578,
    "sohr_init_10": 1.0236206342877578,
    "sohr_init_11": 1.0236206342877578,
    "sohr_init_12": 1.0236206342877578,
    "sohr_init_13": 1.0236206342877578,
    "sohr_init_14": 1.0236206342877578,
    "soc_init_1": 34.19918003311641,
    "soc_init_2": 34.19918003311641,
    "soc_init_3": 34.19918003311641,
    "soc_init_4": 34.19918003311641,
    "soc_init_5": 34.19918003311641,
    "soc_init_6": 34.19918003311641,
    "soc_init_7": 34.19918003311641,
    "soc_init_8": 34.19918003311641,
    "soc_init_9": 34.19918003311641,
    "soc_init_10": 34.19918003311641,
    "soc_init_11": 34.19918003311641,
    "soc_init_12": 34.19918003311641,
    "soc_init_13": 34.19918003311641,
    "soc_init_14": 34.19918003311641,
    "cost": 1.0645607600016005,
    "device": "bPB00055",
    "cycle_start_time": "2022-07-07T08:38:42+00:00"
}