{
    "soc_min": 2,
    "soc_max": 98,
    "r1": 0.0004768326171755842,
    "c1": 1938647.0644498046,
    "ir_a": 0.0015312649428877887,
    "ir_b": 0.19887636266036227,
    "ir_c": 0.002711805818757547,
    "ir_d": 0.09995639194984118,
    "ir_e": 0.9975443090398872,
    "no_cells": 14,
    "cell_temp_init": 42.003603069987435,
    "amb_temp_celsius": 34.003325522085504,
    "bat_cell_cap": 66.0,
    "sohc_init_1": 45.00935447463846,
    "sohc_init_2": 45.00935447463846,
    "sohc_init_3": 45.00935447463846,
    "sohc_init_4": 45.00935447463846,
    "sohc_init_5": 45.00935447463846,
    "sohc_init_6": 45.00935447463846,
    "sohc_init_7": 45.00935447463846,
    "sohc_init_8": 45.00935447463846,
    "sohc_init_9": 45.00935447463846,
    "sohc_init_10": 45.00935447463846,
    "sohc_init_11": 45.00935447463846,
    "sohc_init_12": 45.00935447463846,
    "sohc_init_13": 45.00935447463846,
    "sohc_init_14": 45.00935447463846,
    "sohr_init_1": 1.9186098385025576,
    "sohr_init_2": 1.9186098385025576,
    "sohr_init_3": 1.9186098385025576,
    "sohr_init_4": 1.9186098385025576,
    "sohr_init_5": 1.9186098385025576,
    "sohr_init_6": 1.9186098385025576,
    "sohr_init_7": 1.9186098385025576,
    "sohr_init_8": 1.9186098385025576,
    "sohr_init_9": 1.9186098385025576,
    "sohr_init_10": 1.9186098385025576,
    "sohr_init_11": 1.9186098385025576,
    "sohr_init_12": 1.9186098385025576,
    "sohr_init_13": 1.9186098385025576,
    "sohr_init_14": 1.9186098385025576,
    "soc_init_1": 3.2557558276825747,
    "soc_init_2": 3.2557558276825747,
    "soc_init_3": 3.2557558276825747,
    "soc_init_4": 3.2557558276825747,
    "soc_init_5": 3.2557558276825747,
    "soc_init_6": 3.2557558276825747,
    "soc_init_7": 3.2557558276825747,
    "soc_init_8": 3.2557558276825747,
    "soc_init_9": 3.2557558276825747,
    "soc_init_10": 3.2557558276825747,
    "soc_init_11": 3.2557558276825747,
    "soc_init_12": 3.2557558276825747,
    "soc_init_13": 3.2557558276825747,
    "soc_init_14": 3.2557558276825747,
    "cost": 0.890986389128774,
    "device": "bPB00055",
    "cycle_start_time": "2022-09-10T12:05:16+00:00"
}