{
    "soc_min": 2,
    "soc_max": 98,
    "r1": 0.00038005715257607433,
    "c1": 907213.7321777798,
    "ir_a": 0.0029266951420013686,
    "ir_b": 0.16697743609330878,
    "ir_c": 0.002243290312242616,
    "ir_d": 0.026949928379274804,
    "ir_e": 0.6315975886320642,
    "no_cells": 14,
    "cell_temp_init": 36.00054226760932,
    "amb_temp_celsius": 28.000826325332113,
    "bat_cell_cap": 66.0,
    "sohc_init_1": 48.71504023563695,
    "sohc_init_2": 48.71504023563695,
    "sohc_init_3": 48.71504023563695,
    "sohc_init_4": 48.71504023563695,
    "sohc_init_5": 48.71504023563695,
    "sohc_init_6": 48.71504023563695,
    "sohc_init_7": 48.71504023563695,
    "sohc_init_8": 48.71504023563695,
    "sohc_init_9": 48.71504023563695,
    "sohc_init_10": 48.71504023563695,
    "sohc_init_11": 48.71504023563695,
    "sohc_init_12": 48.71504023563695,
    "sohc_init_13": 48.71504023563695,
    "sohc_init_14": 48.71504023563695,
    "sohr_init_1": 1.6604141806976171,
    "sohr_init_2": 1.6604141806976171,
    "sohr_init_3": 1.6604141806976171,
    "sohr_init_4": 1.6604141806976171,
    "sohr_init_5": 1.6604141806976171,
    "sohr_init_6": 1.6604141806976171,
    "sohr_init_7": 1.6604141806976171,
    "sohr_init_8": 1.6604141806976171,
    "sohr_init_9": 1.6604141806976171,
    "sohr_init_10": 1.6604141806976171,
    "sohr_init_11": 1.6604141806976171,
    "sohr_init_12": 1.6604141806976171,
    "sohr_init_13": 1.6604141806976171,
    "sohr_init_14": 1.6604141806976171,
    "soc_init_1": 25.138733530299987,
    "soc_init_2": 25.138733530299987,
    "soc_init_3": 25.138733530299987,
    "soc_init_4": 25.138733530299987,
    "soc_init_5": 25.138733530299987,
    "soc_init_6": 25.138733530299987,
    "soc_init_7": 25.138733530299987,
    "soc_init_8": 25.138733530299987,
    "soc_init_9": 25.138733530299987,
    "soc_init_10": 25.138733530299987,
    "soc_init_11": 25.138733530299987,
    "soc_init_12": 25.138733530299987,
    "soc_init_13": 25.138733530299987,
    "soc_init_14": 25.138733530299987,
    "cost": 0.5548125839136729,
    "device": "bPB00055",
    "cycle_start_time": "2022-11-11T23:30:01+00:00"
}