{
    "soc_min": 2,
    "soc_max": 98,
    "r1": 0.0006281607773707527,
    "c1": 431247.22837220866,
    "ir_a": 0.0010616017483673467,
    "ir_b": 0.1667003870929935,
    "ir_c": 0.0020515745941344196,
    "ir_d": 0.07113497477628809,
    "ir_e": 0.0969519295280739,
    "no_cells": 14,
    "cell_temp_init": 36.00035525057916,
    "amb_temp_celsius": 28.0018948398983,
    "bat_cell_cap": 66.0,
    "sohc_init_1": 50.08159116450925,
    "sohc_init_2": 50.08159116450925,
    "sohc_init_3": 50.08159116450925,
    "sohc_init_4": 50.08159116450925,
    "sohc_init_5": 50.08159116450925,
    "sohc_init_6": 50.08159116450925,
    "sohc_init_7": 50.08159116450925,
    "sohc_init_8": 50.08159116450925,
    "sohc_init_9": 50.08159116450925,
    "sohc_init_10": 50.08159116450925,
    "sohc_init_11": 50.08159116450925,
    "sohc_init_12": 50.08159116450925,
    "sohc_init_13": 50.08159116450925,
    "sohc_init_14": 50.08159116450925,
    "sohr_init_1": 1.6920795180572452,
    "sohr_init_2": 1.6920795180572452,
    "sohr_init_3": 1.6920795180572452,
    "sohr_init_4": 1.6920795180572452,
    "sohr_init_5": 1.6920795180572452,
    "sohr_init_6": 1.6920795180572452,
    "sohr_init_7": 1.6920795180572452,
    "sohr_init_8": 1.6920795180572452,
    "sohr_init_9": 1.6920795180572452,
    "sohr_init_10": 1.6920795180572452,
    "sohr_init_11": 1.6920795180572452,
    "sohr_init_12": 1.6920795180572452,
    "sohr_init_13": 1.6920795180572452,
    "sohr_init_14": 1.6920795180572452,
    "soc_init_1": 22.882455850052477,
    "soc_init_2": 22.882455850052477,
    "soc_init_3": 22.882455850052477,
    "soc_init_4": 22.882455850052477,
    "soc_init_5": 22.882455850052477,
    "soc_init_6": 22.882455850052477,
    "soc_init_7": 22.882455850052477,
    "soc_init_8": 22.882455850052477,
    "soc_init_9": 22.882455850052477,
    "soc_init_10": 22.882455850052477,
    "soc_init_11": 22.882455850052477,
    "soc_init_12": 22.882455850052477,
    "soc_init_13": 22.882455850052477,
    "soc_init_14": 22.882455850052477,
    "cost": 0.4712568353012768,
    "device": "bPB00055",
    "cycle_start_time": "2022-10-28T22:34:30+00:00"
}