{
    "soc_min": 2,
    "soc_max": 98,
    "r1": 0.0009733499183819961,
    "c1": 145092.6837888666,
    "ir_a": 0.00021291308794091845,
    "ir_b": 0.14496487447278633,
    "ir_c": 0.0017223002514990266,
    "ir_d": 0.03440840635474275,
    "ir_e": 0.16500703157016602,
    "no_cells": 14,
    "cell_temp_init": 35.000479869961715,
    "amb_temp_celsius": 27.00324596369394,
    "bat_cell_cap": 66.0,
    "sohc_init_1": 49.26160780541734,
    "sohc_init_2": 49.26160780541734,
    "sohc_init_3": 49.26160780541734,
    "sohc_init_4": 49.26160780541734,
    "sohc_init_5": 49.26160780541734,
    "sohc_init_6": 49.26160780541734,
    "sohc_init_7": 49.26160780541734,
    "sohc_init_8": 49.26160780541734,
    "sohc_init_9": 49.26160780541734,
    "sohc_init_10": 49.26160780541734,
    "sohc_init_11": 49.26160780541734,
    "sohc_init_12": 49.26160780541734,
    "sohc_init_13": 49.26160780541734,
    "sohc_init_14": 49.26160780541734,
    "sohr_init_1": 2.0066016276354928,
    "sohr_init_2": 2.0066016276354928,
    "sohr_init_3": 2.0066016276354928,
    "sohr_init_4": 2.0066016276354928,
    "sohr_init_5": 2.0066016276354928,
    "sohr_init_6": 2.0066016276354928,
    "sohr_init_7": 2.0066016276354928,
    "sohr_init_8": 2.0066016276354928,
    "sohr_init_9": 2.0066016276354928,
    "sohr_init_10": 2.0066016276354928,
    "sohr_init_11": 2.0066016276354928,
    "sohr_init_12": 2.0066016276354928,
    "sohr_init_13": 2.0066016276354928,
    "sohr_init_14": 2.0066016276354928,
    "soc_init_1": 25.32940901292027,
    "soc_init_2": 25.32940901292027,
    "soc_init_3": 25.32940901292027,
    "soc_init_4": 25.32940901292027,
    "soc_init_5": 25.32940901292027,
    "soc_init_6": 25.32940901292027,
    "soc_init_7": 25.32940901292027,
    "soc_init_8": 25.32940901292027,
    "soc_init_9": 25.32940901292027,
    "soc_init_10": 25.32940901292027,
    "soc_init_11": 25.32940901292027,
    "soc_init_12": 25.32940901292027,
    "soc_init_13": 25.32940901292027,
    "soc_init_14": 25.32940901292027,
    "cost": 0.4770321586556174,
    "device": "bPB00055",
    "cycle_start_time": "2022-11-08T19:44:32+00:00"
}