{
    "soc_min": 2,
    "soc_max": 98,
    "r1": 0.001219505912099247,
    "c1": 112854.44392299007,
    "ir_a": 0.00038140302755221186,
    "ir_b": 0.15440380156450126,
    "ir_c": 0.0015617151496315307,
    "ir_d": 0.010034939222151538,
    "ir_e": 0.9928120431064152,
    "no_cells": 14,
    "cell_temp_init": 35.00123730891945,
    "amb_temp_celsius": 27.002601733966145,
    "bat_cell_cap": 66.0,
    "sohc_init_1": 48.90004084404976,
    "sohc_init_2": 48.90004084404976,
    "sohc_init_3": 48.90004084404976,
    "sohc_init_4": 48.90004084404976,
    "sohc_init_5": 48.90004084404976,
    "sohc_init_6": 48.90004084404976,
    "sohc_init_7": 48.90004084404976,
    "sohc_init_8": 48.90004084404976,
    "sohc_init_9": 48.90004084404976,
    "sohc_init_10": 48.90004084404976,
    "sohc_init_11": 48.90004084404976,
    "sohc_init_12": 48.90004084404976,
    "sohc_init_13": 48.90004084404976,
    "sohc_init_14": 48.90004084404976,
    "sohr_init_1": 2.0937256828335506,
    "sohr_init_2": 2.0937256828335506,
    "sohr_init_3": 2.0937256828335506,
    "sohr_init_4": 2.0937256828335506,
    "sohr_init_5": 2.0937256828335506,
    "sohr_init_6": 2.0937256828335506,
    "sohr_init_7": 2.0937256828335506,
    "sohr_init_8": 2.0937256828335506,
    "sohr_init_9": 2.0937256828335506,
    "sohr_init_10": 2.0937256828335506,
    "sohr_init_11": 2.0937256828335506,
    "sohr_init_12": 2.0937256828335506,
    "sohr_init_13": 2.0937256828335506,
    "sohr_init_14": 2.0937256828335506,
    "soc_init_1": 25.774002619912856,
    "soc_init_2": 25.774002619912856,
    "soc_init_3": 25.774002619912856,
    "soc_init_4": 25.774002619912856,
    "soc_init_5": 25.774002619912856,
    "soc_init_6": 25.774002619912856,
    "soc_init_7": 25.774002619912856,
    "soc_init_8": 25.774002619912856,
    "soc_init_9": 25.774002619912856,
    "soc_init_10": 25.774002619912856,
    "soc_init_11": 25.774002619912856,
    "soc_init_12": 25.774002619912856,
    "soc_init_13": 25.774002619912856,
    "soc_init_14": 25.774002619912856,
    "cost": 0.4928117956597104,
    "device": "bPB00055",
    "cycle_start_time": "2022-11-09T14:43:32+00:00"
}