{
    "soc_min": 2,
    "soc_max": 98,
    "r1": 0.019707008100410917,
    "c1": 1979120.0882124046,
    "ir_a": 0.00014882666194868208,
    "ir_b": 0.16179407847149394,
    "ir_c": 1.1970739440984408e-05,
    "ir_d": 0.09686769632052783,
    "ir_e": 0.9628586049720371,
    "no_cells": 14,
    "cell_temp_init": 43.250237609945465,
    "amb_temp_celsius": 34.908657890057654,
    "bat_cell_cap": 66.0,
    "sohc_init_1": 61.7403989194026,
    "sohc_init_2": 61.7403989194026,
    "sohc_init_3": 61.7403989194026,
    "sohc_init_4": 61.7403989194026,
    "sohc_init_5": 61.7403989194026,
    "sohc_init_6": 61.7403989194026,
    "sohc_init_7": 61.7403989194026,
    "sohc_init_8": 61.7403989194026,
    "sohc_init_9": 61.7403989194026,
    "sohc_init_10": 61.7403989194026,
    "sohc_init_11": 61.7403989194026,
    "sohc_init_12": 61.7403989194026,
    "sohc_init_13": 61.7403989194026,
    "sohc_init_14": 61.7403989194026,
    "sohr_init_1": 2.291496473911122,
    "sohr_init_2": 2.291496473911122,
    "sohr_init_3": 2.291496473911122,
    "sohr_init_4": 2.291496473911122,
    "sohr_init_5": 2.291496473911122,
    "sohr_init_6": 2.291496473911122,
    "sohr_init_7": 2.291496473911122,
    "sohr_init_8": 2.291496473911122,
    "sohr_init_9": 2.291496473911122,
    "sohr_init_10": 2.291496473911122,
    "sohr_init_11": 2.291496473911122,
    "sohr_init_12": 2.291496473911122,
    "sohr_init_13": 2.291496473911122,
    "sohr_init_14": 2.291496473911122,
    "soc_init_1": 51.95224888191024,
    "soc_init_2": 51.95224888191024,
    "soc_init_3": 51.95224888191024,
    "soc_init_4": 51.95224888191024,
    "soc_init_5": 51.95224888191024,
    "soc_init_6": 51.95224888191024,
    "soc_init_7": 51.95224888191024,
    "soc_init_8": 51.95224888191024,
    "soc_init_9": 51.95224888191024,
    "soc_init_10": 51.95224888191024,
    "soc_init_11": 51.95224888191024,
    "soc_init_12": 51.95224888191024,
    "soc_init_13": 51.95224888191024,
    "soc_init_14": 51.95224888191024,
    "cost": 1.3375231724161813,
    "device": "bPB00055",
    "cycle_start_time": "2022-09-05T17:26:13+00:00"
}