{
    "soc_min": 2,
    "soc_max": 98,
    "r1": 0.01990312740893681,
    "c1": 1999100.9681213629,
    "ir_a": 0.006103398284295664,
    "ir_b": 0.11901030311458517,
    "ir_c": 0.00042113875446196945,
    "ir_d": 0.055517240781121475,
    "ir_e": 0.1562404232866777,
    "no_cells": 14,
    "cell_temp_init": 37.56731280685131,
    "amb_temp_celsius": 33.618307278482284,
    "bat_cell_cap": 66.0,
    "sohc_init_1": 61.6695637267857,
    "sohc_init_2": 61.6695637267857,
    "sohc_init_3": 61.6695637267857,
    "sohc_init_4": 61.6695637267857,
    "sohc_init_5": 61.6695637267857,
    "sohc_init_6": 61.6695637267857,
    "sohc_init_7": 61.6695637267857,
    "sohc_init_8": 61.6695637267857,
    "sohc_init_9": 61.6695637267857,
    "sohc_init_10": 61.6695637267857,
    "sohc_init_11": 61.6695637267857,
    "sohc_init_12": 61.6695637267857,
    "sohc_init_13": 61.6695637267857,
    "sohc_init_14": 61.6695637267857,
    "sohr_init_1": 2.776589216916021,
    "sohr_init_2": 2.776589216916021,
    "sohr_init_3": 2.776589216916021,
    "sohr_init_4": 2.776589216916021,
    "sohr_init_5": 2.776589216916021,
    "sohr_init_6": 2.776589216916021,
    "sohr_init_7": 2.776589216916021,
    "sohr_init_8": 2.776589216916021,
    "sohr_init_9": 2.776589216916021,
    "sohr_init_10": 2.776589216916021,
    "sohr_init_11": 2.776589216916021,
    "sohr_init_12": 2.776589216916021,
    "sohr_init_13": 2.776589216916021,
    "sohr_init_14": 2.776589216916021,
    "soc_init_1": 19.305557378511306,
    "soc_init_2": 19.305557378511306,
    "soc_init_3": 19.305557378511306,
    "soc_init_4": 19.305557378511306,
    "soc_init_5": 19.305557378511306,
    "soc_init_6": 19.305557378511306,
    "soc_init_7": 19.305557378511306,
    "soc_init_8": 19.305557378511306,
    "soc_init_9": 19.305557378511306,
    "soc_init_10": 19.305557378511306,
    "soc_init_11": 19.305557378511306,
    "soc_init_12": 19.305557378511306,
    "soc_init_13": 19.305557378511306,
    "soc_init_14": 19.305557378511306,
    "cost": 0.4777143484487478,
    "device": "bPB00055",
    "cycle_start_time": "2021-11-01T21:36:17+00:00"
}