{
    "soc_min": 2,
    "soc_max": 98,
    "r1": 0.0004540860100837504,
    "c1": 1995543.859361989,
    "ir_a": 0.007400279285819224,
    "ir_b": 0.1998072051799923,
    "ir_c": 0.00019617618386989338,
    "ir_d": 0.09660974169430163,
    "ir_e": 0.9995658279567031,
    "no_cells": 14,
    "cell_temp_init": 38.11083935692259,
    "amb_temp_celsius": 30.007041356193778,
    "bat_cell_cap": 66.0,
    "sohc_init_1": 62.93109060415518,
    "sohc_init_2": 62.93109060415518,
    "sohc_init_3": 62.93109060415518,
    "sohc_init_4": 62.93109060415518,
    "sohc_init_5": 62.93109060415518,
    "sohc_init_6": 62.93109060415518,
    "sohc_init_7": 62.93109060415518,
    "sohc_init_8": 62.93109060415518,
    "sohc_init_9": 62.93109060415518,
    "sohc_init_10": 62.93109060415518,
    "sohc_init_11": 62.93109060415518,
    "sohc_init_12": 62.93109060415518,
    "sohc_init_13": 62.93109060415518,
    "sohc_init_14": 62.93109060415518,
    "sohr_init_1": 2.979518176001816,
    "sohr_init_2": 2.979518176001816,
    "sohr_init_3": 2.979518176001816,
    "sohr_init_4": 2.979518176001816,
    "sohr_init_5": 2.979518176001816,
    "sohr_init_6": 2.979518176001816,
    "sohr_init_7": 2.979518176001816,
    "sohr_init_8": 2.979518176001816,
    "sohr_init_9": 2.979518176001816,
    "sohr_init_10": 2.979518176001816,
    "sohr_init_11": 2.979518176001816,
    "sohr_init_12": 2.979518176001816,
    "sohr_init_13": 2.979518176001816,
    "sohr_init_14": 2.979518176001816,
    "soc_init_1": 25.944047545962317,
    "soc_init_2": 25.944047545962317,
    "soc_init_3": 25.944047545962317,
    "soc_init_4": 25.944047545962317,
    "soc_init_5": 25.944047545962317,
    "soc_init_6": 25.944047545962317,
    "soc_init_7": 25.944047545962317,
    "soc_init_8": 25.944047545962317,
    "soc_init_9": 25.944047545962317,
    "soc_init_10": 25.944047545962317,
    "soc_init_11": 25.944047545962317,
    "soc_init_12": 25.944047545962317,
    "soc_init_13": 25.944047545962317,
    "soc_init_14": 25.944047545962317,
    "cost": 0.3965601506495966,
    "device": "bPB00055",
    "cycle_start_time": "2021-09-13T03:06:15+00:00"
}