{
    "soc_min": 2,
    "soc_max": 98,
    "r1": 0.008180786493706757,
    "c1": 461200.779756065,
    "ir_a": 0.007880170378159749,
    "ir_b": 0.04056156066482092,
    "ir_c": 0.001385396770024581,
    "ir_d": 0.0999410454199947,
    "ir_e": 0.9997104774214242,
    "no_cells": 14,
    "cell_temp_init": 36.000548003460075,
    "amb_temp_celsius": 28.033286081793246,
    "bat_cell_cap": 66.0,
    "sohc_init_1": 45.00171909916271,
    "sohc_init_2": 45.00171909916271,
    "sohc_init_3": 45.00171909916271,
    "sohc_init_4": 45.00171909916271,
    "sohc_init_5": 45.00171909916271,
    "sohc_init_6": 45.00171909916271,
    "sohc_init_7": 45.00171909916271,
    "sohc_init_8": 45.00171909916271,
    "sohc_init_9": 45.00171909916271,
    "sohc_init_10": 45.00171909916271,
    "sohc_init_11": 45.00171909916271,
    "sohc_init_12": 45.00171909916271,
    "sohc_init_13": 45.00171909916271,
    "sohc_init_14": 45.00171909916271,
    "sohr_init_1": 2.9996531162591027,
    "sohr_init_2": 2.9996531162591027,
    "sohr_init_3": 2.9996531162591027,
    "sohr_init_4": 2.9996531162591027,
    "sohr_init_5": 2.9996531162591027,
    "sohr_init_6": 2.9996531162591027,
    "sohr_init_7": 2.9996531162591027,
    "sohr_init_8": 2.9996531162591027,
    "sohr_init_9": 2.9996531162591027,
    "sohr_init_10": 2.9996531162591027,
    "sohr_init_11": 2.9996531162591027,
    "sohr_init_12": 2.9996531162591027,
    "sohr_init_13": 2.9996531162591027,
    "sohr_init_14": 2.9996531162591027,
    "soc_init_1": 3.775838206328036,
    "soc_init_2": 3.775838206328036,
    "soc_init_3": 3.775838206328036,
    "soc_init_4": 3.775838206328036,
    "soc_init_5": 3.775838206328036,
    "soc_init_6": 3.775838206328036,
    "soc_init_7": 3.775838206328036,
    "soc_init_8": 3.775838206328036,
    "soc_init_9": 3.775838206328036,
    "soc_init_10": 3.775838206328036,
    "soc_init_11": 3.775838206328036,
    "soc_init_12": 3.775838206328036,
    "soc_init_13": 3.775838206328036,
    "soc_init_14": 3.775838206328036,
    "cost": 0.8655639006810385,
    "device": "bPB00055",
    "cycle_start_time": "2022-10-30T20:29:06+00:00"
}