{
    "soc_min": 2,
    "soc_max": 98,
    "r1": 0.007764171405729269,
    "c1": 254599.50182707445,
    "ir_a": 0.008736968621423676,
    "ir_b": 0.19375744732758282,
    "ir_c": 0.001493848044683308,
    "ir_d": 0.014938977810780579,
    "ir_e": 0.011737731987988692,
    "no_cells": 14,
    "cell_temp_init": 41.25161340916999,
    "amb_temp_celsius": 33.02121395929727,
    "bat_cell_cap": 66.0,
    "sohc_init_1": 50.10483118460157,
    "sohc_init_2": 50.10483118460157,
    "sohc_init_3": 50.10483118460157,
    "sohc_init_4": 50.10483118460157,
    "sohc_init_5": 50.10483118460157,
    "sohc_init_6": 50.10483118460157,
    "sohc_init_7": 50.10483118460157,
    "sohc_init_8": 50.10483118460157,
    "sohc_init_9": 50.10483118460157,
    "sohc_init_10": 50.10483118460157,
    "sohc_init_11": 50.10483118460157,
    "sohc_init_12": 50.10483118460157,
    "sohc_init_13": 50.10483118460157,
    "sohc_init_14": 50.10483118460157,
    "sohr_init_1": 1.5692346276071558,
    "sohr_init_2": 1.5692346276071558,
    "sohr_init_3": 1.5692346276071558,
    "sohr_init_4": 1.5692346276071558,
    "sohr_init_5": 1.5692346276071558,
    "sohr_init_6": 1.5692346276071558,
    "sohr_init_7": 1.5692346276071558,
    "sohr_init_8": 1.5692346276071558,
    "sohr_init_9": 1.5692346276071558,
    "sohr_init_10": 1.5692346276071558,
    "sohr_init_11": 1.5692346276071558,
    "sohr_init_12": 1.5692346276071558,
    "sohr_init_13": 1.5692346276071558,
    "sohr_init_14": 1.5692346276071558,
    "soc_init_1": 24.15391420115215,
    "soc_init_2": 24.15391420115215,
    "soc_init_3": 24.15391420115215,
    "soc_init_4": 24.15391420115215,
    "soc_init_5": 24.15391420115215,
    "soc_init_6": 24.15391420115215,
    "soc_init_7": 24.15391420115215,
    "soc_init_8": 24.15391420115215,
    "soc_init_9": 24.15391420115215,
    "soc_init_10": 24.15391420115215,
    "soc_init_11": 24.15391420115215,
    "soc_init_12": 24.15391420115215,
    "soc_init_13": 24.15391420115215,
    "soc_init_14": 24.15391420115215,
    "cost": 1.6801923001559267,
    "device": "bPB00055",
    "cycle_start_time": "2021-11-04T13:20:30+00:00"
}