{
    "soc_min": 2,
    "soc_max": 98,
    "r1": 0.0035523863772604003,
    "c1": 1995951.5272701918,
    "ir_a": 0.009972991509907799,
    "ir_b": 0.09566063478036665,
    "ir_c": 0.00025711963586996355,
    "ir_d": 0.09911286981297697,
    "ir_e": 0.9979910610418827,
    "no_cells": 14,
    "cell_temp_init": 38.30573560774131,
    "amb_temp_celsius": 30.009139809758224,
    "bat_cell_cap": 66.0,
    "sohc_init_1": 71.04871904107647,
    "sohc_init_2": 71.04871904107647,
    "sohc_init_3": 71.04871904107647,
    "sohc_init_4": 71.04871904107647,
    "sohc_init_5": 71.04871904107647,
    "sohc_init_6": 71.04871904107647,
    "sohc_init_7": 71.04871904107647,
    "sohc_init_8": 71.04871904107647,
    "sohc_init_9": 71.04871904107647,
    "sohc_init_10": 71.04871904107647,
    "sohc_init_11": 71.04871904107647,
    "sohc_init_12": 71.04871904107647,
    "sohc_init_13": 71.04871904107647,
    "sohc_init_14": 71.04871904107647,
    "sohr_init_1": 1.5701684430406104,
    "sohr_init_2": 1.5701684430406104,
    "sohr_init_3": 1.5701684430406104,
    "sohr_init_4": 1.5701684430406104,
    "sohr_init_5": 1.5701684430406104,
    "sohr_init_6": 1.5701684430406104,
    "sohr_init_7": 1.5701684430406104,
    "sohr_init_8": 1.5701684430406104,
    "sohr_init_9": 1.5701684430406104,
    "sohr_init_10": 1.5701684430406104,
    "sohr_init_11": 1.5701684430406104,
    "sohr_init_12": 1.5701684430406104,
    "sohr_init_13": 1.5701684430406104,
    "sohr_init_14": 1.5701684430406104,
    "soc_init_1": 48.98653011866692,
    "soc_init_2": 48.98653011866692,
    "soc_init_3": 48.98653011866692,
    "soc_init_4": 48.98653011866692,
    "soc_init_5": 48.98653011866692,
    "soc_init_6": 48.98653011866692,
    "soc_init_7": 48.98653011866692,
    "soc_init_8": 48.98653011866692,
    "soc_init_9": 48.98653011866692,
    "soc_init_10": 48.98653011866692,
    "soc_init_11": 48.98653011866692,
    "soc_init_12": 48.98653011866692,
    "soc_init_13": 48.98653011866692,
    "soc_init_14": 48.98653011866692,
    "cost": 0.3298969369213993,
    "device": "bPB00055",
    "cycle_start_time": "2021-07-23T12:04:35+00:00"
}