{
    "soc_min": 2,
    "soc_max": 98,
    "r1": 0.000561912111644618,
    "c1": 580268.7117253612,
    "ir_a": 0.00846920928725858,
    "ir_b": 0.17438753433457546,
    "ir_c": 0.0015588602288904654,
    "ir_d": 0.09315270086550241,
    "ir_e": 0.04253980129902442,
    "no_cells": 14,
    "cell_temp_init": 36.000484182968485,
    "amb_temp_celsius": 28.0008733889448,
    "bat_cell_cap": 66.0,
    "sohc_init_1": 49.840663685331286,
    "sohc_init_2": 49.840663685331286,
    "sohc_init_3": 49.840663685331286,
    "sohc_init_4": 49.840663685331286,
    "sohc_init_5": 49.840663685331286,
    "sohc_init_6": 49.840663685331286,
    "sohc_init_7": 49.840663685331286,
    "sohc_init_8": 49.840663685331286,
    "sohc_init_9": 49.840663685331286,
    "sohc_init_10": 49.840663685331286,
    "sohc_init_11": 49.840663685331286,
    "sohc_init_12": 49.840663685331286,
    "sohc_init_13": 49.840663685331286,
    "sohc_init_14": 49.840663685331286,
    "sohr_init_1": 2.2642558501572494,
    "sohr_init_2": 2.2642558501572494,
    "sohr_init_3": 2.2642558501572494,
    "sohr_init_4": 2.2642558501572494,
    "sohr_init_5": 2.2642558501572494,
    "sohr_init_6": 2.2642558501572494,
    "sohr_init_7": 2.2642558501572494,
    "sohr_init_8": 2.2642558501572494,
    "sohr_init_9": 2.2642558501572494,
    "sohr_init_10": 2.2642558501572494,
    "sohr_init_11": 2.2642558501572494,
    "sohr_init_12": 2.2642558501572494,
    "sohr_init_13": 2.2642558501572494,
    "sohr_init_14": 2.2642558501572494,
    "soc_init_1": 23.137171239012684,
    "soc_init_2": 23.137171239012684,
    "soc_init_3": 23.137171239012684,
    "soc_init_4": 23.137171239012684,
    "soc_init_5": 23.137171239012684,
    "soc_init_6": 23.137171239012684,
    "soc_init_7": 23.137171239012684,
    "soc_init_8": 23.137171239012684,
    "soc_init_9": 23.137171239012684,
    "soc_init_10": 23.137171239012684,
    "soc_init_11": 23.137171239012684,
    "soc_init_12": 23.137171239012684,
    "soc_init_13": 23.137171239012684,
    "soc_init_14": 23.137171239012684,
    "cost": 0.5269907827920068,
    "device": "bPB00055",
    "cycle_start_time": "2022-10-31T04:08:40+00:00"
}