{
    "soc_min": 2,
    "soc_max": 98,
    "r1": 0.0028026219544011904,
    "c1": 1937377.5054476908,
    "ir_a": 0.0027996793554759592,
    "ir_b": 0.015866252629096907,
    "ir_c": 0.00014183726924929738,
    "ir_d": 0.04795515424126879,
    "ir_e": 0.7069323688937104,
    "no_cells": 14,
    "cell_temp_init": 41.00159836253892,
    "amb_temp_celsius": 34.66113461934677,
    "bat_cell_cap": 66.0,
    "sohc_init_1": 52.11112813553295,
    "sohc_init_2": 52.11112813553295,
    "sohc_init_3": 52.11112813553295,
    "sohc_init_4": 52.11112813553295,
    "sohc_init_5": 52.11112813553295,
    "sohc_init_6": 52.11112813553295,
    "sohc_init_7": 52.11112813553295,
    "sohc_init_8": 52.11112813553295,
    "sohc_init_9": 52.11112813553295,
    "sohc_init_10": 52.11112813553295,
    "sohc_init_11": 52.11112813553295,
    "sohc_init_12": 52.11112813553295,
    "sohc_init_13": 52.11112813553295,
    "sohc_init_14": 52.11112813553295,
    "sohr_init_1": 1.7235033558758794,
    "sohr_init_2": 1.7235033558758794,
    "sohr_init_3": 1.7235033558758794,
    "sohr_init_4": 1.7235033558758794,
    "sohr_init_5": 1.7235033558758794,
    "sohr_init_6": 1.7235033558758794,
    "sohr_init_7": 1.7235033558758794,
    "sohr_init_8": 1.7235033558758794,
    "sohr_init_9": 1.7235033558758794,
    "sohr_init_10": 1.7235033558758794,
    "sohr_init_11": 1.7235033558758794,
    "sohr_init_12": 1.7235033558758794,
    "sohr_init_13": 1.7235033558758794,
    "sohr_init_14": 1.7235033558758794,
    "soc_init_1": 24.508459764423993,
    "soc_init_2": 24.508459764423993,
    "soc_init_3": 24.508459764423993,
    "soc_init_4": 24.508459764423993,
    "soc_init_5": 24.508459764423993,
    "soc_init_6": 24.508459764423993,
    "soc_init_7": 24.508459764423993,
    "soc_init_8": 24.508459764423993,
    "soc_init_9": 24.508459764423993,
    "soc_init_10": 24.508459764423993,
    "soc_init_11": 24.508459764423993,
    "soc_init_12": 24.508459764423993,
    "soc_init_13": 24.508459764423993,
    "soc_init_14": 24.508459764423993,
    "cost": 0.5312283617471196,
    "device": "bPB00055",
    "cycle_start_time": "2022-08-18T17:14:14+00:00"
}