{
    "soc_min": 2,
    "soc_max": 98,
    "r1": 0.01998633203941344,
    "c1": 1999842.3626228366,
    "ir_a": 0.009973763907509614,
    "ir_b": 0.06599382587268349,
    "ir_c": 0.0021693566161424677,
    "ir_d": 0.06876777829106062,
    "ir_e": 0.05376446927773701,
    "no_cells": 14,
    "cell_temp_init": 23.80121826066827,
    "amb_temp_celsius": 14.00719949110023,
    "bat_cell_cap": 66.0,
    "sohc_init_1": 64.84406996963389,
    "sohc_init_2": 64.84406996963389,
    "sohc_init_3": 64.84406996963389,
    "sohc_init_4": 64.84406996963389,
    "sohc_init_5": 64.84406996963389,
    "sohc_init_6": 64.84406996963389,
    "sohc_init_7": 64.84406996963389,
    "sohc_init_8": 64.84406996963389,
    "sohc_init_9": 64.84406996963389,
    "sohc_init_10": 64.84406996963389,
    "sohc_init_11": 64.84406996963389,
    "sohc_init_12": 64.84406996963389,
    "sohc_init_13": 64.84406996963389,
    "sohc_init_14": 64.84406996963389,
    "sohr_init_1": 1.247959166872315,
    "sohr_init_2": 1.247959166872315,
    "sohr_init_3": 1.247959166872315,
    "sohr_init_4": 1.247959166872315,
    "sohr_init_5": 1.247959166872315,
    "sohr_init_6": 1.247959166872315,
    "sohr_init_7": 1.247959166872315,
    "sohr_init_8": 1.247959166872315,
    "sohr_init_9": 1.247959166872315,
    "sohr_init_10": 1.247959166872315,
    "sohr_init_11": 1.247959166872315,
    "sohr_init_12": 1.247959166872315,
    "sohr_init_13": 1.247959166872315,
    "sohr_init_14": 1.247959166872315,
    "soc_init_1": 11.551736420942593,
    "soc_init_2": 11.551736420942593,
    "soc_init_3": 11.551736420942593,
    "soc_init_4": 11.551736420942593,
    "soc_init_5": 11.551736420942593,
    "soc_init_6": 11.551736420942593,
    "soc_init_7": 11.551736420942593,
    "soc_init_8": 11.551736420942593,
    "soc_init_9": 11.551736420942593,
    "soc_init_10": 11.551736420942593,
    "soc_init_11": 11.551736420942593,
    "soc_init_12": 11.551736420942593,
    "soc_init_13": 11.551736420942593,
    "soc_init_14": 11.551736420942593,
    "cost": 0.10951332147635172,
    "device": "bPB00055",
    "cycle_start_time": "2021-11-22T17:04:08+00:00"
}