{
    "soc_min": 2,
    "soc_max": 98,
    "r1": 0.0009478242413781814,
    "c1": 407919.717783907,
    "ir_a": 0.002790413596704598,
    "ir_b": 0.16814700242677028,
    "ir_c": 3.1823432995699784e-05,
    "ir_d": 0.09666563448762357,
    "ir_e": 0.9946261457479625,
    "no_cells": 14,
    "cell_temp_init": 42.75590331555567,
    "amb_temp_celsius": 34.02449855662932,
    "bat_cell_cap": 66.0,
    "sohc_init_1": 45.023787217922965,
    "sohc_init_2": 45.023787217922965,
    "sohc_init_3": 45.023787217922965,
    "sohc_init_4": 45.023787217922965,
    "sohc_init_5": 45.023787217922965,
    "sohc_init_6": 45.023787217922965,
    "sohc_init_7": 45.023787217922965,
    "sohc_init_8": 45.023787217922965,
    "sohc_init_9": 45.023787217922965,
    "sohc_init_10": 45.023787217922965,
    "sohc_init_11": 45.023787217922965,
    "sohc_init_12": 45.023787217922965,
    "sohc_init_13": 45.023787217922965,
    "sohc_init_14": 45.023787217922965,
    "sohr_init_1": 2.0091113269680867,
    "sohr_init_2": 2.0091113269680867,
    "sohr_init_3": 2.0091113269680867,
    "sohr_init_4": 2.0091113269680867,
    "sohr_init_5": 2.0091113269680867,
    "sohr_init_6": 2.0091113269680867,
    "sohr_init_7": 2.0091113269680867,
    "sohr_init_8": 2.0091113269680867,
    "sohr_init_9": 2.0091113269680867,
    "sohr_init_10": 2.0091113269680867,
    "sohr_init_11": 2.0091113269680867,
    "sohr_init_12": 2.0091113269680867,
    "sohr_init_13": 2.0091113269680867,
    "sohr_init_14": 2.0091113269680867,
    "soc_init_1": 18.75056069493535,
    "soc_init_2": 18.75056069493535,
    "soc_init_3": 18.75056069493535,
    "soc_init_4": 18.75056069493535,
    "soc_init_5": 18.75056069493535,
    "soc_init_6": 18.75056069493535,
    "soc_init_7": 18.75056069493535,
    "soc_init_8": 18.75056069493535,
    "soc_init_9": 18.75056069493535,
    "soc_init_10": 18.75056069493535,
    "soc_init_11": 18.75056069493535,
    "soc_init_12": 18.75056069493535,
    "soc_init_13": 18.75056069493535,
    "soc_init_14": 18.75056069493535,
    "cost": 0.8048881030367521,
    "device": "bPB00055",
    "cycle_start_time": "2022-09-09T17:14:42+00:00"
}