{
    "soc_min": 2,
    "soc_max": 98,
    "r1": 0.00010513021061419651,
    "c1": 1954467.6875023406,
    "ir_a": 0.008938674967063345,
    "ir_b": 0.17694352821887865,
    "ir_c": 0.00019893146964890116,
    "ir_d": 0.0916988700411122,
    "ir_e": 0.9969426748667685,
    "no_cells": 14,
    "cell_temp_init": 42.00131339761807,
    "amb_temp_celsius": 34.00369268526486,
    "bat_cell_cap": 66.0,
    "sohc_init_1": 45.006745976227265,
    "sohc_init_2": 45.006745976227265,
    "sohc_init_3": 45.006745976227265,
    "sohc_init_4": 45.006745976227265,
    "sohc_init_5": 45.006745976227265,
    "sohc_init_6": 45.006745976227265,
    "sohc_init_7": 45.006745976227265,
    "sohc_init_8": 45.006745976227265,
    "sohc_init_9": 45.006745976227265,
    "sohc_init_10": 45.006745976227265,
    "sohc_init_11": 45.006745976227265,
    "sohc_init_12": 45.006745976227265,
    "sohc_init_13": 45.006745976227265,
    "sohc_init_14": 45.006745976227265,
    "sohr_init_1": 1.7564101386805013,
    "sohr_init_2": 1.7564101386805013,
    "sohr_init_3": 1.7564101386805013,
    "sohr_init_4": 1.7564101386805013,
    "sohr_init_5": 1.7564101386805013,
    "sohr_init_6": 1.7564101386805013,
    "sohr_init_7": 1.7564101386805013,
    "sohr_init_8": 1.7564101386805013,
    "sohr_init_9": 1.7564101386805013,
    "sohr_init_10": 1.7564101386805013,
    "sohr_init_11": 1.7564101386805013,
    "sohr_init_12": 1.7564101386805013,
    "sohr_init_13": 1.7564101386805013,
    "sohr_init_14": 1.7564101386805013,
    "soc_init_1": 14.609867189649954,
    "soc_init_2": 14.609867189649954,
    "soc_init_3": 14.609867189649954,
    "soc_init_4": 14.609867189649954,
    "soc_init_5": 14.609867189649954,
    "soc_init_6": 14.609867189649954,
    "soc_init_7": 14.609867189649954,
    "soc_init_8": 14.609867189649954,
    "soc_init_9": 14.609867189649954,
    "soc_init_10": 14.609867189649954,
    "soc_init_11": 14.609867189649954,
    "soc_init_12": 14.609867189649954,
    "soc_init_13": 14.609867189649954,
    "soc_init_14": 14.609867189649954,
    "cost": 0.680227526646183,
    "device": "bPB00055",
    "cycle_start_time": "2022-09-09T11:01:48+00:00"
}