{
    "soc_min": 2,
    "soc_max": 98,
    "r1": 0.004551651520090494,
    "c1": 728779.278982373,
    "ir_a": 0.005750550100479653,
    "ir_b": 0.1587089902634957,
    "ir_c": 2.175011104904975e-05,
    "ir_d": 0.08823934409524273,
    "ir_e": 0.696013908958578,
    "no_cells": 14,
    "cell_temp_init": 41.001100901993,
    "amb_temp_celsius": 33.0528928108605,
    "bat_cell_cap": 66.0,
    "sohc_init_1": 79.4661345881511,
    "sohc_init_2": 79.4661345881511,
    "sohc_init_3": 79.4661345881511,
    "sohc_init_4": 79.4661345881511,
    "sohc_init_5": 79.4661345881511,
    "sohc_init_6": 79.4661345881511,
    "sohc_init_7": 79.4661345881511,
    "sohc_init_8": 79.4661345881511,
    "sohc_init_9": 79.4661345881511,
    "sohc_init_10": 79.4661345881511,
    "sohc_init_11": 79.4661345881511,
    "sohc_init_12": 79.4661345881511,
    "sohc_init_13": 79.4661345881511,
    "sohc_init_14": 79.4661345881511,
    "sohr_init_1": 2.8892207485038757,
    "sohr_init_2": 2.8892207485038757,
    "sohr_init_3": 2.8892207485038757,
    "sohr_init_4": 2.8892207485038757,
    "sohr_init_5": 2.8892207485038757,
    "sohr_init_6": 2.8892207485038757,
    "sohr_init_7": 2.8892207485038757,
    "sohr_init_8": 2.8892207485038757,
    "sohr_init_9": 2.8892207485038757,
    "sohr_init_10": 2.8892207485038757,
    "sohr_init_11": 2.8892207485038757,
    "sohr_init_12": 2.8892207485038757,
    "sohr_init_13": 2.8892207485038757,
    "sohr_init_14": 2.8892207485038757,
    "soc_init_1": 48.41810834412684,
    "soc_init_2": 48.41810834412684,
    "soc_init_3": 48.41810834412684,
    "soc_init_4": 48.41810834412684,
    "soc_init_5": 48.41810834412684,
    "soc_init_6": 48.41810834412684,
    "soc_init_7": 48.41810834412684,
    "soc_init_8": 48.41810834412684,
    "soc_init_9": 48.41810834412684,
    "soc_init_10": 48.41810834412684,
    "soc_init_11": 48.41810834412684,
    "soc_init_12": 48.41810834412684,
    "soc_init_13": 48.41810834412684,
    "soc_init_14": 48.41810834412684,
    "cost": 1.311468164497018,
    "device": "bPB00055",
    "cycle_start_time": "2022-07-07T21:56:38+00:00"
}