{
    "soc_min": 2,
    "soc_max": 98,
    "r1": 0.0061079127016738346,
    "c1": 744829.9397155764,
    "ir_a": 0.0025106770729517226,
    "ir_b": 0.19806100658858808,
    "ir_c": 1.331520904683081e-05,
    "ir_d": 0.08888204537541051,
    "ir_e": 0.80709488081993,
    "no_cells": 14,
    "cell_temp_init": 42.431327803336764,
    "amb_temp_celsius": 36.28961269171636,
    "bat_cell_cap": 66.0,
    "sohc_init_1": 53.27359462711277,
    "sohc_init_2": 53.27359462711277,
    "sohc_init_3": 53.27359462711277,
    "sohc_init_4": 53.27359462711277,
    "sohc_init_5": 53.27359462711277,
    "sohc_init_6": 53.27359462711277,
    "sohc_init_7": 53.27359462711277,
    "sohc_init_8": 53.27359462711277,
    "sohc_init_9": 53.27359462711277,
    "sohc_init_10": 53.27359462711277,
    "sohc_init_11": 53.27359462711277,
    "sohc_init_12": 53.27359462711277,
    "sohc_init_13": 53.27359462711277,
    "sohc_init_14": 53.27359462711277,
    "sohr_init_1": 1.7581678095918871,
    "sohr_init_2": 1.7581678095918871,
    "sohr_init_3": 1.7581678095918871,
    "sohr_init_4": 1.7581678095918871,
    "sohr_init_5": 1.7581678095918871,
    "sohr_init_6": 1.7581678095918871,
    "sohr_init_7": 1.7581678095918871,
    "sohr_init_8": 1.7581678095918871,
    "sohr_init_9": 1.7581678095918871,
    "sohr_init_10": 1.7581678095918871,
    "sohr_init_11": 1.7581678095918871,
    "sohr_init_12": 1.7581678095918871,
    "sohr_init_13": 1.7581678095918871,
    "sohr_init_14": 1.7581678095918871,
    "soc_init_1": 9.17827739764938,
    "soc_init_2": 9.17827739764938,
    "soc_init_3": 9.17827739764938,
    "soc_init_4": 9.17827739764938,
    "soc_init_5": 9.17827739764938,
    "soc_init_6": 9.17827739764938,
    "soc_init_7": 9.17827739764938,
    "soc_init_8": 9.17827739764938,
    "soc_init_9": 9.17827739764938,
    "soc_init_10": 9.17827739764938,
    "soc_init_11": 9.17827739764938,
    "soc_init_12": 9.17827739764938,
    "soc_init_13": 9.17827739764938,
    "soc_init_14": 9.17827739764938,
    "cost": 1.2933974981629122,
    "device": "bPB00055",
    "cycle_start_time": "2021-08-01T22:09:27+00:00"
}