{
    "soc_min": 2,
    "soc_max": 98,
    "r1": 0.019997885801930643,
    "c1": 1999187.6546574628,
    "ir_a": 0.009839695168163853,
    "ir_b": 0.08691841101954845,
    "ir_c": 0.0016611861443348158,
    "ir_d": 0.02683928452506043,
    "ir_e": 0.025338202089415493,
    "no_cells": 14,
    "cell_temp_init": 28.00052173721917,
    "amb_temp_celsius": 20.000610695378455,
    "bat_cell_cap": 66.0,
    "sohc_init_1": 65.66921584730457,
    "sohc_init_2": 65.66921584730457,
    "sohc_init_3": 65.66921584730457,
    "sohc_init_4": 65.66921584730457,
    "sohc_init_5": 65.66921584730457,
    "sohc_init_6": 65.66921584730457,
    "sohc_init_7": 65.66921584730457,
    "sohc_init_8": 65.66921584730457,
    "sohc_init_9": 65.66921584730457,
    "sohc_init_10": 65.66921584730457,
    "sohc_init_11": 65.66921584730457,
    "sohc_init_12": 65.66921584730457,
    "sohc_init_13": 65.66921584730457,
    "sohc_init_14": 65.66921584730457,
    "sohr_init_1": 1.6170670497802453,
    "sohr_init_2": 1.6170670497802453,
    "sohr_init_3": 1.6170670497802453,
    "sohr_init_4": 1.6170670497802453,
    "sohr_init_5": 1.6170670497802453,
    "sohr_init_6": 1.6170670497802453,
    "sohr_init_7": 1.6170670497802453,
    "sohr_init_8": 1.6170670497802453,
    "sohr_init_9": 1.6170670497802453,
    "sohr_init_10": 1.6170670497802453,
    "sohr_init_11": 1.6170670497802453,
    "sohr_init_12": 1.6170670497802453,
    "sohr_init_13": 1.6170670497802453,
    "sohr_init_14": 1.6170670497802453,
    "soc_init_1": 10.356131459494758,
    "soc_init_2": 10.356131459494758,
    "soc_init_3": 10.356131459494758,
    "soc_init_4": 10.356131459494758,
    "soc_init_5": 10.356131459494758,
    "soc_init_6": 10.356131459494758,
    "soc_init_7": 10.356131459494758,
    "soc_init_8": 10.356131459494758,
    "soc_init_9": 10.356131459494758,
    "soc_init_10": 10.356131459494758,
    "soc_init_11": 10.356131459494758,
    "soc_init_12": 10.356131459494758,
    "soc_init_13": 10.356131459494758,
    "soc_init_14": 10.356131459494758,
    "cost": 0.16446348386605325,
    "device": "bPB00055",
    "cycle_start_time": "2021-11-22T20:29:26+00:00"
}