{
    "soc_min": 2,
    "soc_max": 98,
    "r1": 0.00022354129358519235,
    "c1": 1800466.7608056352,
    "ir_a": 0.00546215451459173,
    "ir_b": 0.062401408411487023,
    "ir_c": 5.1482490558649535e-05,
    "ir_d": 0.0730691412021739,
    "ir_e": 0.8466759943070311,
    "no_cells": 14,
    "cell_temp_init": 42.00246865783859,
    "amb_temp_celsius": 34.004962242611626,
    "bat_cell_cap": 66.0,
    "sohc_init_1": 45.00051834243132,
    "sohc_init_2": 45.00051834243132,
    "sohc_init_3": 45.00051834243132,
    "sohc_init_4": 45.00051834243132,
    "sohc_init_5": 45.00051834243132,
    "sohc_init_6": 45.00051834243132,
    "sohc_init_7": 45.00051834243132,
    "sohc_init_8": 45.00051834243132,
    "sohc_init_9": 45.00051834243132,
    "sohc_init_10": 45.00051834243132,
    "sohc_init_11": 45.00051834243132,
    "sohc_init_12": 45.00051834243132,
    "sohc_init_13": 45.00051834243132,
    "sohc_init_14": 45.00051834243132,
    "sohr_init_1": 1.5517526798092374,
    "sohr_init_2": 1.5517526798092374,
    "sohr_init_3": 1.5517526798092374,
    "sohr_init_4": 1.5517526798092374,
    "sohr_init_5": 1.5517526798092374,
    "sohr_init_6": 1.5517526798092374,
    "sohr_init_7": 1.5517526798092374,
    "sohr_init_8": 1.5517526798092374,
    "sohr_init_9": 1.5517526798092374,
    "sohr_init_10": 1.5517526798092374,
    "sohr_init_11": 1.5517526798092374,
    "sohr_init_12": 1.5517526798092374,
    "sohr_init_13": 1.5517526798092374,
    "sohr_init_14": 1.5517526798092374,
    "soc_init_1": 10.287030048040041,
    "soc_init_2": 10.287030048040041,
    "soc_init_3": 10.287030048040041,
    "soc_init_4": 10.287030048040041,
    "soc_init_5": 10.287030048040041,
    "soc_init_6": 10.287030048040041,
    "soc_init_7": 10.287030048040041,
    "soc_init_8": 10.287030048040041,
    "soc_init_9": 10.287030048040041,
    "soc_init_10": 10.287030048040041,
    "soc_init_11": 10.287030048040041,
    "soc_init_12": 10.287030048040041,
    "soc_init_13": 10.287030048040041,
    "soc_init_14": 10.287030048040041,
    "cost": 0.7523244970148351,
    "device": "bPB00055",
    "cycle_start_time": "2022-09-11T00:30:26+00:00"
}