{
    "soc_min": 2,
    "soc_max": 98,
    "r1": 0.018342921545915703,
    "c1": 1998792.1015176962,
    "ir_a": 0.00010972441304645535,
    "ir_b": 0.17615312197235133,
    "ir_c": 0.00029328845788441187,
    "ir_d": 0.027912163940003495,
    "ir_e": 0.1992746602319975,
    "no_cells": 14,
    "cell_temp_init": 40.493925938494236,
    "amb_temp_celsius": 36.19706214516472,
    "bat_cell_cap": 66.0,
    "sohc_init_1": 66.26188133287141,
    "sohc_init_2": 66.26188133287141,
    "sohc_init_3": 66.26188133287141,
    "sohc_init_4": 66.26188133287141,
    "sohc_init_5": 66.26188133287141,
    "sohc_init_6": 66.26188133287141,
    "sohc_init_7": 66.26188133287141,
    "sohc_init_8": 66.26188133287141,
    "sohc_init_9": 66.26188133287141,
    "sohc_init_10": 66.26188133287141,
    "sohc_init_11": 66.26188133287141,
    "sohc_init_12": 66.26188133287141,
    "sohc_init_13": 66.26188133287141,
    "sohc_init_14": 66.26188133287141,
    "sohr_init_1": 2.7065393284508743,
    "sohr_init_2": 2.7065393284508743,
    "sohr_init_3": 2.7065393284508743,
    "sohr_init_4": 2.7065393284508743,
    "sohr_init_5": 2.7065393284508743,
    "sohr_init_6": 2.7065393284508743,
    "sohr_init_7": 2.7065393284508743,
    "sohr_init_8": 2.7065393284508743,
    "sohr_init_9": 2.7065393284508743,
    "sohr_init_10": 2.7065393284508743,
    "sohr_init_11": 2.7065393284508743,
    "sohr_init_12": 2.7065393284508743,
    "sohr_init_13": 2.7065393284508743,
    "sohr_init_14": 2.7065393284508743,
    "soc_init_1": 12.540943353929396,
    "soc_init_2": 12.540943353929396,
    "soc_init_3": 12.540943353929396,
    "soc_init_4": 12.540943353929396,
    "soc_init_5": 12.540943353929396,
    "soc_init_6": 12.540943353929396,
    "soc_init_7": 12.540943353929396,
    "soc_init_8": 12.540943353929396,
    "soc_init_9": 12.540943353929396,
    "soc_init_10": 12.540943353929396,
    "soc_init_11": 12.540943353929396,
    "soc_init_12": 12.540943353929396,
    "soc_init_13": 12.540943353929396,
    "soc_init_14": 12.540943353929396,
    "cost": 0.5451771234922972,
    "device": "bPB00055",
    "cycle_start_time": "2021-11-13T10:14:48+00:00"
}