{
    "soc_min": 2,
    "soc_max": 98,
    "r1": 0.001278526004634214,
    "c1": 127254.01976754288,
    "ir_a": 0.005024737999903983,
    "ir_b": 0.19908314144336245,
    "ir_c": 0.0017279421337166305,
    "ir_d": 0.040970929934464675,
    "ir_e": 0.7759576191915377,
    "no_cells": 14,
    "cell_temp_init": 36.000014666390236,
    "amb_temp_celsius": 28.001927138859504,
    "bat_cell_cap": 66.0,
    "sohc_init_1": 48.86248487012447,
    "sohc_init_2": 48.86248487012447,
    "sohc_init_3": 48.86248487012447,
    "sohc_init_4": 48.86248487012447,
    "sohc_init_5": 48.86248487012447,
    "sohc_init_6": 48.86248487012447,
    "sohc_init_7": 48.86248487012447,
    "sohc_init_8": 48.86248487012447,
    "sohc_init_9": 48.86248487012447,
    "sohc_init_10": 48.86248487012447,
    "sohc_init_11": 48.86248487012447,
    "sohc_init_12": 48.86248487012447,
    "sohc_init_13": 48.86248487012447,
    "sohc_init_14": 48.86248487012447,
    "sohr_init_1": 1.6492340962225858,
    "sohr_init_2": 1.6492340962225858,
    "sohr_init_3": 1.6492340962225858,
    "sohr_init_4": 1.6492340962225858,
    "sohr_init_5": 1.6492340962225858,
    "sohr_init_6": 1.6492340962225858,
    "sohr_init_7": 1.6492340962225858,
    "sohr_init_8": 1.6492340962225858,
    "sohr_init_9": 1.6492340962225858,
    "sohr_init_10": 1.6492340962225858,
    "sohr_init_11": 1.6492340962225858,
    "sohr_init_12": 1.6492340962225858,
    "sohr_init_13": 1.6492340962225858,
    "sohr_init_14": 1.6492340962225858,
    "soc_init_1": 27.477883774610635,
    "soc_init_2": 27.477883774610635,
    "soc_init_3": 27.477883774610635,
    "soc_init_4": 27.477883774610635,
    "soc_init_5": 27.477883774610635,
    "soc_init_6": 27.477883774610635,
    "soc_init_7": 27.477883774610635,
    "soc_init_8": 27.477883774610635,
    "soc_init_9": 27.477883774610635,
    "soc_init_10": 27.477883774610635,
    "soc_init_11": 27.477883774610635,
    "soc_init_12": 27.477883774610635,
    "soc_init_13": 27.477883774610635,
    "soc_init_14": 27.477883774610635,
    "cost": 0.5363354507340313,
    "device": "bPB00055",
    "cycle_start_time": "2022-11-15T15:28:28+00:00"
}