{
    "soc_min": 2,
    "soc_max": 98,
    "r1": 0.001421896899684891,
    "c1": 100255.36187205274,
    "ir_a": 0.005872875364274942,
    "ir_b": 0.19855808593013166,
    "ir_c": 0.0012072066133589842,
    "ir_d": 0.02638320268291372,
    "ir_e": 0.2411110238230366,
    "no_cells": 14,
    "cell_temp_init": 36.000978325169676,
    "amb_temp_celsius": 28.001801592275825,
    "bat_cell_cap": 66.0,
    "sohc_init_1": 49.01634611876729,
    "sohc_init_2": 49.01634611876729,
    "sohc_init_3": 49.01634611876729,
    "sohc_init_4": 49.01634611876729,
    "sohc_init_5": 49.01634611876729,
    "sohc_init_6": 49.01634611876729,
    "sohc_init_7": 49.01634611876729,
    "sohc_init_8": 49.01634611876729,
    "sohc_init_9": 49.01634611876729,
    "sohc_init_10": 49.01634611876729,
    "sohc_init_11": 49.01634611876729,
    "sohc_init_12": 49.01634611876729,
    "sohc_init_13": 49.01634611876729,
    "sohc_init_14": 49.01634611876729,
    "sohr_init_1": 2.2162868208644504,
    "sohr_init_2": 2.2162868208644504,
    "sohr_init_3": 2.2162868208644504,
    "sohr_init_4": 2.2162868208644504,
    "sohr_init_5": 2.2162868208644504,
    "sohr_init_6": 2.2162868208644504,
    "sohr_init_7": 2.2162868208644504,
    "sohr_init_8": 2.2162868208644504,
    "sohr_init_9": 2.2162868208644504,
    "sohr_init_10": 2.2162868208644504,
    "sohr_init_11": 2.2162868208644504,
    "sohr_init_12": 2.2162868208644504,
    "sohr_init_13": 2.2162868208644504,
    "sohr_init_14": 2.2162868208644504,
    "soc_init_1": 25.751554713480612,
    "soc_init_2": 25.751554713480612,
    "soc_init_3": 25.751554713480612,
    "soc_init_4": 25.751554713480612,
    "soc_init_5": 25.751554713480612,
    "soc_init_6": 25.751554713480612,
    "soc_init_7": 25.751554713480612,
    "soc_init_8": 25.751554713480612,
    "soc_init_9": 25.751554713480612,
    "soc_init_10": 25.751554713480612,
    "soc_init_11": 25.751554713480612,
    "soc_init_12": 25.751554713480612,
    "soc_init_13": 25.751554713480612,
    "soc_init_14": 25.751554713480612,
    "cost": 0.5506686373427357,
    "device": "bPB00055",
    "cycle_start_time": "2022-11-09T03:21:20+00:00"
}