{
    "soc_min": 2,
    "soc_max": 98,
    "r1": 0.0002843683297980303,
    "c1": 200978.98278539936,
    "ir_a": 0.009500363582809306,
    "ir_b": 0.16388656518623643,
    "ir_c": 0.00018199149770097822,
    "ir_d": 0.09844733501056659,
    "ir_e": 0.9737149669227719,
    "no_cells": 14,
    "cell_temp_init": 38.5550586591689,
    "amb_temp_celsius": 30.023492857436295,
    "bat_cell_cap": 66.0,
    "sohc_init_1": 64.07411390410005,
    "sohc_init_2": 64.07411390410005,
    "sohc_init_3": 64.07411390410005,
    "sohc_init_4": 64.07411390410005,
    "sohc_init_5": 64.07411390410005,
    "sohc_init_6": 64.07411390410005,
    "sohc_init_7": 64.07411390410005,
    "sohc_init_8": 64.07411390410005,
    "sohc_init_9": 64.07411390410005,
    "sohc_init_10": 64.07411390410005,
    "sohc_init_11": 64.07411390410005,
    "sohc_init_12": 64.07411390410005,
    "sohc_init_13": 64.07411390410005,
    "sohc_init_14": 64.07411390410005,
    "sohr_init_1": 2.960920440871816,
    "sohr_init_2": 2.960920440871816,
    "sohr_init_3": 2.960920440871816,
    "sohr_init_4": 2.960920440871816,
    "sohr_init_5": 2.960920440871816,
    "sohr_init_6": 2.960920440871816,
    "sohr_init_7": 2.960920440871816,
    "sohr_init_8": 2.960920440871816,
    "sohr_init_9": 2.960920440871816,
    "sohr_init_10": 2.960920440871816,
    "sohr_init_11": 2.960920440871816,
    "sohr_init_12": 2.960920440871816,
    "sohr_init_13": 2.960920440871816,
    "sohr_init_14": 2.960920440871816,
    "soc_init_1": 31.94438077251402,
    "soc_init_2": 31.94438077251402,
    "soc_init_3": 31.94438077251402,
    "soc_init_4": 31.94438077251402,
    "soc_init_5": 31.94438077251402,
    "soc_init_6": 31.94438077251402,
    "soc_init_7": 31.94438077251402,
    "soc_init_8": 31.94438077251402,
    "soc_init_9": 31.94438077251402,
    "soc_init_10": 31.94438077251402,
    "soc_init_11": 31.94438077251402,
    "soc_init_12": 31.94438077251402,
    "soc_init_13": 31.94438077251402,
    "soc_init_14": 31.94438077251402,
    "cost": 0.4219714022944798,
    "device": "bPB00055",
    "cycle_start_time": "2021-09-10T19:41:27+00:00"
}