{
    "soc_min": 2,
    "soc_max": 98,
    "r1": 0.0005547895321301805,
    "c1": 159632.95171967833,
    "ir_a": 0.0002120974466084327,
    "ir_b": 0.1927299413152062,
    "ir_c": 0.0017562746445160425,
    "ir_d": 0.056743164903672635,
    "ir_e": 0.7416254400686321,
    "no_cells": 14,
    "cell_temp_init": 35.000674862089696,
    "amb_temp_celsius": 27.00167749050536,
    "bat_cell_cap": 66.0,
    "sohc_init_1": 48.834910477297626,
    "sohc_init_2": 48.834910477297626,
    "sohc_init_3": 48.834910477297626,
    "sohc_init_4": 48.834910477297626,
    "sohc_init_5": 48.834910477297626,
    "sohc_init_6": 48.834910477297626,
    "sohc_init_7": 48.834910477297626,
    "sohc_init_8": 48.834910477297626,
    "sohc_init_9": 48.834910477297626,
    "sohc_init_10": 48.834910477297626,
    "sohc_init_11": 48.834910477297626,
    "sohc_init_12": 48.834910477297626,
    "sohc_init_13": 48.834910477297626,
    "sohc_init_14": 48.834910477297626,
    "sohr_init_1": 2.235661114444804,
    "sohr_init_2": 2.235661114444804,
    "sohr_init_3": 2.235661114444804,
    "sohr_init_4": 2.235661114444804,
    "sohr_init_5": 2.235661114444804,
    "sohr_init_6": 2.235661114444804,
    "sohr_init_7": 2.235661114444804,
    "sohr_init_8": 2.235661114444804,
    "sohr_init_9": 2.235661114444804,
    "sohr_init_10": 2.235661114444804,
    "sohr_init_11": 2.235661114444804,
    "sohr_init_12": 2.235661114444804,
    "sohr_init_13": 2.235661114444804,
    "sohr_init_14": 2.235661114444804,
    "soc_init_1": 24.01133349715898,
    "soc_init_2": 24.01133349715898,
    "soc_init_3": 24.01133349715898,
    "soc_init_4": 24.01133349715898,
    "soc_init_5": 24.01133349715898,
    "soc_init_6": 24.01133349715898,
    "soc_init_7": 24.01133349715898,
    "soc_init_8": 24.01133349715898,
    "soc_init_9": 24.01133349715898,
    "soc_init_10": 24.01133349715898,
    "soc_init_11": 24.01133349715898,
    "soc_init_12": 24.01133349715898,
    "soc_init_13": 24.01133349715898,
    "soc_init_14": 24.01133349715898,
    "cost": 0.5018608437808717,
    "device": "bPB00055",
    "cycle_start_time": "2022-11-06T08:17:31+00:00"
}