{
    "soc_min": 2,
    "soc_max": 98,
    "r1": 0.00020940053129454508,
    "c1": 460410.92712941446,
    "ir_a": 0.0026652013523815934,
    "ir_b": 0.19892553642802524,
    "ir_c": 0.0019846195357757102,
    "ir_d": 0.05158157060283825,
    "ir_e": 0.990517379046993,
    "no_cells": 14,
    "cell_temp_init": 36.00011727073938,
    "amb_temp_celsius": 28.00115204696803,
    "bat_cell_cap": 66.0,
    "sohc_init_1": 49.18955886909691,
    "sohc_init_2": 49.18955886909691,
    "sohc_init_3": 49.18955886909691,
    "sohc_init_4": 49.18955886909691,
    "sohc_init_5": 49.18955886909691,
    "sohc_init_6": 49.18955886909691,
    "sohc_init_7": 49.18955886909691,
    "sohc_init_8": 49.18955886909691,
    "sohc_init_9": 49.18955886909691,
    "sohc_init_10": 49.18955886909691,
    "sohc_init_11": 49.18955886909691,
    "sohc_init_12": 49.18955886909691,
    "sohc_init_13": 49.18955886909691,
    "sohc_init_14": 49.18955886909691,
    "sohr_init_1": 1.9295212165297724,
    "sohr_init_2": 1.9295212165297724,
    "sohr_init_3": 1.9295212165297724,
    "sohr_init_4": 1.9295212165297724,
    "sohr_init_5": 1.9295212165297724,
    "sohr_init_6": 1.9295212165297724,
    "sohr_init_7": 1.9295212165297724,
    "sohr_init_8": 1.9295212165297724,
    "sohr_init_9": 1.9295212165297724,
    "sohr_init_10": 1.9295212165297724,
    "sohr_init_11": 1.9295212165297724,
    "sohr_init_12": 1.9295212165297724,
    "sohr_init_13": 1.9295212165297724,
    "sohr_init_14": 1.9295212165297724,
    "soc_init_1": 24.437339808051192,
    "soc_init_2": 24.437339808051192,
    "soc_init_3": 24.437339808051192,
    "soc_init_4": 24.437339808051192,
    "soc_init_5": 24.437339808051192,
    "soc_init_6": 24.437339808051192,
    "soc_init_7": 24.437339808051192,
    "soc_init_8": 24.437339808051192,
    "soc_init_9": 24.437339808051192,
    "soc_init_10": 24.437339808051192,
    "soc_init_11": 24.437339808051192,
    "soc_init_12": 24.437339808051192,
    "soc_init_13": 24.437339808051192,
    "soc_init_14": 24.437339808051192,
    "cost": 0.5463861745400768,
    "device": "bPB00055",
    "cycle_start_time": "2022-11-03T22:55:58+00:00"
}