{
    "soc_min": 2,
    "soc_max": 98,
    "r1": 0.001303409496066958,
    "c1": 250584.1141093327,
    "ir_a": 0.004749046653754221,
    "ir_b": 0.07509073652080658,
    "ir_c": 9.57033546106571e-05,
    "ir_d": 0.011339620231585475,
    "ir_e": 0.08856987612334895,
    "no_cells": 14,
    "cell_temp_init": 41.00145153998974,
    "amb_temp_celsius": 33.00348023038668,
    "bat_cell_cap": 66.0,
    "sohc_init_1": 54.162241472438055,
    "sohc_init_2": 54.162241472438055,
    "sohc_init_3": 54.162241472438055,
    "sohc_init_4": 54.162241472438055,
    "sohc_init_5": 54.162241472438055,
    "sohc_init_6": 54.162241472438055,
    "sohc_init_7": 54.162241472438055,
    "sohc_init_8": 54.162241472438055,
    "sohc_init_9": 54.162241472438055,
    "sohc_init_10": 54.162241472438055,
    "sohc_init_11": 54.162241472438055,
    "sohc_init_12": 54.162241472438055,
    "sohc_init_13": 54.162241472438055,
    "sohc_init_14": 54.162241472438055,
    "sohr_init_1": 2.9188984256135786,
    "sohr_init_2": 2.9188984256135786,
    "sohr_init_3": 2.9188984256135786,
    "sohr_init_4": 2.9188984256135786,
    "sohr_init_5": 2.9188984256135786,
    "sohr_init_6": 2.9188984256135786,
    "sohr_init_7": 2.9188984256135786,
    "sohr_init_8": 2.9188984256135786,
    "sohr_init_9": 2.9188984256135786,
    "sohr_init_10": 2.9188984256135786,
    "sohr_init_11": 2.9188984256135786,
    "sohr_init_12": 2.9188984256135786,
    "sohr_init_13": 2.9188984256135786,
    "sohr_init_14": 2.9188984256135786,
    "soc_init_1": 13.576811222424608,
    "soc_init_2": 13.576811222424608,
    "soc_init_3": 13.576811222424608,
    "soc_init_4": 13.576811222424608,
    "soc_init_5": 13.576811222424608,
    "soc_init_6": 13.576811222424608,
    "soc_init_7": 13.576811222424608,
    "soc_init_8": 13.576811222424608,
    "soc_init_9": 13.576811222424608,
    "soc_init_10": 13.576811222424608,
    "soc_init_11": 13.576811222424608,
    "soc_init_12": 13.576811222424608,
    "soc_init_13": 13.576811222424608,
    "soc_init_14": 13.576811222424608,
    "cost": 0.6261987756856386,
    "device": "bPB00055",
    "cycle_start_time": "2022-08-18T21:23:17+00:00"
}