{
    "soc_min": 2,
    "soc_max": 98,
    "r1": 0.01503912361839852,
    "c1": 714685.7120406651,
    "ir_a": 0.009960014575004462,
    "ir_b": 0.022480691075924333,
    "ir_c": 0.004884598030747547,
    "ir_d": 0.09997932351565762,
    "ir_e": 0.9991518099353348,
    "no_cells": 14,
    "cell_temp_init": 37.0003919645152,
    "amb_temp_celsius": 30.42751746374003,
    "bat_cell_cap": 66.0,
    "sohc_init_1": 67.14264856849405,
    "sohc_init_2": 67.14264856849405,
    "sohc_init_3": 67.14264856849405,
    "sohc_init_4": 67.14264856849405,
    "sohc_init_5": 67.14264856849405,
    "sohc_init_6": 67.14264856849405,
    "sohc_init_7": 67.14264856849405,
    "sohc_init_8": 67.14264856849405,
    "sohc_init_9": 67.14264856849405,
    "sohc_init_10": 67.14264856849405,
    "sohc_init_11": 67.14264856849405,
    "sohc_init_12": 67.14264856849405,
    "sohc_init_13": 67.14264856849405,
    "sohc_init_14": 67.14264856849405,
    "sohr_init_1": 2.9906256786871874,
    "sohr_init_2": 2.9906256786871874,
    "sohr_init_3": 2.9906256786871874,
    "sohr_init_4": 2.9906256786871874,
    "sohr_init_5": 2.9906256786871874,
    "sohr_init_6": 2.9906256786871874,
    "sohr_init_7": 2.9906256786871874,
    "sohr_init_8": 2.9906256786871874,
    "sohr_init_9": 2.9906256786871874,
    "sohr_init_10": 2.9906256786871874,
    "sohr_init_11": 2.9906256786871874,
    "sohr_init_12": 2.9906256786871874,
    "sohr_init_13": 2.9906256786871874,
    "sohr_init_14": 2.9906256786871874,
    "soc_init_1": 3.0009801091142374,
    "soc_init_2": 3.0009801091142374,
    "soc_init_3": 3.0009801091142374,
    "soc_init_4": 3.0009801091142374,
    "soc_init_5": 3.0009801091142374,
    "soc_init_6": 3.0009801091142374,
    "soc_init_7": 3.0009801091142374,
    "soc_init_8": 3.0009801091142374,
    "soc_init_9": 3.0009801091142374,
    "soc_init_10": 3.0009801091142374,
    "soc_init_11": 3.0009801091142374,
    "soc_init_12": 3.0009801091142374,
    "soc_init_13": 3.0009801091142374,
    "soc_init_14": 3.0009801091142374,
    "cost": 1.336380723194364,
    "device": "bPB00055",
    "cycle_start_time": "2021-09-12T17:18:13+00:00"
}