{
    "soc_min": 2,
    "soc_max": 98,
    "r1": 0.01776487725055991,
    "c1": 237601.3429822768,
    "ir_a": 0.0048366049314698895,
    "ir_b": 0.03336131071568559,
    "ir_c": 0.0037630413927948855,
    "ir_d": 0.012846307702078931,
    "ir_e": 0.010296005595967795,
    "no_cells": 14,
    "cell_temp_init": 43.505795589930514,
    "amb_temp_celsius": 34.728707192378565,
    "bat_cell_cap": 66.0,
    "sohc_init_1": 55.4589751758692,
    "sohc_init_2": 55.4589751758692,
    "sohc_init_3": 55.4589751758692,
    "sohc_init_4": 55.4589751758692,
    "sohc_init_5": 55.4589751758692,
    "sohc_init_6": 55.4589751758692,
    "sohc_init_7": 55.4589751758692,
    "sohc_init_8": 55.4589751758692,
    "sohc_init_9": 55.4589751758692,
    "sohc_init_10": 55.4589751758692,
    "sohc_init_11": 55.4589751758692,
    "sohc_init_12": 55.4589751758692,
    "sohc_init_13": 55.4589751758692,
    "sohc_init_14": 55.4589751758692,
    "sohr_init_1": 1.3659836753997785,
    "sohr_init_2": 1.3659836753997785,
    "sohr_init_3": 1.3659836753997785,
    "sohr_init_4": 1.3659836753997785,
    "sohr_init_5": 1.3659836753997785,
    "sohr_init_6": 1.3659836753997785,
    "sohr_init_7": 1.3659836753997785,
    "sohr_init_8": 1.3659836753997785,
    "sohr_init_9": 1.3659836753997785,
    "sohr_init_10": 1.3659836753997785,
    "sohr_init_11": 1.3659836753997785,
    "sohr_init_12": 1.3659836753997785,
    "sohr_init_13": 1.3659836753997785,
    "sohr_init_14": 1.3659836753997785,
    "soc_init_1": 51.09626624644242,
    "soc_init_2": 51.09626624644242,
    "soc_init_3": 51.09626624644242,
    "soc_init_4": 51.09626624644242,
    "soc_init_5": 51.09626624644242,
    "soc_init_6": 51.09626624644242,
    "soc_init_7": 51.09626624644242,
    "soc_init_8": 51.09626624644242,
    "soc_init_9": 51.09626624644242,
    "soc_init_10": 51.09626624644242,
    "soc_init_11": 51.09626624644242,
    "soc_init_12": 51.09626624644242,
    "soc_init_13": 51.09626624644242,
    "soc_init_14": 51.09626624644242,
    "cost": 2.2666342586232906,
    "device": "bPB00055",
    "cycle_start_time": "2022-08-25T03:12:49+00:00"
}