{
    "soc_min": 2,
    "soc_max": 98,
    "r1": 0.002254935386547293,
    "c1": 283268.3862762484,
    "ir_a": 0.00013292452320031023,
    "ir_b": 0.050883365658039775,
    "ir_c": 0.001667368027925696,
    "ir_d": 0.023157403399632764,
    "ir_e": 0.29498904889604993,
    "no_cells": 14,
    "cell_temp_init": 36.00018450882092,
    "amb_temp_celsius": 28.003640743222192,
    "bat_cell_cap": 66.0,
    "sohc_init_1": 54.17644257710711,
    "sohc_init_2": 54.17644257710711,
    "sohc_init_3": 54.17644257710711,
    "sohc_init_4": 54.17644257710711,
    "sohc_init_5": 54.17644257710711,
    "sohc_init_6": 54.17644257710711,
    "sohc_init_7": 54.17644257710711,
    "sohc_init_8": 54.17644257710711,
    "sohc_init_9": 54.17644257710711,
    "sohc_init_10": 54.17644257710711,
    "sohc_init_11": 54.17644257710711,
    "sohc_init_12": 54.17644257710711,
    "sohc_init_13": 54.17644257710711,
    "sohc_init_14": 54.17644257710711,
    "sohr_init_1": 1.3701184339005112,
    "sohr_init_2": 1.3701184339005112,
    "sohr_init_3": 1.3701184339005112,
    "sohr_init_4": 1.3701184339005112,
    "sohr_init_5": 1.3701184339005112,
    "sohr_init_6": 1.3701184339005112,
    "sohr_init_7": 1.3701184339005112,
    "sohr_init_8": 1.3701184339005112,
    "sohr_init_9": 1.3701184339005112,
    "sohr_init_10": 1.3701184339005112,
    "sohr_init_11": 1.3701184339005112,
    "sohr_init_12": 1.3701184339005112,
    "sohr_init_13": 1.3701184339005112,
    "sohr_init_14": 1.3701184339005112,
    "soc_init_1": 26.05202348254093,
    "soc_init_2": 26.05202348254093,
    "soc_init_3": 26.05202348254093,
    "soc_init_4": 26.05202348254093,
    "soc_init_5": 26.05202348254093,
    "soc_init_6": 26.05202348254093,
    "soc_init_7": 26.05202348254093,
    "soc_init_8": 26.05202348254093,
    "soc_init_9": 26.05202348254093,
    "soc_init_10": 26.05202348254093,
    "soc_init_11": 26.05202348254093,
    "soc_init_12": 26.05202348254093,
    "soc_init_13": 26.05202348254093,
    "soc_init_14": 26.05202348254093,
    "cost": 0.5620305949887967,
    "device": "bPB00055",
    "cycle_start_time": "2022-11-01T06:43:28+00:00"
}