{
    "soc_min": 2,
    "soc_max": 98,
    "r1": 0.019833939824035,
    "c1": 1999591.5970530594,
    "ir_a": 0.003657631710583458,
    "ir_b": 0.18894978459894385,
    "ir_c": 0.003674193487360498,
    "ir_d": 0.09980666487793453,
    "ir_e": 0.05269238561174787,
    "no_cells": 14,
    "cell_temp_init": 36.00007121568306,
    "amb_temp_celsius": 28.00157142504792,
    "bat_cell_cap": 66.0,
    "sohc_init_1": 55.74449035617679,
    "sohc_init_2": 55.74449035617679,
    "sohc_init_3": 55.74449035617679,
    "sohc_init_4": 55.74449035617679,
    "sohc_init_5": 55.74449035617679,
    "sohc_init_6": 55.74449035617679,
    "sohc_init_7": 55.74449035617679,
    "sohc_init_8": 55.74449035617679,
    "sohc_init_9": 55.74449035617679,
    "sohc_init_10": 55.74449035617679,
    "sohc_init_11": 55.74449035617679,
    "sohc_init_12": 55.74449035617679,
    "sohc_init_13": 55.74449035617679,
    "sohc_init_14": 55.74449035617679,
    "sohr_init_1": 1.0549661376411879,
    "sohr_init_2": 1.0549661376411879,
    "sohr_init_3": 1.0549661376411879,
    "sohr_init_4": 1.0549661376411879,
    "sohr_init_5": 1.0549661376411879,
    "sohr_init_6": 1.0549661376411879,
    "sohr_init_7": 1.0549661376411879,
    "sohr_init_8": 1.0549661376411879,
    "sohr_init_9": 1.0549661376411879,
    "sohr_init_10": 1.0549661376411879,
    "sohr_init_11": 1.0549661376411879,
    "sohr_init_12": 1.0549661376411879,
    "sohr_init_13": 1.0549661376411879,
    "sohr_init_14": 1.0549661376411879,
    "soc_init_1": 27.36066723794595,
    "soc_init_2": 27.36066723794595,
    "soc_init_3": 27.36066723794595,
    "soc_init_4": 27.36066723794595,
    "soc_init_5": 27.36066723794595,
    "soc_init_6": 27.36066723794595,
    "soc_init_7": 27.36066723794595,
    "soc_init_8": 27.36066723794595,
    "soc_init_9": 27.36066723794595,
    "soc_init_10": 27.36066723794595,
    "soc_init_11": 27.36066723794595,
    "soc_init_12": 27.36066723794595,
    "soc_init_13": 27.36066723794595,
    "soc_init_14": 27.36066723794595,
    "cost": 0.5716470526320232,
    "device": "bPB00055",
    "cycle_start_time": "2022-11-14T23:58:54+00:00"
}