{
    "soc_min": 2,
    "soc_max": 98,
    "r1": 0.006819426894241518,
    "c1": 1999361.4078436873,
    "ir_a": 0.009960051665629957,
    "ir_b": 0.0828412123967575,
    "ir_c": 0.0003089083977810817,
    "ir_d": 0.04556203615111772,
    "ir_e": 0.7639987513431685,
    "no_cells": 14,
    "cell_temp_init": 41.0001077386002,
    "amb_temp_celsius": 33.01435644860036,
    "bat_cell_cap": 66.0,
    "sohc_init_1": 56.25702770673432,
    "sohc_init_2": 56.25702770673432,
    "sohc_init_3": 56.25702770673432,
    "sohc_init_4": 56.25702770673432,
    "sohc_init_5": 56.25702770673432,
    "sohc_init_6": 56.25702770673432,
    "sohc_init_7": 56.25702770673432,
    "sohc_init_8": 56.25702770673432,
    "sohc_init_9": 56.25702770673432,
    "sohc_init_10": 56.25702770673432,
    "sohc_init_11": 56.25702770673432,
    "sohc_init_12": 56.25702770673432,
    "sohc_init_13": 56.25702770673432,
    "sohc_init_14": 56.25702770673432,
    "sohr_init_1": 2.680946986982864,
    "sohr_init_2": 2.680946986982864,
    "sohr_init_3": 2.680946986982864,
    "sohr_init_4": 2.680946986982864,
    "sohr_init_5": 2.680946986982864,
    "sohr_init_6": 2.680946986982864,
    "sohr_init_7": 2.680946986982864,
    "sohr_init_8": 2.680946986982864,
    "sohr_init_9": 2.680946986982864,
    "sohr_init_10": 2.680946986982864,
    "sohr_init_11": 2.680946986982864,
    "sohr_init_12": 2.680946986982864,
    "sohr_init_13": 2.680946986982864,
    "sohr_init_14": 2.680946986982864,
    "soc_init_1": 13.578011475168118,
    "soc_init_2": 13.578011475168118,
    "soc_init_3": 13.578011475168118,
    "soc_init_4": 13.578011475168118,
    "soc_init_5": 13.578011475168118,
    "soc_init_6": 13.578011475168118,
    "soc_init_7": 13.578011475168118,
    "soc_init_8": 13.578011475168118,
    "soc_init_9": 13.578011475168118,
    "soc_init_10": 13.578011475168118,
    "soc_init_11": 13.578011475168118,
    "soc_init_12": 13.578011475168118,
    "soc_init_13": 13.578011475168118,
    "soc_init_14": 13.578011475168118,
    "cost": 0.7080015408456156,
    "device": "bPB00055",
    "cycle_start_time": "2022-08-17T13:58:46+00:00"
}