{
    "soc_min": 2,
    "soc_max": 98,
    "r1": 0.0022069219250293575,
    "c1": 764247.3143443543,
    "ir_a": 0.0006606179128758609,
    "ir_b": 0.09308254741683519,
    "ir_c": 0.003015601185643468,
    "ir_d": 0.01945521707788849,
    "ir_e": 0.44734661103447165,
    "no_cells": 14,
    "cell_temp_init": 43.00099625632177,
    "amb_temp_celsius": 37.40784902864233,
    "bat_cell_cap": 66.0,
    "sohc_init_1": 45.21161532187587,
    "sohc_init_2": 45.21161532187587,
    "sohc_init_3": 45.21161532187587,
    "sohc_init_4": 45.21161532187587,
    "sohc_init_5": 45.21161532187587,
    "sohc_init_6": 45.21161532187587,
    "sohc_init_7": 45.21161532187587,
    "sohc_init_8": 45.21161532187587,
    "sohc_init_9": 45.21161532187587,
    "sohc_init_10": 45.21161532187587,
    "sohc_init_11": 45.21161532187587,
    "sohc_init_12": 45.21161532187587,
    "sohc_init_13": 45.21161532187587,
    "sohc_init_14": 45.21161532187587,
    "sohr_init_1": 1.2094477614903547,
    "sohr_init_2": 1.2094477614903547,
    "sohr_init_3": 1.2094477614903547,
    "sohr_init_4": 1.2094477614903547,
    "sohr_init_5": 1.2094477614903547,
    "sohr_init_6": 1.2094477614903547,
    "sohr_init_7": 1.2094477614903547,
    "sohr_init_8": 1.2094477614903547,
    "sohr_init_9": 1.2094477614903547,
    "sohr_init_10": 1.2094477614903547,
    "sohr_init_11": 1.2094477614903547,
    "sohr_init_12": 1.2094477614903547,
    "sohr_init_13": 1.2094477614903547,
    "sohr_init_14": 1.2094477614903547,
    "soc_init_1": 25.3180963216944,
    "soc_init_2": 25.3180963216944,
    "soc_init_3": 25.3180963216944,
    "soc_init_4": 25.3180963216944,
    "soc_init_5": 25.3180963216944,
    "soc_init_6": 25.3180963216944,
    "soc_init_7": 25.3180963216944,
    "soc_init_8": 25.3180963216944,
    "soc_init_9": 25.3180963216944,
    "soc_init_10": 25.3180963216944,
    "soc_init_11": 25.3180963216944,
    "soc_init_12": 25.3180963216944,
    "soc_init_13": 25.3180963216944,
    "soc_init_14": 25.3180963216944,
    "cost": 1.5156109212680402,
    "device": "bPB00055",
    "cycle_start_time": "2022-08-25T16:39:17+00:00"
}