{
    "soc_min": 2,
    "soc_max": 98,
    "r1": 0.019988328405174866,
    "c1": 144272.76306566416,
    "ir_a": 0.0007483156352915481,
    "ir_b": 0.17991627169736948,
    "ir_c": 0.0029074483692174804,
    "ir_d": 0.08136777674885648,
    "ir_e": 0.9012147996036229,
    "no_cells": 14,
    "cell_temp_init": 43.1605749486204,
    "amb_temp_celsius": 34.07368186379212,
    "bat_cell_cap": 66.0,
    "sohc_init_1": 51.64106866652468,
    "sohc_init_2": 51.64106866652468,
    "sohc_init_3": 51.64106866652468,
    "sohc_init_4": 51.64106866652468,
    "sohc_init_5": 51.64106866652468,
    "sohc_init_6": 51.64106866652468,
    "sohc_init_7": 51.64106866652468,
    "sohc_init_8": 51.64106866652468,
    "sohc_init_9": 51.64106866652468,
    "sohc_init_10": 51.64106866652468,
    "sohc_init_11": 51.64106866652468,
    "sohc_init_12": 51.64106866652468,
    "sohc_init_13": 51.64106866652468,
    "sohc_init_14": 51.64106866652468,
    "sohr_init_1": 2.4008429748062925,
    "sohr_init_2": 2.4008429748062925,
    "sohr_init_3": 2.4008429748062925,
    "sohr_init_4": 2.4008429748062925,
    "sohr_init_5": 2.4008429748062925,
    "sohr_init_6": 2.4008429748062925,
    "sohr_init_7": 2.4008429748062925,
    "sohr_init_8": 2.4008429748062925,
    "sohr_init_9": 2.4008429748062925,
    "sohr_init_10": 2.4008429748062925,
    "sohr_init_11": 2.4008429748062925,
    "sohr_init_12": 2.4008429748062925,
    "sohr_init_13": 2.4008429748062925,
    "sohr_init_14": 2.4008429748062925,
    "soc_init_1": 55.40257350223955,
    "soc_init_2": 55.40257350223955,
    "soc_init_3": 55.40257350223955,
    "soc_init_4": 55.40257350223955,
    "soc_init_5": 55.40257350223955,
    "soc_init_6": 55.40257350223955,
    "soc_init_7": 55.40257350223955,
    "soc_init_8": 55.40257350223955,
    "soc_init_9": 55.40257350223955,
    "soc_init_10": 55.40257350223955,
    "soc_init_11": 55.40257350223955,
    "soc_init_12": 55.40257350223955,
    "soc_init_13": 55.40257350223955,
    "soc_init_14": 55.40257350223955,
    "cost": 1.275870685689121,
    "device": "bPB00055",
    "cycle_start_time": "2021-11-02T05:26:43+00:00"
}