{
    "soc_min": 2,
    "soc_max": 98,
    "r1": 0.019980525762085873,
    "c1": 1977529.1630423302,
    "ir_a": 0.009713443495502891,
    "ir_b": 0.12909383851620734,
    "ir_c": 0.0001742917306854231,
    "ir_d": 0.07994890605653582,
    "ir_e": 0.921187629671771,
    "no_cells": 14,
    "cell_temp_init": 41.19479469287305,
    "amb_temp_celsius": 33.00769608754078,
    "bat_cell_cap": 66.0,
    "sohc_init_1": 64.95643422238726,
    "sohc_init_2": 64.95643422238726,
    "sohc_init_3": 64.95643422238726,
    "sohc_init_4": 64.95643422238726,
    "sohc_init_5": 64.95643422238726,
    "sohc_init_6": 64.95643422238726,
    "sohc_init_7": 64.95643422238726,
    "sohc_init_8": 64.95643422238726,
    "sohc_init_9": 64.95643422238726,
    "sohc_init_10": 64.95643422238726,
    "sohc_init_11": 64.95643422238726,
    "sohc_init_12": 64.95643422238726,
    "sohc_init_13": 64.95643422238726,
    "sohc_init_14": 64.95643422238726,
    "sohr_init_1": 1.964979105231284,
    "sohr_init_2": 1.964979105231284,
    "sohr_init_3": 1.964979105231284,
    "sohr_init_4": 1.964979105231284,
    "sohr_init_5": 1.964979105231284,
    "sohr_init_6": 1.964979105231284,
    "sohr_init_7": 1.964979105231284,
    "sohr_init_8": 1.964979105231284,
    "sohr_init_9": 1.964979105231284,
    "sohr_init_10": 1.964979105231284,
    "sohr_init_11": 1.964979105231284,
    "sohr_init_12": 1.964979105231284,
    "sohr_init_13": 1.964979105231284,
    "sohr_init_14": 1.964979105231284,
    "soc_init_1": 20.158147369383943,
    "soc_init_2": 20.158147369383943,
    "soc_init_3": 20.158147369383943,
    "soc_init_4": 20.158147369383943,
    "soc_init_5": 20.158147369383943,
    "soc_init_6": 20.158147369383943,
    "soc_init_7": 20.158147369383943,
    "soc_init_8": 20.158147369383943,
    "soc_init_9": 20.158147369383943,
    "soc_init_10": 20.158147369383943,
    "soc_init_11": 20.158147369383943,
    "soc_init_12": 20.158147369383943,
    "soc_init_13": 20.158147369383943,
    "soc_init_14": 20.158147369383943,
    "cost": 0.9087986646650165,
    "device": "bPB00055",
    "cycle_start_time": "2021-11-06T07:18:43+00:00"
}