{
    "soc_min": 2,
    "soc_max": 98,
    "r1": 0.0009191005742007555,
    "c1": 256631.6076427131,
    "ir_a": 0.0011564914788764432,
    "ir_b": 0.1916532043310782,
    "ir_c": 0.0012924890366502215,
    "ir_d": 0.010645641644126468,
    "ir_e": 0.19287254414542754,
    "no_cells": 14,
    "cell_temp_init": 36.00000158508,
    "amb_temp_celsius": 28.000478603174724,
    "bat_cell_cap": 66.0,
    "sohc_init_1": 49.235856685141414,
    "sohc_init_2": 49.235856685141414,
    "sohc_init_3": 49.235856685141414,
    "sohc_init_4": 49.235856685141414,
    "sohc_init_5": 49.235856685141414,
    "sohc_init_6": 49.235856685141414,
    "sohc_init_7": 49.235856685141414,
    "sohc_init_8": 49.235856685141414,
    "sohc_init_9": 49.235856685141414,
    "sohc_init_10": 49.235856685141414,
    "sohc_init_11": 49.235856685141414,
    "sohc_init_12": 49.235856685141414,
    "sohc_init_13": 49.235856685141414,
    "sohc_init_14": 49.235856685141414,
    "sohr_init_1": 2.4905484841059673,
    "sohr_init_2": 2.4905484841059673,
    "sohr_init_3": 2.4905484841059673,
    "sohr_init_4": 2.4905484841059673,
    "sohr_init_5": 2.4905484841059673,
    "sohr_init_6": 2.4905484841059673,
    "sohr_init_7": 2.4905484841059673,
    "sohr_init_8": 2.4905484841059673,
    "sohr_init_9": 2.4905484841059673,
    "sohr_init_10": 2.4905484841059673,
    "sohr_init_11": 2.4905484841059673,
    "sohr_init_12": 2.4905484841059673,
    "sohr_init_13": 2.4905484841059673,
    "sohr_init_14": 2.4905484841059673,
    "soc_init_1": 25.39126751242357,
    "soc_init_2": 25.39126751242357,
    "soc_init_3": 25.39126751242357,
    "soc_init_4": 25.39126751242357,
    "soc_init_5": 25.39126751242357,
    "soc_init_6": 25.39126751242357,
    "soc_init_7": 25.39126751242357,
    "soc_init_8": 25.39126751242357,
    "soc_init_9": 25.39126751242357,
    "soc_init_10": 25.39126751242357,
    "soc_init_11": 25.39126751242357,
    "soc_init_12": 25.39126751242357,
    "soc_init_13": 25.39126751242357,
    "soc_init_14": 25.39126751242357,
    "cost": 0.5470550412396901,
    "device": "bPB00055",
    "cycle_start_time": "2022-11-10T05:52:37+00:00"
}