{
    "soc_min": 2,
    "soc_max": 98,
    "r1": 0.019999002719788505,
    "c1": 1994675.0255652822,
    "ir_a": 0.00014741820027276654,
    "ir_b": 0.12145020255965623,
    "ir_c": 1.0716197717296174e-05,
    "ir_d": 0.09515684714305964,
    "ir_e": 0.9784252364563029,
    "no_cells": 14,
    "cell_temp_init": 42.00105985436864,
    "amb_temp_celsius": 34.002715114797795,
    "bat_cell_cap": 66.0,
    "sohc_init_1": 48.361690863745075,
    "sohc_init_2": 48.361690863745075,
    "sohc_init_3": 48.361690863745075,
    "sohc_init_4": 48.361690863745075,
    "sohc_init_5": 48.361690863745075,
    "sohc_init_6": 48.361690863745075,
    "sohc_init_7": 48.361690863745075,
    "sohc_init_8": 48.361690863745075,
    "sohc_init_9": 48.361690863745075,
    "sohc_init_10": 48.361690863745075,
    "sohc_init_11": 48.361690863745075,
    "sohc_init_12": 48.361690863745075,
    "sohc_init_13": 48.361690863745075,
    "sohc_init_14": 48.361690863745075,
    "sohr_init_1": 2.630029487331429,
    "sohr_init_2": 2.630029487331429,
    "sohr_init_3": 2.630029487331429,
    "sohr_init_4": 2.630029487331429,
    "sohr_init_5": 2.630029487331429,
    "sohr_init_6": 2.630029487331429,
    "sohr_init_7": 2.630029487331429,
    "sohr_init_8": 2.630029487331429,
    "sohr_init_9": 2.630029487331429,
    "sohr_init_10": 2.630029487331429,
    "sohr_init_11": 2.630029487331429,
    "sohr_init_12": 2.630029487331429,
    "sohr_init_13": 2.630029487331429,
    "sohr_init_14": 2.630029487331429,
    "soc_init_1": 21.230496993771016,
    "soc_init_2": 21.230496993771016,
    "soc_init_3": 21.230496993771016,
    "soc_init_4": 21.230496993771016,
    "soc_init_5": 21.230496993771016,
    "soc_init_6": 21.230496993771016,
    "soc_init_7": 21.230496993771016,
    "soc_init_8": 21.230496993771016,
    "soc_init_9": 21.230496993771016,
    "soc_init_10": 21.230496993771016,
    "soc_init_11": 21.230496993771016,
    "soc_init_12": 21.230496993771016,
    "soc_init_13": 21.230496993771016,
    "soc_init_14": 21.230496993771016,
    "cost": 0.6180848696996631,
    "device": "bPB00055",
    "cycle_start_time": "2022-09-10T18:24:06+00:00"
}