{
    "soc_min": 2,
    "soc_max": 98,
    "r1": 0.0005188913499664816,
    "c1": 1027000.2660922961,
    "ir_a": 0.00431678890776065,
    "ir_b": 0.03629831432383155,
    "ir_c": 1.1567693186080933e-05,
    "ir_d": 0.08318099741280743,
    "ir_e": 0.9959533988994168,
    "no_cells": 14,
    "cell_temp_init": 39.5161802645928,
    "amb_temp_celsius": 30.005380905671885,
    "bat_cell_cap": 66.0,
    "sohc_init_1": 61.25438446708998,
    "sohc_init_2": 61.25438446708998,
    "sohc_init_3": 61.25438446708998,
    "sohc_init_4": 61.25438446708998,
    "sohc_init_5": 61.25438446708998,
    "sohc_init_6": 61.25438446708998,
    "sohc_init_7": 61.25438446708998,
    "sohc_init_8": 61.25438446708998,
    "sohc_init_9": 61.25438446708998,
    "sohc_init_10": 61.25438446708998,
    "sohc_init_11": 61.25438446708998,
    "sohc_init_12": 61.25438446708998,
    "sohc_init_13": 61.25438446708998,
    "sohc_init_14": 61.25438446708998,
    "sohr_init_1": 1.4514190790855883,
    "sohr_init_2": 1.4514190790855883,
    "sohr_init_3": 1.4514190790855883,
    "sohr_init_4": 1.4514190790855883,
    "sohr_init_5": 1.4514190790855883,
    "sohr_init_6": 1.4514190790855883,
    "sohr_init_7": 1.4514190790855883,
    "sohr_init_8": 1.4514190790855883,
    "sohr_init_9": 1.4514190790855883,
    "sohr_init_10": 1.4514190790855883,
    "sohr_init_11": 1.4514190790855883,
    "sohr_init_12": 1.4514190790855883,
    "sohr_init_13": 1.4514190790855883,
    "sohr_init_14": 1.4514190790855883,
    "soc_init_1": 34.97752693520896,
    "soc_init_2": 34.97752693520896,
    "soc_init_3": 34.97752693520896,
    "soc_init_4": 34.97752693520896,
    "soc_init_5": 34.97752693520896,
    "soc_init_6": 34.97752693520896,
    "soc_init_7": 34.97752693520896,
    "soc_init_8": 34.97752693520896,
    "soc_init_9": 34.97752693520896,
    "soc_init_10": 34.97752693520896,
    "soc_init_11": 34.97752693520896,
    "soc_init_12": 34.97752693520896,
    "soc_init_13": 34.97752693520896,
    "soc_init_14": 34.97752693520896,
    "cost": 0.2036683469797494,
    "device": "bPB00055",
    "cycle_start_time": "2021-09-14T04:56:26+00:00"
}