{
    "soc_min": 2,
    "soc_max": 98,
    "r1": 0.01797770639332545,
    "c1": 378125.4630726773,
    "ir_a": 0.0006554045037660649,
    "ir_b": 0.07229705970553109,
    "ir_c": 0.0028626932713081256,
    "ir_d": 0.06200610189551318,
    "ir_e": 0.9992545657747549,
    "no_cells": 14,
    "cell_temp_init": 41.76372170691998,
    "amb_temp_celsius": 33.021059699993735,
    "bat_cell_cap": 66.0,
    "sohc_init_1": 49.501061294625885,
    "sohc_init_2": 49.501061294625885,
    "sohc_init_3": 49.501061294625885,
    "sohc_init_4": 49.501061294625885,
    "sohc_init_5": 49.501061294625885,
    "sohc_init_6": 49.501061294625885,
    "sohc_init_7": 49.501061294625885,
    "sohc_init_8": 49.501061294625885,
    "sohc_init_9": 49.501061294625885,
    "sohc_init_10": 49.501061294625885,
    "sohc_init_11": 49.501061294625885,
    "sohc_init_12": 49.501061294625885,
    "sohc_init_13": 49.501061294625885,
    "sohc_init_14": 49.501061294625885,
    "sohr_init_1": 1.9005073820543958,
    "sohr_init_2": 1.9005073820543958,
    "sohr_init_3": 1.9005073820543958,
    "sohr_init_4": 1.9005073820543958,
    "sohr_init_5": 1.9005073820543958,
    "sohr_init_6": 1.9005073820543958,
    "sohr_init_7": 1.9005073820543958,
    "sohr_init_8": 1.9005073820543958,
    "sohr_init_9": 1.9005073820543958,
    "sohr_init_10": 1.9005073820543958,
    "sohr_init_11": 1.9005073820543958,
    "sohr_init_12": 1.9005073820543958,
    "sohr_init_13": 1.9005073820543958,
    "sohr_init_14": 1.9005073820543958,
    "soc_init_1": 30.178649588825834,
    "soc_init_2": 30.178649588825834,
    "soc_init_3": 30.178649588825834,
    "soc_init_4": 30.178649588825834,
    "soc_init_5": 30.178649588825834,
    "soc_init_6": 30.178649588825834,
    "soc_init_7": 30.178649588825834,
    "soc_init_8": 30.178649588825834,
    "soc_init_9": 30.178649588825834,
    "soc_init_10": 30.178649588825834,
    "soc_init_11": 30.178649588825834,
    "soc_init_12": 30.178649588825834,
    "soc_init_13": 30.178649588825834,
    "soc_init_14": 30.178649588825834,
    "cost": 1.6215182721107266,
    "device": "bPB00055",
    "cycle_start_time": "2021-11-04T09:53:26+00:00"
}