{
    "soc_min": 2,
    "soc_max": 98,
    "r1": 0.0016106859714621852,
    "c1": 460503.36494800233,
    "ir_a": 0.0008744702602708553,
    "ir_b": 0.19019784473317705,
    "ir_c": 0.0005163403530338282,
    "ir_d": 0.030382831711215606,
    "ir_e": 0.9504993696500735,
    "no_cells": 14,
    "cell_temp_init": 41.00017285100456,
    "amb_temp_celsius": 35.30695180255396,
    "bat_cell_cap": 66.0,
    "sohc_init_1": 49.66283414997762,
    "sohc_init_2": 49.66283414997762,
    "sohc_init_3": 49.66283414997762,
    "sohc_init_4": 49.66283414997762,
    "sohc_init_5": 49.66283414997762,
    "sohc_init_6": 49.66283414997762,
    "sohc_init_7": 49.66283414997762,
    "sohc_init_8": 49.66283414997762,
    "sohc_init_9": 49.66283414997762,
    "sohc_init_10": 49.66283414997762,
    "sohc_init_11": 49.66283414997762,
    "sohc_init_12": 49.66283414997762,
    "sohc_init_13": 49.66283414997762,
    "sohc_init_14": 49.66283414997762,
    "sohr_init_1": 2.2845817191124382,
    "sohr_init_2": 2.2845817191124382,
    "sohr_init_3": 2.2845817191124382,
    "sohr_init_4": 2.2845817191124382,
    "sohr_init_5": 2.2845817191124382,
    "sohr_init_6": 2.2845817191124382,
    "sohr_init_7": 2.2845817191124382,
    "sohr_init_8": 2.2845817191124382,
    "sohr_init_9": 2.2845817191124382,
    "sohr_init_10": 2.2845817191124382,
    "sohr_init_11": 2.2845817191124382,
    "sohr_init_12": 2.2845817191124382,
    "sohr_init_13": 2.2845817191124382,
    "sohr_init_14": 2.2845817191124382,
    "soc_init_1": 23.9674096733396,
    "soc_init_2": 23.9674096733396,
    "soc_init_3": 23.9674096733396,
    "soc_init_4": 23.9674096733396,
    "soc_init_5": 23.9674096733396,
    "soc_init_6": 23.9674096733396,
    "soc_init_7": 23.9674096733396,
    "soc_init_8": 23.9674096733396,
    "soc_init_9": 23.9674096733396,
    "soc_init_10": 23.9674096733396,
    "soc_init_11": 23.9674096733396,
    "soc_init_12": 23.9674096733396,
    "soc_init_13": 23.9674096733396,
    "soc_init_14": 23.9674096733396,
    "cost": 0.550197319938541,
    "device": "bPB00055",
    "cycle_start_time": "2022-08-19T09:08:07+00:00"
}