{
    "soc_min": 2,
    "soc_max": 98,
    "r1": 0.0006339270410482363,
    "c1": 665059.7866304849,
    "ir_a": 0.0023257413102601467,
    "ir_b": 0.16419456128136817,
    "ir_c": 0.002461838818495885,
    "ir_d": 0.010286818949347139,
    "ir_e": 0.8186810825532829,
    "no_cells": 14,
    "cell_temp_init": 36.00009249764201,
    "amb_temp_celsius": 28.00080899940777,
    "bat_cell_cap": 66.0,
    "sohc_init_1": 49.85514490273142,
    "sohc_init_2": 49.85514490273142,
    "sohc_init_3": 49.85514490273142,
    "sohc_init_4": 49.85514490273142,
    "sohc_init_5": 49.85514490273142,
    "sohc_init_6": 49.85514490273142,
    "sohc_init_7": 49.85514490273142,
    "sohc_init_8": 49.85514490273142,
    "sohc_init_9": 49.85514490273142,
    "sohc_init_10": 49.85514490273142,
    "sohc_init_11": 49.85514490273142,
    "sohc_init_12": 49.85514490273142,
    "sohc_init_13": 49.85514490273142,
    "sohc_init_14": 49.85514490273142,
    "sohr_init_1": 1.426646210712469,
    "sohr_init_2": 1.426646210712469,
    "sohr_init_3": 1.426646210712469,
    "sohr_init_4": 1.426646210712469,
    "sohr_init_5": 1.426646210712469,
    "sohr_init_6": 1.426646210712469,
    "sohr_init_7": 1.426646210712469,
    "sohr_init_8": 1.426646210712469,
    "sohr_init_9": 1.426646210712469,
    "sohr_init_10": 1.426646210712469,
    "sohr_init_11": 1.426646210712469,
    "sohr_init_12": 1.426646210712469,
    "sohr_init_13": 1.426646210712469,
    "sohr_init_14": 1.426646210712469,
    "soc_init_1": 23.240138176589095,
    "soc_init_2": 23.240138176589095,
    "soc_init_3": 23.240138176589095,
    "soc_init_4": 23.240138176589095,
    "soc_init_5": 23.240138176589095,
    "soc_init_6": 23.240138176589095,
    "soc_init_7": 23.240138176589095,
    "soc_init_8": 23.240138176589095,
    "soc_init_9": 23.240138176589095,
    "soc_init_10": 23.240138176589095,
    "soc_init_11": 23.240138176589095,
    "soc_init_12": 23.240138176589095,
    "soc_init_13": 23.240138176589095,
    "soc_init_14": 23.240138176589095,
    "cost": 0.5571488120560582,
    "device": "bPB00055",
    "cycle_start_time": "2022-11-01T10:30:22+00:00"
}