{
    "soc_min": 2,
    "soc_max": 98,
    "r1": 0.0008250835640461296,
    "c1": 270375.0112265027,
    "ir_a": 0.00011482797834079686,
    "ir_b": 0.14099775360951008,
    "ir_c": 0.0019795340262042027,
    "ir_d": 0.023264001980855403,
    "ir_e": 0.0296111295918782,
    "no_cells": 14,
    "cell_temp_init": 36.000114878956495,
    "amb_temp_celsius": 28.002590319835107,
    "bat_cell_cap": 66.0,
    "sohc_init_1": 49.01977443979265,
    "sohc_init_2": 49.01977443979265,
    "sohc_init_3": 49.01977443979265,
    "sohc_init_4": 49.01977443979265,
    "sohc_init_5": 49.01977443979265,
    "sohc_init_6": 49.01977443979265,
    "sohc_init_7": 49.01977443979265,
    "sohc_init_8": 49.01977443979265,
    "sohc_init_9": 49.01977443979265,
    "sohc_init_10": 49.01977443979265,
    "sohc_init_11": 49.01977443979265,
    "sohc_init_12": 49.01977443979265,
    "sohc_init_13": 49.01977443979265,
    "sohc_init_14": 49.01977443979265,
    "sohr_init_1": 1.6597505180685757,
    "sohr_init_2": 1.6597505180685757,
    "sohr_init_3": 1.6597505180685757,
    "sohr_init_4": 1.6597505180685757,
    "sohr_init_5": 1.6597505180685757,
    "sohr_init_6": 1.6597505180685757,
    "sohr_init_7": 1.6597505180685757,
    "sohr_init_8": 1.6597505180685757,
    "sohr_init_9": 1.6597505180685757,
    "sohr_init_10": 1.6597505180685757,
    "sohr_init_11": 1.6597505180685757,
    "sohr_init_12": 1.6597505180685757,
    "sohr_init_13": 1.6597505180685757,
    "sohr_init_14": 1.6597505180685757,
    "soc_init_1": 26.0242152325291,
    "soc_init_2": 26.0242152325291,
    "soc_init_3": 26.0242152325291,
    "soc_init_4": 26.0242152325291,
    "soc_init_5": 26.0242152325291,
    "soc_init_6": 26.0242152325291,
    "soc_init_7": 26.0242152325291,
    "soc_init_8": 26.0242152325291,
    "soc_init_9": 26.0242152325291,
    "soc_init_10": 26.0242152325291,
    "soc_init_11": 26.0242152325291,
    "soc_init_12": 26.0242152325291,
    "soc_init_13": 26.0242152325291,
    "soc_init_14": 26.0242152325291,
    "cost": 0.5612178015366158,
    "device": "bPB00055",
    "cycle_start_time": "2022-11-14T01:01:44+00:00"
}