{
    "soc_min": 2,
    "soc_max": 98,
    "r1": 0.00010027913353989391,
    "c1": 1992475.7674356438,
    "ir_a": 0.0014971054588091765,
    "ir_b": 0.19666080512060632,
    "ir_c": 1.0656133551396353e-05,
    "ir_d": 0.09910572335486115,
    "ir_e": 0.8216109330905932,
    "no_cells": 14,
    "cell_temp_init": 42.000315906540806,
    "amb_temp_celsius": 34.00016788843886,
    "bat_cell_cap": 66.0,
    "sohc_init_1": 52.01970210752178,
    "sohc_init_2": 52.01970210752178,
    "sohc_init_3": 52.01970210752178,
    "sohc_init_4": 52.01970210752178,
    "sohc_init_5": 52.01970210752178,
    "sohc_init_6": 52.01970210752178,
    "sohc_init_7": 52.01970210752178,
    "sohc_init_8": 52.01970210752178,
    "sohc_init_9": 52.01970210752178,
    "sohc_init_10": 52.01970210752178,
    "sohc_init_11": 52.01970210752178,
    "sohc_init_12": 52.01970210752178,
    "sohc_init_13": 52.01970210752178,
    "sohc_init_14": 52.01970210752178,
    "sohr_init_1": 2.974806456448607,
    "sohr_init_2": 2.974806456448607,
    "sohr_init_3": 2.974806456448607,
    "sohr_init_4": 2.974806456448607,
    "sohr_init_5": 2.974806456448607,
    "sohr_init_6": 2.974806456448607,
    "sohr_init_7": 2.974806456448607,
    "sohr_init_8": 2.974806456448607,
    "sohr_init_9": 2.974806456448607,
    "sohr_init_10": 2.974806456448607,
    "sohr_init_11": 2.974806456448607,
    "sohr_init_12": 2.974806456448607,
    "sohr_init_13": 2.974806456448607,
    "sohr_init_14": 2.974806456448607,
    "soc_init_1": 22.831401819129056,
    "soc_init_2": 22.831401819129056,
    "soc_init_3": 22.831401819129056,
    "soc_init_4": 22.831401819129056,
    "soc_init_5": 22.831401819129056,
    "soc_init_6": 22.831401819129056,
    "soc_init_7": 22.831401819129056,
    "soc_init_8": 22.831401819129056,
    "soc_init_9": 22.831401819129056,
    "soc_init_10": 22.831401819129056,
    "soc_init_11": 22.831401819129056,
    "soc_init_12": 22.831401819129056,
    "soc_init_13": 22.831401819129056,
    "soc_init_14": 22.831401819129056,
    "cost": 0.6743620492350534,
    "device": "bPB00055",
    "cycle_start_time": "2022-09-10T06:02:27+00:00"
}