{
    "soc_min": 2,
    "soc_max": 98,
    "r1": 0.012103265975762167,
    "c1": 1999112.328238292,
    "ir_a": 0.0013592088304396732,
    "ir_b": 0.010371020441821371,
    "ir_c": 0.0005781813818226179,
    "ir_d": 0.022262901433187203,
    "ir_e": 0.013335175756727945,
    "no_cells": 14,
    "cell_temp_init": 39.002453729743635,
    "amb_temp_celsius": 31.002033544618758,
    "bat_cell_cap": 66.0,
    "sohc_init_1": 65.7374301119519,
    "sohc_init_2": 65.7374301119519,
    "sohc_init_3": 65.7374301119519,
    "sohc_init_4": 65.7374301119519,
    "sohc_init_5": 65.7374301119519,
    "sohc_init_6": 65.7374301119519,
    "sohc_init_7": 65.7374301119519,
    "sohc_init_8": 65.7374301119519,
    "sohc_init_9": 65.7374301119519,
    "sohc_init_10": 65.7374301119519,
    "sohc_init_11": 65.7374301119519,
    "sohc_init_12": 65.7374301119519,
    "sohc_init_13": 65.7374301119519,
    "sohc_init_14": 65.7374301119519,
    "sohr_init_1": 1.2326167586798928,
    "sohr_init_2": 1.2326167586798928,
    "sohr_init_3": 1.2326167586798928,
    "sohr_init_4": 1.2326167586798928,
    "sohr_init_5": 1.2326167586798928,
    "sohr_init_6": 1.2326167586798928,
    "sohr_init_7": 1.2326167586798928,
    "sohr_init_8": 1.2326167586798928,
    "sohr_init_9": 1.2326167586798928,
    "sohr_init_10": 1.2326167586798928,
    "sohr_init_11": 1.2326167586798928,
    "sohr_init_12": 1.2326167586798928,
    "sohr_init_13": 1.2326167586798928,
    "sohr_init_14": 1.2326167586798928,
    "soc_init_1": 10.708063488698336,
    "soc_init_2": 10.708063488698336,
    "soc_init_3": 10.708063488698336,
    "soc_init_4": 10.708063488698336,
    "soc_init_5": 10.708063488698336,
    "soc_init_6": 10.708063488698336,
    "soc_init_7": 10.708063488698336,
    "soc_init_8": 10.708063488698336,
    "soc_init_9": 10.708063488698336,
    "soc_init_10": 10.708063488698336,
    "soc_init_11": 10.708063488698336,
    "soc_init_12": 10.708063488698336,
    "soc_init_13": 10.708063488698336,
    "soc_init_14": 10.708063488698336,
    "cost": 0.31746328591912926,
    "device": "bPB00055",
    "cycle_start_time": "2021-11-13T03:08:41+00:00"
}