{
    "soc_min": 2,
    "soc_max": 98,
    "r1": 0.005722953938147209,
    "c1": 1996155.489532257,
    "ir_a": 0.009366662065084885,
    "ir_b": 0.056537236007235064,
    "ir_c": 0.0006286267027339983,
    "ir_d": 0.06916511558659984,
    "ir_e": 0.017278389498841504,
    "no_cells": 14,
    "cell_temp_init": 41.000302083775566,
    "amb_temp_celsius": 33.002681395800806,
    "bat_cell_cap": 66.0,
    "sohc_init_1": 58.30650528481279,
    "sohc_init_2": 58.30650528481279,
    "sohc_init_3": 58.30650528481279,
    "sohc_init_4": 58.30650528481279,
    "sohc_init_5": 58.30650528481279,
    "sohc_init_6": 58.30650528481279,
    "sohc_init_7": 58.30650528481279,
    "sohc_init_8": 58.30650528481279,
    "sohc_init_9": 58.30650528481279,
    "sohc_init_10": 58.30650528481279,
    "sohc_init_11": 58.30650528481279,
    "sohc_init_12": 58.30650528481279,
    "sohc_init_13": 58.30650528481279,
    "sohc_init_14": 58.30650528481279,
    "sohr_init_1": 1.1518272914408354,
    "sohr_init_2": 1.1518272914408354,
    "sohr_init_3": 1.1518272914408354,
    "sohr_init_4": 1.1518272914408354,
    "sohr_init_5": 1.1518272914408354,
    "sohr_init_6": 1.1518272914408354,
    "sohr_init_7": 1.1518272914408354,
    "sohr_init_8": 1.1518272914408354,
    "sohr_init_9": 1.1518272914408354,
    "sohr_init_10": 1.1518272914408354,
    "sohr_init_11": 1.1518272914408354,
    "sohr_init_12": 1.1518272914408354,
    "sohr_init_13": 1.1518272914408354,
    "sohr_init_14": 1.1518272914408354,
    "soc_init_1": 15.162853424523284,
    "soc_init_2": 15.162853424523284,
    "soc_init_3": 15.162853424523284,
    "soc_init_4": 15.162853424523284,
    "soc_init_5": 15.162853424523284,
    "soc_init_6": 15.162853424523284,
    "soc_init_7": 15.162853424523284,
    "soc_init_8": 15.162853424523284,
    "soc_init_9": 15.162853424523284,
    "soc_init_10": 15.162853424523284,
    "soc_init_11": 15.162853424523284,
    "soc_init_12": 15.162853424523284,
    "soc_init_13": 15.162853424523284,
    "soc_init_14": 15.162853424523284,
    "cost": 0.7083013492193733,
    "device": "bPB00055",
    "cycle_start_time": "2022-08-17T21:46:57+00:00"
}