{
    "soc_min": 2,
    "soc_max": 98,
    "r1": 0.002066202010184752,
    "c1": 102636.17563332939,
    "ir_a": 0.0024070476262730177,
    "ir_b": 0.1823392244080743,
    "ir_c": 0.0001618344766553525,
    "ir_d": 0.08350204074444034,
    "ir_e": 0.9948791034055512,
    "no_cells": 14,
    "cell_temp_init": 37.00010942781638,
    "amb_temp_celsius": 29.001037281365345,
    "bat_cell_cap": 66.0,
    "sohc_init_1": 63.91057263988841,
    "sohc_init_2": 63.91057263988841,
    "sohc_init_3": 63.91057263988841,
    "sohc_init_4": 63.91057263988841,
    "sohc_init_5": 63.91057263988841,
    "sohc_init_6": 63.91057263988841,
    "sohc_init_7": 63.91057263988841,
    "sohc_init_8": 63.91057263988841,
    "sohc_init_9": 63.91057263988841,
    "sohc_init_10": 63.91057263988841,
    "sohc_init_11": 63.91057263988841,
    "sohc_init_12": 63.91057263988841,
    "sohc_init_13": 63.91057263988841,
    "sohc_init_14": 63.91057263988841,
    "sohr_init_1": 2.170722888760768,
    "sohr_init_2": 2.170722888760768,
    "sohr_init_3": 2.170722888760768,
    "sohr_init_4": 2.170722888760768,
    "sohr_init_5": 2.170722888760768,
    "sohr_init_6": 2.170722888760768,
    "sohr_init_7": 2.170722888760768,
    "sohr_init_8": 2.170722888760768,
    "sohr_init_9": 2.170722888760768,
    "sohr_init_10": 2.170722888760768,
    "sohr_init_11": 2.170722888760768,
    "sohr_init_12": 2.170722888760768,
    "sohr_init_13": 2.170722888760768,
    "sohr_init_14": 2.170722888760768,
    "soc_init_1": 10.856770259194743,
    "soc_init_2": 10.856770259194743,
    "soc_init_3": 10.856770259194743,
    "soc_init_4": 10.856770259194743,
    "soc_init_5": 10.856770259194743,
    "soc_init_6": 10.856770259194743,
    "soc_init_7": 10.856770259194743,
    "soc_init_8": 10.856770259194743,
    "soc_init_9": 10.856770259194743,
    "soc_init_10": 10.856770259194743,
    "soc_init_11": 10.856770259194743,
    "soc_init_12": 10.856770259194743,
    "soc_init_13": 10.856770259194743,
    "soc_init_14": 10.856770259194743,
    "cost": 0.23413304310618793,
    "device": "bPB00055",
    "cycle_start_time": "2021-09-29T15:02:10+00:00"
}