{
    "soc_min": 2,
    "soc_max": 98,
    "r1": 0.00035102759198926193,
    "c1": 878597.7484993369,
    "ir_a": 0.00011088317030265712,
    "ir_b": 0.11346734916113621,
    "ir_c": 0.001604590290559689,
    "ir_d": 0.06204667117550326,
    "ir_e": 0.5944812069920462,
    "no_cells": 14,
    "cell_temp_init": 36.00022638660917,
    "amb_temp_celsius": 28.00047063867285,
    "bat_cell_cap": 66.0,
    "sohc_init_1": 49.243478892221084,
    "sohc_init_2": 49.243478892221084,
    "sohc_init_3": 49.243478892221084,
    "sohc_init_4": 49.243478892221084,
    "sohc_init_5": 49.243478892221084,
    "sohc_init_6": 49.243478892221084,
    "sohc_init_7": 49.243478892221084,
    "sohc_init_8": 49.243478892221084,
    "sohc_init_9": 49.243478892221084,
    "sohc_init_10": 49.243478892221084,
    "sohc_init_11": 49.243478892221084,
    "sohc_init_12": 49.243478892221084,
    "sohc_init_13": 49.243478892221084,
    "sohc_init_14": 49.243478892221084,
    "sohr_init_1": 2.3387362245428647,
    "sohr_init_2": 2.3387362245428647,
    "sohr_init_3": 2.3387362245428647,
    "sohr_init_4": 2.3387362245428647,
    "sohr_init_5": 2.3387362245428647,
    "sohr_init_6": 2.3387362245428647,
    "sohr_init_7": 2.3387362245428647,
    "sohr_init_8": 2.3387362245428647,
    "sohr_init_9": 2.3387362245428647,
    "sohr_init_10": 2.3387362245428647,
    "sohr_init_11": 2.3387362245428647,
    "sohr_init_12": 2.3387362245428647,
    "sohr_init_13": 2.3387362245428647,
    "sohr_init_14": 2.3387362245428647,
    "soc_init_1": 22.59315700609882,
    "soc_init_2": 22.59315700609882,
    "soc_init_3": 22.59315700609882,
    "soc_init_4": 22.59315700609882,
    "soc_init_5": 22.59315700609882,
    "soc_init_6": 22.59315700609882,
    "soc_init_7": 22.59315700609882,
    "soc_init_8": 22.59315700609882,
    "soc_init_9": 22.59315700609882,
    "soc_init_10": 22.59315700609882,
    "soc_init_11": 22.59315700609882,
    "soc_init_12": 22.59315700609882,
    "soc_init_13": 22.59315700609882,
    "soc_init_14": 22.59315700609882,
    "cost": 0.5256748363837975,
    "device": "bPB00055",
    "cycle_start_time": "2022-10-31T19:22:00+00:00"
}