{
    "soc_min": 2,
    "soc_max": 98,
    "r1": 0.01913756169088532,
    "c1": 1846876.2644071537,
    "ir_a": 0.0015052999474912483,
    "ir_b": 0.11590859348118775,
    "ir_c": 0.0007398843506676847,
    "ir_d": 0.07698583978114538,
    "ir_e": 0.38816691994299773,
    "no_cells": 14,
    "cell_temp_init": 41.07503867588662,
    "amb_temp_celsius": 37.76267695134631,
    "bat_cell_cap": 66.0,
    "sohc_init_1": 49.350661363516714,
    "sohc_init_2": 49.350661363516714,
    "sohc_init_3": 49.350661363516714,
    "sohc_init_4": 49.350661363516714,
    "sohc_init_5": 49.350661363516714,
    "sohc_init_6": 49.350661363516714,
    "sohc_init_7": 49.350661363516714,
    "sohc_init_8": 49.350661363516714,
    "sohc_init_9": 49.350661363516714,
    "sohc_init_10": 49.350661363516714,
    "sohc_init_11": 49.350661363516714,
    "sohc_init_12": 49.350661363516714,
    "sohc_init_13": 49.350661363516714,
    "sohc_init_14": 49.350661363516714,
    "sohr_init_1": 1.8566677867297408,
    "sohr_init_2": 1.8566677867297408,
    "sohr_init_3": 1.8566677867297408,
    "sohr_init_4": 1.8566677867297408,
    "sohr_init_5": 1.8566677867297408,
    "sohr_init_6": 1.8566677867297408,
    "sohr_init_7": 1.8566677867297408,
    "sohr_init_8": 1.8566677867297408,
    "sohr_init_9": 1.8566677867297408,
    "sohr_init_10": 1.8566677867297408,
    "sohr_init_11": 1.8566677867297408,
    "sohr_init_12": 1.8566677867297408,
    "sohr_init_13": 1.8566677867297408,
    "sohr_init_14": 1.8566677867297408,
    "soc_init_1": 27.265850900699295,
    "soc_init_2": 27.265850900699295,
    "soc_init_3": 27.265850900699295,
    "soc_init_4": 27.265850900699295,
    "soc_init_5": 27.265850900699295,
    "soc_init_6": 27.265850900699295,
    "soc_init_7": 27.265850900699295,
    "soc_init_8": 27.265850900699295,
    "soc_init_9": 27.265850900699295,
    "soc_init_10": 27.265850900699295,
    "soc_init_11": 27.265850900699295,
    "soc_init_12": 27.265850900699295,
    "soc_init_13": 27.265850900699295,
    "soc_init_14": 27.265850900699295,
    "cost": 0.6524456020829408,
    "device": "bPB00055",
    "cycle_start_time": "2022-08-26T03:30:33+00:00"
}