{
    "soc_min": 2,
    "soc_max": 98,
    "r1": 0.00845602467122855,
    "c1": 1983253.6843501064,
    "ir_a": 0.008284351767297434,
    "ir_b": 0.09137729369453447,
    "ir_c": 0.00022095410590754878,
    "ir_d": 0.0999297343684412,
    "ir_e": 0.997421435331967,
    "no_cells": 14,
    "cell_temp_init": 39.55759155778265,
    "amb_temp_celsius": 29.004012204381127,
    "bat_cell_cap": 66.0,
    "sohc_init_1": 79.34494267596953,
    "sohc_init_2": 79.34494267596953,
    "sohc_init_3": 79.34494267596953,
    "sohc_init_4": 79.34494267596953,
    "sohc_init_5": 79.34494267596953,
    "sohc_init_6": 79.34494267596953,
    "sohc_init_7": 79.34494267596953,
    "sohc_init_8": 79.34494267596953,
    "sohc_init_9": 79.34494267596953,
    "sohc_init_10": 79.34494267596953,
    "sohc_init_11": 79.34494267596953,
    "sohc_init_12": 79.34494267596953,
    "sohc_init_13": 79.34494267596953,
    "sohc_init_14": 79.34494267596953,
    "sohr_init_1": 2.998059440106596,
    "sohr_init_2": 2.998059440106596,
    "sohr_init_3": 2.998059440106596,
    "sohr_init_4": 2.998059440106596,
    "sohr_init_5": 2.998059440106596,
    "sohr_init_6": 2.998059440106596,
    "sohr_init_7": 2.998059440106596,
    "sohr_init_8": 2.998059440106596,
    "sohr_init_9": 2.998059440106596,
    "sohr_init_10": 2.998059440106596,
    "sohr_init_11": 2.998059440106596,
    "sohr_init_12": 2.998059440106596,
    "sohr_init_13": 2.998059440106596,
    "sohr_init_14": 2.998059440106596,
    "soc_init_1": 35.93188166863309,
    "soc_init_2": 35.93188166863309,
    "soc_init_3": 35.93188166863309,
    "soc_init_4": 35.93188166863309,
    "soc_init_5": 35.93188166863309,
    "soc_init_6": 35.93188166863309,
    "soc_init_7": 35.93188166863309,
    "soc_init_8": 35.93188166863309,
    "soc_init_9": 35.93188166863309,
    "soc_init_10": 35.93188166863309,
    "soc_init_11": 35.93188166863309,
    "soc_init_12": 35.93188166863309,
    "soc_init_13": 35.93188166863309,
    "soc_init_14": 35.93188166863309,
    "cost": 0.5237924798650405,
    "device": "bPB00055",
    "cycle_start_time": "2021-09-24T05:04:18+00:00"
}