{
    "soc_min": 2,
    "soc_max": 98,
    "r1": 0.0011811842063236507,
    "c1": 805181.3268726266,
    "ir_a": 0.001416286564582915,
    "ir_b": 0.04608061609641194,
    "ir_c": 0.0003780057213306262,
    "ir_d": 0.07639420069545963,
    "ir_e": 0.028077900838315406,
    "no_cells": 14,
    "cell_temp_init": 41.00141113280965,
    "amb_temp_celsius": 33.001139993212796,
    "bat_cell_cap": 66.0,
    "sohc_init_1": 57.56452701056926,
    "sohc_init_2": 57.56452701056926,
    "sohc_init_3": 57.56452701056926,
    "sohc_init_4": 57.56452701056926,
    "sohc_init_5": 57.56452701056926,
    "sohc_init_6": 57.56452701056926,
    "sohc_init_7": 57.56452701056926,
    "sohc_init_8": 57.56452701056926,
    "sohc_init_9": 57.56452701056926,
    "sohc_init_10": 57.56452701056926,
    "sohc_init_11": 57.56452701056926,
    "sohc_init_12": 57.56452701056926,
    "sohc_init_13": 57.56452701056926,
    "sohc_init_14": 57.56452701056926,
    "sohr_init_1": 1.782346756961211,
    "sohr_init_2": 1.782346756961211,
    "sohr_init_3": 1.782346756961211,
    "sohr_init_4": 1.782346756961211,
    "sohr_init_5": 1.782346756961211,
    "sohr_init_6": 1.782346756961211,
    "sohr_init_7": 1.782346756961211,
    "sohr_init_8": 1.782346756961211,
    "sohr_init_9": 1.782346756961211,
    "sohr_init_10": 1.782346756961211,
    "sohr_init_11": 1.782346756961211,
    "sohr_init_12": 1.782346756961211,
    "sohr_init_13": 1.782346756961211,
    "sohr_init_14": 1.782346756961211,
    "soc_init_1": 16.490258766972573,
    "soc_init_2": 16.490258766972573,
    "soc_init_3": 16.490258766972573,
    "soc_init_4": 16.490258766972573,
    "soc_init_5": 16.490258766972573,
    "soc_init_6": 16.490258766972573,
    "soc_init_7": 16.490258766972573,
    "soc_init_8": 16.490258766972573,
    "soc_init_9": 16.490258766972573,
    "soc_init_10": 16.490258766972573,
    "soc_init_11": 16.490258766972573,
    "soc_init_12": 16.490258766972573,
    "soc_init_13": 16.490258766972573,
    "soc_init_14": 16.490258766972573,
    "cost": 0.5921509952312913,
    "device": "bPB00055",
    "cycle_start_time": "2022-08-04T06:17:16+00:00"
}