{
    "soc_min": 2,
    "soc_max": 98,
    "r1": 0.0005872274758538569,
    "c1": 711629.1982564308,
    "ir_a": 0.009648683010089136,
    "ir_b": 0.18811527563506894,
    "ir_c": 0.0013716587619759845,
    "ir_d": 0.09908361324691163,
    "ir_e": 0.8501129405570312,
    "no_cells": 14,
    "cell_temp_init": 38.56239163478714,
    "amb_temp_celsius": 29.00013145150079,
    "bat_cell_cap": 66.0,
    "sohc_init_1": 61.43306994338958,
    "sohc_init_2": 61.43306994338958,
    "sohc_init_3": 61.43306994338958,
    "sohc_init_4": 61.43306994338958,
    "sohc_init_5": 61.43306994338958,
    "sohc_init_6": 61.43306994338958,
    "sohc_init_7": 61.43306994338958,
    "sohc_init_8": 61.43306994338958,
    "sohc_init_9": 61.43306994338958,
    "sohc_init_10": 61.43306994338958,
    "sohc_init_11": 61.43306994338958,
    "sohc_init_12": 61.43306994338958,
    "sohc_init_13": 61.43306994338958,
    "sohc_init_14": 61.43306994338958,
    "sohr_init_1": 1.1313042369529882,
    "sohr_init_2": 1.1313042369529882,
    "sohr_init_3": 1.1313042369529882,
    "sohr_init_4": 1.1313042369529882,
    "sohr_init_5": 1.1313042369529882,
    "sohr_init_6": 1.1313042369529882,
    "sohr_init_7": 1.1313042369529882,
    "sohr_init_8": 1.1313042369529882,
    "sohr_init_9": 1.1313042369529882,
    "sohr_init_10": 1.1313042369529882,
    "sohr_init_11": 1.1313042369529882,
    "sohr_init_12": 1.1313042369529882,
    "sohr_init_13": 1.1313042369529882,
    "sohr_init_14": 1.1313042369529882,
    "soc_init_1": 11.817257090368447,
    "soc_init_2": 11.817257090368447,
    "soc_init_3": 11.817257090368447,
    "soc_init_4": 11.817257090368447,
    "soc_init_5": 11.817257090368447,
    "soc_init_6": 11.817257090368447,
    "soc_init_7": 11.817257090368447,
    "soc_init_8": 11.817257090368447,
    "soc_init_9": 11.817257090368447,
    "soc_init_10": 11.817257090368447,
    "soc_init_11": 11.817257090368447,
    "soc_init_12": 11.817257090368447,
    "soc_init_13": 11.817257090368447,
    "soc_init_14": 11.817257090368447,
    "cost": 0.13827035747815894,
    "device": "bPB00055",
    "cycle_start_time": "2021-09-13T19:30:42+00:00"
}