{
    "soc_min": 2,
    "soc_max": 98,
    "r1": 0.019729724913536178,
    "c1": 1886955.8906938352,
    "ir_a": 0.0008137496800037065,
    "ir_b": 0.11990981507729985,
    "ir_c": 1.00192810273873e-05,
    "ir_d": 0.09999825038880696,
    "ir_e": 0.9960155126642593,
    "no_cells": 14,
    "cell_temp_init": 42.53049449153449,
    "amb_temp_celsius": 34.312073725087735,
    "bat_cell_cap": 66.0,
    "sohc_init_1": 54.28671509452659,
    "sohc_init_2": 54.28671509452659,
    "sohc_init_3": 54.28671509452659,
    "sohc_init_4": 54.28671509452659,
    "sohc_init_5": 54.28671509452659,
    "sohc_init_6": 54.28671509452659,
    "sohc_init_7": 54.28671509452659,
    "sohc_init_8": 54.28671509452659,
    "sohc_init_9": 54.28671509452659,
    "sohc_init_10": 54.28671509452659,
    "sohc_init_11": 54.28671509452659,
    "sohc_init_12": 54.28671509452659,
    "sohc_init_13": 54.28671509452659,
    "sohc_init_14": 54.28671509452659,
    "sohr_init_1": 2.9191974855481675,
    "sohr_init_2": 2.9191974855481675,
    "sohr_init_3": 2.9191974855481675,
    "sohr_init_4": 2.9191974855481675,
    "sohr_init_5": 2.9191974855481675,
    "sohr_init_6": 2.9191974855481675,
    "sohr_init_7": 2.9191974855481675,
    "sohr_init_8": 2.9191974855481675,
    "sohr_init_9": 2.9191974855481675,
    "sohr_init_10": 2.9191974855481675,
    "sohr_init_11": 2.9191974855481675,
    "sohr_init_12": 2.9191974855481675,
    "sohr_init_13": 2.9191974855481675,
    "sohr_init_14": 2.9191974855481675,
    "soc_init_1": 31.55513555483434,
    "soc_init_2": 31.55513555483434,
    "soc_init_3": 31.55513555483434,
    "soc_init_4": 31.55513555483434,
    "soc_init_5": 31.55513555483434,
    "soc_init_6": 31.55513555483434,
    "soc_init_7": 31.55513555483434,
    "soc_init_8": 31.55513555483434,
    "soc_init_9": 31.55513555483434,
    "soc_init_10": 31.55513555483434,
    "soc_init_11": 31.55513555483434,
    "soc_init_12": 31.55513555483434,
    "soc_init_13": 31.55513555483434,
    "soc_init_14": 31.55513555483434,
    "cost": 0.9384226578100862,
    "device": "bPB00055",
    "cycle_start_time": "2022-08-11T18:40:00+00:00"
}