{
    "soc_min": 2,
    "soc_max": 98,
    "r1": 0.012342421916580814,
    "c1": 1997478.2855954897,
    "ir_a": 0.001321069820854737,
    "ir_b": 0.051750054561726724,
    "ir_c": 0.0032556640322684814,
    "ir_d": 0.09704208751809662,
    "ir_e": 0.712032302264881,
    "no_cells": 14,
    "cell_temp_init": 34.0005334167252,
    "amb_temp_celsius": 26.00289372422063,
    "bat_cell_cap": 66.0,
    "sohc_init_1": 57.14833851135511,
    "sohc_init_2": 57.14833851135511,
    "sohc_init_3": 57.14833851135511,
    "sohc_init_4": 57.14833851135511,
    "sohc_init_5": 57.14833851135511,
    "sohc_init_6": 57.14833851135511,
    "sohc_init_7": 57.14833851135511,
    "sohc_init_8": 57.14833851135511,
    "sohc_init_9": 57.14833851135511,
    "sohc_init_10": 57.14833851135511,
    "sohc_init_11": 57.14833851135511,
    "sohc_init_12": 57.14833851135511,
    "sohc_init_13": 57.14833851135511,
    "sohc_init_14": 57.14833851135511,
    "sohr_init_1": 1.3602654929317362,
    "sohr_init_2": 1.3602654929317362,
    "sohr_init_3": 1.3602654929317362,
    "sohr_init_4": 1.3602654929317362,
    "sohr_init_5": 1.3602654929317362,
    "sohr_init_6": 1.3602654929317362,
    "sohr_init_7": 1.3602654929317362,
    "sohr_init_8": 1.3602654929317362,
    "sohr_init_9": 1.3602654929317362,
    "sohr_init_10": 1.3602654929317362,
    "sohr_init_11": 1.3602654929317362,
    "sohr_init_12": 1.3602654929317362,
    "sohr_init_13": 1.3602654929317362,
    "sohr_init_14": 1.3602654929317362,
    "soc_init_1": 26.023472842857426,
    "soc_init_2": 26.023472842857426,
    "soc_init_3": 26.023472842857426,
    "soc_init_4": 26.023472842857426,
    "soc_init_5": 26.023472842857426,
    "soc_init_6": 26.023472842857426,
    "soc_init_7": 26.023472842857426,
    "soc_init_8": 26.023472842857426,
    "soc_init_9": 26.023472842857426,
    "soc_init_10": 26.023472842857426,
    "soc_init_11": 26.023472842857426,
    "soc_init_12": 26.023472842857426,
    "soc_init_13": 26.023472842857426,
    "soc_init_14": 26.023472842857426,
    "cost": 0.5433471711999774,
    "device": "bPB00055",
    "cycle_start_time": "2022-11-06T23:43:26+00:00"
}