{
    "soc_min": 2,
    "soc_max": 98,
    "r1": 0.0004934778242182564,
    "c1": 1115221.078263755,
    "ir_a": 0.004733184836438373,
    "ir_b": 0.16756119678331471,
    "ir_c": 0.0017964223589973592,
    "ir_d": 0.04668167889310229,
    "ir_e": 0.9758009701806474,
    "no_cells": 14,
    "cell_temp_init": 36.00114023948517,
    "amb_temp_celsius": 28.00256280357856,
    "bat_cell_cap": 66.0,
    "sohc_init_1": 48.641972579565746,
    "sohc_init_2": 48.641972579565746,
    "sohc_init_3": 48.641972579565746,
    "sohc_init_4": 48.641972579565746,
    "sohc_init_5": 48.641972579565746,
    "sohc_init_6": 48.641972579565746,
    "sohc_init_7": 48.641972579565746,
    "sohc_init_8": 48.641972579565746,
    "sohc_init_9": 48.641972579565746,
    "sohc_init_10": 48.641972579565746,
    "sohc_init_11": 48.641972579565746,
    "sohc_init_12": 48.641972579565746,
    "sohc_init_13": 48.641972579565746,
    "sohc_init_14": 48.641972579565746,
    "sohr_init_1": 2.0377532794046678,
    "sohr_init_2": 2.0377532794046678,
    "sohr_init_3": 2.0377532794046678,
    "sohr_init_4": 2.0377532794046678,
    "sohr_init_5": 2.0377532794046678,
    "sohr_init_6": 2.0377532794046678,
    "sohr_init_7": 2.0377532794046678,
    "sohr_init_8": 2.0377532794046678,
    "sohr_init_9": 2.0377532794046678,
    "sohr_init_10": 2.0377532794046678,
    "sohr_init_11": 2.0377532794046678,
    "sohr_init_12": 2.0377532794046678,
    "sohr_init_13": 2.0377532794046678,
    "sohr_init_14": 2.0377532794046678,
    "soc_init_1": 26.013988251018745,
    "soc_init_2": 26.013988251018745,
    "soc_init_3": 26.013988251018745,
    "soc_init_4": 26.013988251018745,
    "soc_init_5": 26.013988251018745,
    "soc_init_6": 26.013988251018745,
    "soc_init_7": 26.013988251018745,
    "soc_init_8": 26.013988251018745,
    "soc_init_9": 26.013988251018745,
    "soc_init_10": 26.013988251018745,
    "soc_init_11": 26.013988251018745,
    "soc_init_12": 26.013988251018745,
    "soc_init_13": 26.013988251018745,
    "soc_init_14": 26.013988251018745,
    "cost": 0.5385383942710354,
    "device": "bPB00055",
    "cycle_start_time": "2022-11-15T07:43:54+00:00"
}