{
    "soc_min": 2,
    "soc_max": 98,
    "r1": 0.00030710963004602286,
    "c1": 368265.66893821873,
    "ir_a": 0.003285259767238527,
    "ir_b": 0.07803907876391841,
    "ir_c": 0.0008147671398679933,
    "ir_d": 0.024588756977567124,
    "ir_e": 0.5529608090391903,
    "no_cells": 14,
    "cell_temp_init": 40.00536271739532,
    "amb_temp_celsius": 32.0208017139607,
    "bat_cell_cap": 66.0,
    "sohc_init_1": 49.858596569955935,
    "sohc_init_2": 49.858596569955935,
    "sohc_init_3": 49.858596569955935,
    "sohc_init_4": 49.858596569955935,
    "sohc_init_5": 49.858596569955935,
    "sohc_init_6": 49.858596569955935,
    "sohc_init_7": 49.858596569955935,
    "sohc_init_8": 49.858596569955935,
    "sohc_init_9": 49.858596569955935,
    "sohc_init_10": 49.858596569955935,
    "sohc_init_11": 49.858596569955935,
    "sohc_init_12": 49.858596569955935,
    "sohc_init_13": 49.858596569955935,
    "sohc_init_14": 49.858596569955935,
    "sohr_init_1": 1.7989754253006702,
    "sohr_init_2": 1.7989754253006702,
    "sohr_init_3": 1.7989754253006702,
    "sohr_init_4": 1.7989754253006702,
    "sohr_init_5": 1.7989754253006702,
    "sohr_init_6": 1.7989754253006702,
    "sohr_init_7": 1.7989754253006702,
    "sohr_init_8": 1.7989754253006702,
    "sohr_init_9": 1.7989754253006702,
    "sohr_init_10": 1.7989754253006702,
    "sohr_init_11": 1.7989754253006702,
    "sohr_init_12": 1.7989754253006702,
    "sohr_init_13": 1.7989754253006702,
    "sohr_init_14": 1.7989754253006702,
    "soc_init_1": 13.138419427363067,
    "soc_init_2": 13.138419427363067,
    "soc_init_3": 13.138419427363067,
    "soc_init_4": 13.138419427363067,
    "soc_init_5": 13.138419427363067,
    "soc_init_6": 13.138419427363067,
    "soc_init_7": 13.138419427363067,
    "soc_init_8": 13.138419427363067,
    "soc_init_9": 13.138419427363067,
    "soc_init_10": 13.138419427363067,
    "soc_init_11": 13.138419427363067,
    "soc_init_12": 13.138419427363067,
    "soc_init_13": 13.138419427363067,
    "soc_init_14": 13.138419427363067,
    "cost": 0.5597078441466893,
    "device": "bPB00055",
    "cycle_start_time": "2022-08-16T15:13:51+00:00"
}