{
    "soc_min": 2,
    "soc_max": 98,
    "r1": 0.0017719327130952813,
    "c1": 294372.7687044156,
    "ir_a": 0.0011994399218186087,
    "ir_b": 0.10328485882137318,
    "ir_c": 0.0005132657099353338,
    "ir_d": 0.031711932056748306,
    "ir_e": 0.9100689533483879,
    "no_cells": 14,
    "cell_temp_init": 41.00125676122699,
    "amb_temp_celsius": 33.13700904912959,
    "bat_cell_cap": 66.0,
    "sohc_init_1": 50.72911590867326,
    "sohc_init_2": 50.72911590867326,
    "sohc_init_3": 50.72911590867326,
    "sohc_init_4": 50.72911590867326,
    "sohc_init_5": 50.72911590867326,
    "sohc_init_6": 50.72911590867326,
    "sohc_init_7": 50.72911590867326,
    "sohc_init_8": 50.72911590867326,
    "sohc_init_9": 50.72911590867326,
    "sohc_init_10": 50.72911590867326,
    "sohc_init_11": 50.72911590867326,
    "sohc_init_12": 50.72911590867326,
    "sohc_init_13": 50.72911590867326,
    "sohc_init_14": 50.72911590867326,
    "sohr_init_1": 2.8903726210391483,
    "sohr_init_2": 2.8903726210391483,
    "sohr_init_3": 2.8903726210391483,
    "sohr_init_4": 2.8903726210391483,
    "sohr_init_5": 2.8903726210391483,
    "sohr_init_6": 2.8903726210391483,
    "sohr_init_7": 2.8903726210391483,
    "sohr_init_8": 2.8903726210391483,
    "sohr_init_9": 2.8903726210391483,
    "sohr_init_10": 2.8903726210391483,
    "sohr_init_11": 2.8903726210391483,
    "sohr_init_12": 2.8903726210391483,
    "sohr_init_13": 2.8903726210391483,
    "sohr_init_14": 2.8903726210391483,
    "soc_init_1": 23.834932565350556,
    "soc_init_2": 23.834932565350556,
    "soc_init_3": 23.834932565350556,
    "soc_init_4": 23.834932565350556,
    "soc_init_5": 23.834932565350556,
    "soc_init_6": 23.834932565350556,
    "soc_init_7": 23.834932565350556,
    "soc_init_8": 23.834932565350556,
    "soc_init_9": 23.834932565350556,
    "soc_init_10": 23.834932565350556,
    "soc_init_11": 23.834932565350556,
    "soc_init_12": 23.834932565350556,
    "soc_init_13": 23.834932565350556,
    "soc_init_14": 23.834932565350556,
    "cost": 0.5342162735357444,
    "device": "bPB00055",
    "cycle_start_time": "2022-08-19T01:19:38+00:00"
}