{
    "soc_min": 2,
    "soc_max": 98,
    "r1": 0.0193204399484996,
    "c1": 218129.84935988358,
    "ir_a": 0.005474379715019589,
    "ir_b": 0.05297776754500466,
    "ir_c": 0.0025139227482207185,
    "ir_d": 0.011184651270072699,
    "ir_e": 0.15346761807588594,
    "no_cells": 14,
    "cell_temp_init": 42.251848575894876,
    "amb_temp_celsius": 32.01498041957264,
    "bat_cell_cap": 66.0,
    "sohc_init_1": 77.38972150429953,
    "sohc_init_2": 77.38972150429953,
    "sohc_init_3": 77.38972150429953,
    "sohc_init_4": 77.38972150429953,
    "sohc_init_5": 77.38972150429953,
    "sohc_init_6": 77.38972150429953,
    "sohc_init_7": 77.38972150429953,
    "sohc_init_8": 77.38972150429953,
    "sohc_init_9": 77.38972150429953,
    "sohc_init_10": 77.38972150429953,
    "sohc_init_11": 77.38972150429953,
    "sohc_init_12": 77.38972150429953,
    "sohc_init_13": 77.38972150429953,
    "sohc_init_14": 77.38972150429953,
    "sohr_init_1": 1.0712836194241262,
    "sohr_init_2": 1.0712836194241262,
    "sohr_init_3": 1.0712836194241262,
    "sohr_init_4": 1.0712836194241262,
    "sohr_init_5": 1.0712836194241262,
    "sohr_init_6": 1.0712836194241262,
    "sohr_init_7": 1.0712836194241262,
    "sohr_init_8": 1.0712836194241262,
    "sohr_init_9": 1.0712836194241262,
    "sohr_init_10": 1.0712836194241262,
    "sohr_init_11": 1.0712836194241262,
    "sohr_init_12": 1.0712836194241262,
    "sohr_init_13": 1.0712836194241262,
    "sohr_init_14": 1.0712836194241262,
    "soc_init_1": 47.21110543063943,
    "soc_init_2": 47.21110543063943,
    "soc_init_3": 47.21110543063943,
    "soc_init_4": 47.21110543063943,
    "soc_init_5": 47.21110543063943,
    "soc_init_6": 47.21110543063943,
    "soc_init_7": 47.21110543063943,
    "soc_init_8": 47.21110543063943,
    "soc_init_9": 47.21110543063943,
    "soc_init_10": 47.21110543063943,
    "soc_init_11": 47.21110543063943,
    "soc_init_12": 47.21110543063943,
    "soc_init_13": 47.21110543063943,
    "soc_init_14": 47.21110543063943,
    "cost": 1.7665126091117807,
    "device": "bPB00055",
    "cycle_start_time": "2021-11-04T03:45:27+00:00"
}