{
    "soc_min": 2,
    "soc_max": 98,
    "r1": 0.0009276166828868173,
    "c1": 220419.12123439804,
    "ir_a": 0.0005267098237435332,
    "ir_b": 0.17881185277088824,
    "ir_c": 0.0014573034374630739,
    "ir_d": 0.05199327532582526,
    "ir_e": 0.24859719366324456,
    "no_cells": 14,
    "cell_temp_init": 36.00025835979744,
    "amb_temp_celsius": 28.002091760381255,
    "bat_cell_cap": 66.0,
    "sohc_init_1": 48.93952745420784,
    "sohc_init_2": 48.93952745420784,
    "sohc_init_3": 48.93952745420784,
    "sohc_init_4": 48.93952745420784,
    "sohc_init_5": 48.93952745420784,
    "sohc_init_6": 48.93952745420784,
    "sohc_init_7": 48.93952745420784,
    "sohc_init_8": 48.93952745420784,
    "sohc_init_9": 48.93952745420784,
    "sohc_init_10": 48.93952745420784,
    "sohc_init_11": 48.93952745420784,
    "sohc_init_12": 48.93952745420784,
    "sohc_init_13": 48.93952745420784,
    "sohc_init_14": 48.93952745420784,
    "sohr_init_1": 2.187354778827516,
    "sohr_init_2": 2.187354778827516,
    "sohr_init_3": 2.187354778827516,
    "sohr_init_4": 2.187354778827516,
    "sohr_init_5": 2.187354778827516,
    "sohr_init_6": 2.187354778827516,
    "sohr_init_7": 2.187354778827516,
    "sohr_init_8": 2.187354778827516,
    "sohr_init_9": 2.187354778827516,
    "sohr_init_10": 2.187354778827516,
    "sohr_init_11": 2.187354778827516,
    "sohr_init_12": 2.187354778827516,
    "sohr_init_13": 2.187354778827516,
    "sohr_init_14": 2.187354778827516,
    "soc_init_1": 24.848675240315234,
    "soc_init_2": 24.848675240315234,
    "soc_init_3": 24.848675240315234,
    "soc_init_4": 24.848675240315234,
    "soc_init_5": 24.848675240315234,
    "soc_init_6": 24.848675240315234,
    "soc_init_7": 24.848675240315234,
    "soc_init_8": 24.848675240315234,
    "soc_init_9": 24.848675240315234,
    "soc_init_10": 24.848675240315234,
    "soc_init_11": 24.848675240315234,
    "soc_init_12": 24.848675240315234,
    "soc_init_13": 24.848675240315234,
    "soc_init_14": 24.848675240315234,
    "cost": 0.5528562353216551,
    "device": "bPB00055",
    "cycle_start_time": "2022-11-12T03:21:40+00:00"
}