{
    "soc_min": 2,
    "soc_max": 98,
    "r1": 0.003991873762938379,
    "c1": 484007.4163674262,
    "ir_a": 0.006460921271574239,
    "ir_b": 0.045814222456515716,
    "ir_c": 2.3769100135870105e-05,
    "ir_d": 0.02992233347564066,
    "ir_e": 0.20550609082565227,
    "no_cells": 14,
    "cell_temp_init": 41.000194575798666,
    "amb_temp_celsius": 33.5404903155359,
    "bat_cell_cap": 66.0,
    "sohc_init_1": 57.84947499303528,
    "sohc_init_2": 57.84947499303528,
    "sohc_init_3": 57.84947499303528,
    "sohc_init_4": 57.84947499303528,
    "sohc_init_5": 57.84947499303528,
    "sohc_init_6": 57.84947499303528,
    "sohc_init_7": 57.84947499303528,
    "sohc_init_8": 57.84947499303528,
    "sohc_init_9": 57.84947499303528,
    "sohc_init_10": 57.84947499303528,
    "sohc_init_11": 57.84947499303528,
    "sohc_init_12": 57.84947499303528,
    "sohc_init_13": 57.84947499303528,
    "sohc_init_14": 57.84947499303528,
    "sohr_init_1": 1.004150988879057,
    "sohr_init_2": 1.004150988879057,
    "sohr_init_3": 1.004150988879057,
    "sohr_init_4": 1.004150988879057,
    "sohr_init_5": 1.004150988879057,
    "sohr_init_6": 1.004150988879057,
    "sohr_init_7": 1.004150988879057,
    "sohr_init_8": 1.004150988879057,
    "sohr_init_9": 1.004150988879057,
    "sohr_init_10": 1.004150988879057,
    "sohr_init_11": 1.004150988879057,
    "sohr_init_12": 1.004150988879057,
    "sohr_init_13": 1.004150988879057,
    "sohr_init_14": 1.004150988879057,
    "soc_init_1": 21.75619554265128,
    "soc_init_2": 21.75619554265128,
    "soc_init_3": 21.75619554265128,
    "soc_init_4": 21.75619554265128,
    "soc_init_5": 21.75619554265128,
    "soc_init_6": 21.75619554265128,
    "soc_init_7": 21.75619554265128,
    "soc_init_8": 21.75619554265128,
    "soc_init_9": 21.75619554265128,
    "soc_init_10": 21.75619554265128,
    "soc_init_11": 21.75619554265128,
    "soc_init_12": 21.75619554265128,
    "soc_init_13": 21.75619554265128,
    "soc_init_14": 21.75619554265128,
    "cost": 0.623010744371772,
    "device": "bPB00055",
    "cycle_start_time": "2022-08-16T18:48:07+00:00"
}