{
    "soc_min": 2,
    "soc_max": 98,
    "r1": 0.013652707180127281,
    "c1": 360319.81334387517,
    "ir_a": 0.009136462706472673,
    "ir_b": 0.07209560564812326,
    "ir_c": 0.003256423602363462,
    "ir_d": 0.09998351471427668,
    "ir_e": 0.9998017658002831,
    "no_cells": 14,
    "cell_temp_init": 42.000017159111515,
    "amb_temp_celsius": 34.01279035169273,
    "bat_cell_cap": 66.0,
    "sohc_init_1": 45.00732011091356,
    "sohc_init_2": 45.00732011091356,
    "sohc_init_3": 45.00732011091356,
    "sohc_init_4": 45.00732011091356,
    "sohc_init_5": 45.00732011091356,
    "sohc_init_6": 45.00732011091356,
    "sohc_init_7": 45.00732011091356,
    "sohc_init_8": 45.00732011091356,
    "sohc_init_9": 45.00732011091356,
    "sohc_init_10": 45.00732011091356,
    "sohc_init_11": 45.00732011091356,
    "sohc_init_12": 45.00732011091356,
    "sohc_init_13": 45.00732011091356,
    "sohc_init_14": 45.00732011091356,
    "sohr_init_1": 2.9965432616719347,
    "sohr_init_2": 2.9965432616719347,
    "sohr_init_3": 2.9965432616719347,
    "sohr_init_4": 2.9965432616719347,
    "sohr_init_5": 2.9965432616719347,
    "sohr_init_6": 2.9965432616719347,
    "sohr_init_7": 2.9965432616719347,
    "sohr_init_8": 2.9965432616719347,
    "sohr_init_9": 2.9965432616719347,
    "sohr_init_10": 2.9965432616719347,
    "sohr_init_11": 2.9965432616719347,
    "sohr_init_12": 2.9965432616719347,
    "sohr_init_13": 2.9965432616719347,
    "sohr_init_14": 2.9965432616719347,
    "soc_init_1": 3.2924681194940417,
    "soc_init_2": 3.2924681194940417,
    "soc_init_3": 3.2924681194940417,
    "soc_init_4": 3.2924681194940417,
    "soc_init_5": 3.2924681194940417,
    "soc_init_6": 3.2924681194940417,
    "soc_init_7": 3.2924681194940417,
    "soc_init_8": 3.2924681194940417,
    "soc_init_9": 3.2924681194940417,
    "soc_init_10": 3.2924681194940417,
    "soc_init_11": 3.2924681194940417,
    "soc_init_12": 3.2924681194940417,
    "soc_init_13": 3.2924681194940417,
    "soc_init_14": 3.2924681194940417,
    "cost": 0.9579590115520112,
    "device": "bPB00055",
    "cycle_start_time": "2022-09-14T20:08:44+00:00"
}