{
    "soc_min": 2,
    "soc_max": 98,
    "r1": 0.00010347378322630918,
    "c1": 1152070.4257033349,
    "ir_a": 0.006213076489168629,
    "ir_b": 0.19472091801084465,
    "ir_c": 0.0012264776284761014,
    "ir_d": 0.0999858630512221,
    "ir_e": 0.9997418857131412,
    "no_cells": 14,
    "cell_temp_init": 42.0003286264512,
    "amb_temp_celsius": 34.40428952875475,
    "bat_cell_cap": 66.0,
    "sohc_init_1": 51.6933240210018,
    "sohc_init_2": 51.6933240210018,
    "sohc_init_3": 51.6933240210018,
    "sohc_init_4": 51.6933240210018,
    "sohc_init_5": 51.6933240210018,
    "sohc_init_6": 51.6933240210018,
    "sohc_init_7": 51.6933240210018,
    "sohc_init_8": 51.6933240210018,
    "sohc_init_9": 51.6933240210018,
    "sohc_init_10": 51.6933240210018,
    "sohc_init_11": 51.6933240210018,
    "sohc_init_12": 51.6933240210018,
    "sohc_init_13": 51.6933240210018,
    "sohc_init_14": 51.6933240210018,
    "sohr_init_1": 2.998831713453651,
    "sohr_init_2": 2.998831713453651,
    "sohr_init_3": 2.998831713453651,
    "sohr_init_4": 2.998831713453651,
    "sohr_init_5": 2.998831713453651,
    "sohr_init_6": 2.998831713453651,
    "sohr_init_7": 2.998831713453651,
    "sohr_init_8": 2.998831713453651,
    "sohr_init_9": 2.998831713453651,
    "sohr_init_10": 2.998831713453651,
    "sohr_init_11": 2.998831713453651,
    "sohr_init_12": 2.998831713453651,
    "sohr_init_13": 2.998831713453651,
    "sohr_init_14": 2.998831713453651,
    "soc_init_1": 3.00534954997256,
    "soc_init_2": 3.00534954997256,
    "soc_init_3": 3.00534954997256,
    "soc_init_4": 3.00534954997256,
    "soc_init_5": 3.00534954997256,
    "soc_init_6": 3.00534954997256,
    "soc_init_7": 3.00534954997256,
    "soc_init_8": 3.00534954997256,
    "soc_init_9": 3.00534954997256,
    "soc_init_10": 3.00534954997256,
    "soc_init_11": 3.00534954997256,
    "soc_init_12": 3.00534954997256,
    "soc_init_13": 3.00534954997256,
    "soc_init_14": 3.00534954997256,
    "cost": 0.7293226698926775,
    "device": "bPB00055",
    "cycle_start_time": "2022-07-07T01:28:06+00:00"
}