{
    "soc_min": 2,
    "soc_max": 98,
    "r1": 0.011952499968196573,
    "c1": 1999723.0344885073,
    "ir_a": 0.002138130164645342,
    "ir_b": 0.19819739247628854,
    "ir_c": 0.0014846370541268935,
    "ir_d": 0.011197389080128198,
    "ir_e": 0.9923921606194677,
    "no_cells": 14,
    "cell_temp_init": 36.000001388114484,
    "amb_temp_celsius": 28.001163107066503,
    "bat_cell_cap": 66.0,
    "sohc_init_1": 55.852009656443606,
    "sohc_init_2": 55.852009656443606,
    "sohc_init_3": 55.852009656443606,
    "sohc_init_4": 55.852009656443606,
    "sohc_init_5": 55.852009656443606,
    "sohc_init_6": 55.852009656443606,
    "sohc_init_7": 55.852009656443606,
    "sohc_init_8": 55.852009656443606,
    "sohc_init_9": 55.852009656443606,
    "sohc_init_10": 55.852009656443606,
    "sohc_init_11": 55.852009656443606,
    "sohc_init_12": 55.852009656443606,
    "sohc_init_13": 55.852009656443606,
    "sohc_init_14": 55.852009656443606,
    "sohr_init_1": 2.562481260102425,
    "sohr_init_2": 2.562481260102425,
    "sohr_init_3": 2.562481260102425,
    "sohr_init_4": 2.562481260102425,
    "sohr_init_5": 2.562481260102425,
    "sohr_init_6": 2.562481260102425,
    "sohr_init_7": 2.562481260102425,
    "sohr_init_8": 2.562481260102425,
    "sohr_init_9": 2.562481260102425,
    "sohr_init_10": 2.562481260102425,
    "sohr_init_11": 2.562481260102425,
    "sohr_init_12": 2.562481260102425,
    "sohr_init_13": 2.562481260102425,
    "sohr_init_14": 2.562481260102425,
    "soc_init_1": 23.819297546080147,
    "soc_init_2": 23.819297546080147,
    "soc_init_3": 23.819297546080147,
    "soc_init_4": 23.819297546080147,
    "soc_init_5": 23.819297546080147,
    "soc_init_6": 23.819297546080147,
    "soc_init_7": 23.819297546080147,
    "soc_init_8": 23.819297546080147,
    "soc_init_9": 23.819297546080147,
    "soc_init_10": 23.819297546080147,
    "soc_init_11": 23.819297546080147,
    "soc_init_12": 23.819297546080147,
    "soc_init_13": 23.819297546080147,
    "soc_init_14": 23.819297546080147,
    "cost": 0.5745617102866644,
    "device": "bPB00055",
    "cycle_start_time": "2022-11-03T00:13:49+00:00"
}