{
    "soc_min": 2,
    "soc_max": 98,
    "r1": 0.0013955547821424355,
    "c1": 965349.8602921878,
    "ir_a": 0.00021125905720218357,
    "ir_b": 0.14446034694827506,
    "ir_c": 0.0016069568500050777,
    "ir_d": 0.06939073821151459,
    "ir_e": 0.05938424630927856,
    "no_cells": 14,
    "cell_temp_init": 43.56420080306443,
    "amb_temp_celsius": 34.00765590133869,
    "bat_cell_cap": 66.0,
    "sohc_init_1": 64.56622566390448,
    "sohc_init_2": 64.56622566390448,
    "sohc_init_3": 64.56622566390448,
    "sohc_init_4": 64.56622566390448,
    "sohc_init_5": 64.56622566390448,
    "sohc_init_6": 64.56622566390448,
    "sohc_init_7": 64.56622566390448,
    "sohc_init_8": 64.56622566390448,
    "sohc_init_9": 64.56622566390448,
    "sohc_init_10": 64.56622566390448,
    "sohc_init_11": 64.56622566390448,
    "sohc_init_12": 64.56622566390448,
    "sohc_init_13": 64.56622566390448,
    "sohc_init_14": 64.56622566390448,
    "sohr_init_1": 2.9969948931217827,
    "sohr_init_2": 2.9969948931217827,
    "sohr_init_3": 2.9969948931217827,
    "sohr_init_4": 2.9969948931217827,
    "sohr_init_5": 2.9969948931217827,
    "sohr_init_6": 2.9969948931217827,
    "sohr_init_7": 2.9969948931217827,
    "sohr_init_8": 2.9969948931217827,
    "sohr_init_9": 2.9969948931217827,
    "sohr_init_10": 2.9969948931217827,
    "sohr_init_11": 2.9969948931217827,
    "sohr_init_12": 2.9969948931217827,
    "sohr_init_13": 2.9969948931217827,
    "sohr_init_14": 2.9969948931217827,
    "soc_init_1": 51.89024012451766,
    "soc_init_2": 51.89024012451766,
    "soc_init_3": 51.89024012451766,
    "soc_init_4": 51.89024012451766,
    "soc_init_5": 51.89024012451766,
    "soc_init_6": 51.89024012451766,
    "soc_init_7": 51.89024012451766,
    "soc_init_8": 51.89024012451766,
    "soc_init_9": 51.89024012451766,
    "soc_init_10": 51.89024012451766,
    "soc_init_11": 51.89024012451766,
    "soc_init_12": 51.89024012451766,
    "soc_init_13": 51.89024012451766,
    "soc_init_14": 51.89024012451766,
    "cost": 2.19850759905419,
    "device": "bPB00055",
    "cycle_start_time": "2022-08-26T07:02:28+00:00"
}