{
    "soc_min": 2,
    "soc_max": 98,
    "r1": 0.001827474918764975,
    "c1": 101040.7004319558,
    "ir_a": 0.0009711420128373027,
    "ir_b": 0.14942462199817932,
    "ir_c": 0.0011055517944049663,
    "ir_d": 0.05338713523322372,
    "ir_e": 0.018204795166446915,
    "no_cells": 14,
    "cell_temp_init": 36.00055484624103,
    "amb_temp_celsius": 28.000676417539466,
    "bat_cell_cap": 66.0,
    "sohc_init_1": 49.64003190132284,
    "sohc_init_2": 49.64003190132284,
    "sohc_init_3": 49.64003190132284,
    "sohc_init_4": 49.64003190132284,
    "sohc_init_5": 49.64003190132284,
    "sohc_init_6": 49.64003190132284,
    "sohc_init_7": 49.64003190132284,
    "sohc_init_8": 49.64003190132284,
    "sohc_init_9": 49.64003190132284,
    "sohc_init_10": 49.64003190132284,
    "sohc_init_11": 49.64003190132284,
    "sohc_init_12": 49.64003190132284,
    "sohc_init_13": 49.64003190132284,
    "sohc_init_14": 49.64003190132284,
    "sohr_init_1": 2.145708809399336,
    "sohr_init_2": 2.145708809399336,
    "sohr_init_3": 2.145708809399336,
    "sohr_init_4": 2.145708809399336,
    "sohr_init_5": 2.145708809399336,
    "sohr_init_6": 2.145708809399336,
    "sohr_init_7": 2.145708809399336,
    "sohr_init_8": 2.145708809399336,
    "sohr_init_9": 2.145708809399336,
    "sohr_init_10": 2.145708809399336,
    "sohr_init_11": 2.145708809399336,
    "sohr_init_12": 2.145708809399336,
    "sohr_init_13": 2.145708809399336,
    "sohr_init_14": 2.145708809399336,
    "soc_init_1": 24.460860676217546,
    "soc_init_2": 24.460860676217546,
    "soc_init_3": 24.460860676217546,
    "soc_init_4": 24.460860676217546,
    "soc_init_5": 24.460860676217546,
    "soc_init_6": 24.460860676217546,
    "soc_init_7": 24.460860676217546,
    "soc_init_8": 24.460860676217546,
    "soc_init_9": 24.460860676217546,
    "soc_init_10": 24.460860676217546,
    "soc_init_11": 24.460860676217546,
    "soc_init_12": 24.460860676217546,
    "soc_init_13": 24.460860676217546,
    "soc_init_14": 24.460860676217546,
    "cost": 0.5580659480033833,
    "device": "bPB00055",
    "cycle_start_time": "2022-11-04T10:20:40+00:00"
}