{
    "soc_min": 2,
    "soc_max": 98,
    "r1": 0.01823488406161084,
    "c1": 1998820.827247359,
    "ir_a": 0.0007228605822051808,
    "ir_b": 0.1560594870667886,
    "ir_c": 0.001420187079484681,
    "ir_d": 0.03446513831987434,
    "ir_e": 0.21506842930876524,
    "no_cells": 14,
    "cell_temp_init": 36.00015376116599,
    "amb_temp_celsius": 28.00043376101131,
    "bat_cell_cap": 66.0,
    "sohc_init_1": 58.0374625734147,
    "sohc_init_2": 58.0374625734147,
    "sohc_init_3": 58.0374625734147,
    "sohc_init_4": 58.0374625734147,
    "sohc_init_5": 58.0374625734147,
    "sohc_init_6": 58.0374625734147,
    "sohc_init_7": 58.0374625734147,
    "sohc_init_8": 58.0374625734147,
    "sohc_init_9": 58.0374625734147,
    "sohc_init_10": 58.0374625734147,
    "sohc_init_11": 58.0374625734147,
    "sohc_init_12": 58.0374625734147,
    "sohc_init_13": 58.0374625734147,
    "sohc_init_14": 58.0374625734147,
    "sohr_init_1": 2.719509615925,
    "sohr_init_2": 2.719509615925,
    "sohr_init_3": 2.719509615925,
    "sohr_init_4": 2.719509615925,
    "sohr_init_5": 2.719509615925,
    "sohr_init_6": 2.719509615925,
    "sohr_init_7": 2.719509615925,
    "sohr_init_8": 2.719509615925,
    "sohr_init_9": 2.719509615925,
    "sohr_init_10": 2.719509615925,
    "sohr_init_11": 2.719509615925,
    "sohr_init_12": 2.719509615925,
    "sohr_init_13": 2.719509615925,
    "sohr_init_14": 2.719509615925,
    "soc_init_1": 23.56824925677039,
    "soc_init_2": 23.56824925677039,
    "soc_init_3": 23.56824925677039,
    "soc_init_4": 23.56824925677039,
    "soc_init_5": 23.56824925677039,
    "soc_init_6": 23.56824925677039,
    "soc_init_7": 23.56824925677039,
    "soc_init_8": 23.56824925677039,
    "soc_init_9": 23.56824925677039,
    "soc_init_10": 23.56824925677039,
    "soc_init_11": 23.56824925677039,
    "soc_init_12": 23.56824925677039,
    "soc_init_13": 23.56824925677039,
    "soc_init_14": 23.56824925677039,
    "cost": 0.5250330928999312,
    "device": "bPB00055",
    "cycle_start_time": "2022-10-27T20:01:43+00:00"
}