{
    "soc_min": 2,
    "soc_max": 98,
    "r1": 0.01954868253058407,
    "c1": 1284458.5887404555,
    "ir_a": 0.00010895990693974612,
    "ir_b": 0.1554374613132239,
    "ir_c": 1.2614611313016367e-05,
    "ir_d": 0.09937035214622449,
    "ir_e": 0.9992758091856523,
    "no_cells": 14,
    "cell_temp_init": 42.50169210715251,
    "amb_temp_celsius": 36.73508516918049,
    "bat_cell_cap": 66.0,
    "sohc_init_1": 52.38393279015853,
    "sohc_init_2": 52.38393279015853,
    "sohc_init_3": 52.38393279015853,
    "sohc_init_4": 52.38393279015853,
    "sohc_init_5": 52.38393279015853,
    "sohc_init_6": 52.38393279015853,
    "sohc_init_7": 52.38393279015853,
    "sohc_init_8": 52.38393279015853,
    "sohc_init_9": 52.38393279015853,
    "sohc_init_10": 52.38393279015853,
    "sohc_init_11": 52.38393279015853,
    "sohc_init_12": 52.38393279015853,
    "sohc_init_13": 52.38393279015853,
    "sohc_init_14": 52.38393279015853,
    "sohr_init_1": 2.990968864055886,
    "sohr_init_2": 2.990968864055886,
    "sohr_init_3": 2.990968864055886,
    "sohr_init_4": 2.990968864055886,
    "sohr_init_5": 2.990968864055886,
    "sohr_init_6": 2.990968864055886,
    "sohr_init_7": 2.990968864055886,
    "sohr_init_8": 2.990968864055886,
    "sohr_init_9": 2.990968864055886,
    "sohr_init_10": 2.990968864055886,
    "sohr_init_11": 2.990968864055886,
    "sohr_init_12": 2.990968864055886,
    "sohr_init_13": 2.990968864055886,
    "sohr_init_14": 2.990968864055886,
    "soc_init_1": 34.85343318476362,
    "soc_init_2": 34.85343318476362,
    "soc_init_3": 34.85343318476362,
    "soc_init_4": 34.85343318476362,
    "soc_init_5": 34.85343318476362,
    "soc_init_6": 34.85343318476362,
    "soc_init_7": 34.85343318476362,
    "soc_init_8": 34.85343318476362,
    "soc_init_9": 34.85343318476362,
    "soc_init_10": 34.85343318476362,
    "soc_init_11": 34.85343318476362,
    "soc_init_12": 34.85343318476362,
    "soc_init_13": 34.85343318476362,
    "soc_init_14": 34.85343318476362,
    "cost": 1.6111597201650354,
    "device": "bPB00055",
    "cycle_start_time": "2022-07-09T03:37:07+00:00"
}