{
    "soc_min": 2,
    "soc_max": 98,
    "r1": 0.01999029925589873,
    "c1": 1999576.5906568947,
    "ir_a": 0.009273922584718337,
    "ir_b": 0.06236614695812079,
    "ir_c": 0.002492439085689154,
    "ir_d": 0.06071402730347179,
    "ir_e": 0.18332374041398977,
    "no_cells": 14,
    "cell_temp_init": 34.00087023317217,
    "amb_temp_celsius": 26.002138392379145,
    "bat_cell_cap": 66.0,
    "sohc_init_1": 67.12214167164198,
    "sohc_init_2": 67.12214167164198,
    "sohc_init_3": 67.12214167164198,
    "sohc_init_4": 67.12214167164198,
    "sohc_init_5": 67.12214167164198,
    "sohc_init_6": 67.12214167164198,
    "sohc_init_7": 67.12214167164198,
    "sohc_init_8": 67.12214167164198,
    "sohc_init_9": 67.12214167164198,
    "sohc_init_10": 67.12214167164198,
    "sohc_init_11": 67.12214167164198,
    "sohc_init_12": 67.12214167164198,
    "sohc_init_13": 67.12214167164198,
    "sohc_init_14": 67.12214167164198,
    "sohr_init_1": 1.002641065050324,
    "sohr_init_2": 1.002641065050324,
    "sohr_init_3": 1.002641065050324,
    "sohr_init_4": 1.002641065050324,
    "sohr_init_5": 1.002641065050324,
    "sohr_init_6": 1.002641065050324,
    "sohr_init_7": 1.002641065050324,
    "sohr_init_8": 1.002641065050324,
    "sohr_init_9": 1.002641065050324,
    "sohr_init_10": 1.002641065050324,
    "sohr_init_11": 1.002641065050324,
    "sohr_init_12": 1.002641065050324,
    "sohr_init_13": 1.002641065050324,
    "sohr_init_14": 1.002641065050324,
    "soc_init_1": 10.94344914060041,
    "soc_init_2": 10.94344914060041,
    "soc_init_3": 10.94344914060041,
    "soc_init_4": 10.94344914060041,
    "soc_init_5": 10.94344914060041,
    "soc_init_6": 10.94344914060041,
    "soc_init_7": 10.94344914060041,
    "soc_init_8": 10.94344914060041,
    "soc_init_9": 10.94344914060041,
    "soc_init_10": 10.94344914060041,
    "soc_init_11": 10.94344914060041,
    "soc_init_12": 10.94344914060041,
    "soc_init_13": 10.94344914060041,
    "soc_init_14": 10.94344914060041,
    "cost": 0.2092052330517826,
    "device": "bPB00055",
    "cycle_start_time": "2021-11-16T15:42:02+00:00"
}