{
    "soc_min": 2,
    "soc_max": 98,
    "r1": 0.0015986851886866066,
    "c1": 1985957.950998884,
    "ir_a": 0.0005030981626119146,
    "ir_b": 0.15722049366656193,
    "ir_c": 0.0003364649059023699,
    "ir_d": 0.09928840017990587,
    "ir_e": 0.9996068137070092,
    "no_cells": 14,
    "cell_temp_init": 23.013736149295617,
    "amb_temp_celsius": 24.46664159096961,
    "bat_cell_cap": 66.0,
    "sohc_init_1": 69.56351705358881,
    "sohc_init_2": 69.56351705358881,
    "sohc_init_3": 69.56351705358881,
    "sohc_init_4": 69.56351705358881,
    "sohc_init_5": 69.56351705358881,
    "sohc_init_6": 69.56351705358881,
    "sohc_init_7": 69.56351705358881,
    "sohc_init_8": 69.56351705358881,
    "sohc_init_9": 69.56351705358881,
    "sohc_init_10": 69.56351705358881,
    "sohc_init_11": 69.56351705358881,
    "sohc_init_12": 69.56351705358881,
    "sohc_init_13": 69.56351705358881,
    "sohc_init_14": 69.56351705358881,
    "sohr_init_1": 2.797522018937306,
    "sohr_init_2": 2.797522018937306,
    "sohr_init_3": 2.797522018937306,
    "sohr_init_4": 2.797522018937306,
    "sohr_init_5": 2.797522018937306,
    "sohr_init_6": 2.797522018937306,
    "sohr_init_7": 2.797522018937306,
    "sohr_init_8": 2.797522018937306,
    "sohr_init_9": 2.797522018937306,
    "sohr_init_10": 2.797522018937306,
    "sohr_init_11": 2.797522018937306,
    "sohr_init_12": 2.797522018937306,
    "sohr_init_13": 2.797522018937306,
    "sohr_init_14": 2.797522018937306,
    "soc_init_1": 7.801571420681589,
    "soc_init_2": 7.801571420681589,
    "soc_init_3": 7.801571420681589,
    "soc_init_4": 7.801571420681589,
    "soc_init_5": 7.801571420681589,
    "soc_init_6": 7.801571420681589,
    "soc_init_7": 7.801571420681589,
    "soc_init_8": 7.801571420681589,
    "soc_init_9": 7.801571420681589,
    "soc_init_10": 7.801571420681589,
    "soc_init_11": 7.801571420681589,
    "soc_init_12": 7.801571420681589,
    "soc_init_13": 7.801571420681589,
    "soc_init_14": 7.801571420681589,
    "cost": 0.229135189201044,
    "device": "bPB00055",
    "cycle_start_time": "2021-07-12T07:58:24+00:00"
}