{
    "soc_min": 2,
    "soc_max": 98,
    "r1": 0.01998968715440858,
    "c1": 1975980.51399702,
    "ir_a": 0.00021200676280908872,
    "ir_b": 0.14883917570497648,
    "ir_c": 0.00028758796687357595,
    "ir_d": 0.09950697235425102,
    "ir_e": 0.9501149049077412,
    "no_cells": 14,
    "cell_temp_init": 42.53400753897754,
    "amb_temp_celsius": 34.010326740563045,
    "bat_cell_cap": 66.0,
    "sohc_init_1": 48.974716266766656,
    "sohc_init_2": 48.974716266766656,
    "sohc_init_3": 48.974716266766656,
    "sohc_init_4": 48.974716266766656,
    "sohc_init_5": 48.974716266766656,
    "sohc_init_6": 48.974716266766656,
    "sohc_init_7": 48.974716266766656,
    "sohc_init_8": 48.974716266766656,
    "sohc_init_9": 48.974716266766656,
    "sohc_init_10": 48.974716266766656,
    "sohc_init_11": 48.974716266766656,
    "sohc_init_12": 48.974716266766656,
    "sohc_init_13": 48.974716266766656,
    "sohc_init_14": 48.974716266766656,
    "sohr_init_1": 1.6401130356959932,
    "sohr_init_2": 1.6401130356959932,
    "sohr_init_3": 1.6401130356959932,
    "sohr_init_4": 1.6401130356959932,
    "sohr_init_5": 1.6401130356959932,
    "sohr_init_6": 1.6401130356959932,
    "sohr_init_7": 1.6401130356959932,
    "sohr_init_8": 1.6401130356959932,
    "sohr_init_9": 1.6401130356959932,
    "sohr_init_10": 1.6401130356959932,
    "sohr_init_11": 1.6401130356959932,
    "sohr_init_12": 1.6401130356959932,
    "sohr_init_13": 1.6401130356959932,
    "sohr_init_14": 1.6401130356959932,
    "soc_init_1": 22.3296963691545,
    "soc_init_2": 22.3296963691545,
    "soc_init_3": 22.3296963691545,
    "soc_init_4": 22.3296963691545,
    "soc_init_5": 22.3296963691545,
    "soc_init_6": 22.3296963691545,
    "soc_init_7": 22.3296963691545,
    "soc_init_8": 22.3296963691545,
    "soc_init_9": 22.3296963691545,
    "soc_init_10": 22.3296963691545,
    "soc_init_11": 22.3296963691545,
    "soc_init_12": 22.3296963691545,
    "soc_init_13": 22.3296963691545,
    "soc_init_14": 22.3296963691545,
    "cost": 1.1105532091777983,
    "device": "bPB00055",
    "cycle_start_time": "2022-08-25T23:57:52+00:00"
}