{
    "soc_min": 2,
    "soc_max": 98,
    "r1": 0.0007541453028768721,
    "c1": 766950.7589568425,
    "ir_a": 0.003781253528636701,
    "ir_b": 0.12900622164880302,
    "ir_c": 1.1156795541853765e-05,
    "ir_d": 0.08073453677910351,
    "ir_e": 0.6755811147182,
    "no_cells": 14,
    "cell_temp_init": 42.00866796914343,
    "amb_temp_celsius": 34.00510033262993,
    "bat_cell_cap": 66.0,
    "sohc_init_1": 51.745852198948775,
    "sohc_init_2": 51.745852198948775,
    "sohc_init_3": 51.745852198948775,
    "sohc_init_4": 51.745852198948775,
    "sohc_init_5": 51.745852198948775,
    "sohc_init_6": 51.745852198948775,
    "sohc_init_7": 51.745852198948775,
    "sohc_init_8": 51.745852198948775,
    "sohc_init_9": 51.745852198948775,
    "sohc_init_10": 51.745852198948775,
    "sohc_init_11": 51.745852198948775,
    "sohc_init_12": 51.745852198948775,
    "sohc_init_13": 51.745852198948775,
    "sohc_init_14": 51.745852198948775,
    "sohr_init_1": 2.9646656321629705,
    "sohr_init_2": 2.9646656321629705,
    "sohr_init_3": 2.9646656321629705,
    "sohr_init_4": 2.9646656321629705,
    "sohr_init_5": 2.9646656321629705,
    "sohr_init_6": 2.9646656321629705,
    "sohr_init_7": 2.9646656321629705,
    "sohr_init_8": 2.9646656321629705,
    "sohr_init_9": 2.9646656321629705,
    "sohr_init_10": 2.9646656321629705,
    "sohr_init_11": 2.9646656321629705,
    "sohr_init_12": 2.9646656321629705,
    "sohr_init_13": 2.9646656321629705,
    "sohr_init_14": 2.9646656321629705,
    "soc_init_1": 25.87668946373024,
    "soc_init_2": 25.87668946373024,
    "soc_init_3": 25.87668946373024,
    "soc_init_4": 25.87668946373024,
    "soc_init_5": 25.87668946373024,
    "soc_init_6": 25.87668946373024,
    "soc_init_7": 25.87668946373024,
    "soc_init_8": 25.87668946373024,
    "soc_init_9": 25.87668946373024,
    "soc_init_10": 25.87668946373024,
    "soc_init_11": 25.87668946373024,
    "soc_init_12": 25.87668946373024,
    "soc_init_13": 25.87668946373024,
    "soc_init_14": 25.87668946373024,
    "cost": 0.751746705239691,
    "device": "bPB00055",
    "cycle_start_time": "2022-08-03T19:27:44+00:00"
}