{
    "soc_min": 2,
    "soc_max": 98,
    "r1": 0.008375882399766813,
    "c1": 1845079.3107860375,
    "ir_a": 0.007204583957293689,
    "ir_b": 0.038108969762903476,
    "ir_c": 0.0010064903552207693,
    "ir_d": 0.051289414854707414,
    "ir_e": 0.21589688106835284,
    "no_cells": 14,
    "cell_temp_init": 41.00414288628559,
    "amb_temp_celsius": 35.84642652259513,
    "bat_cell_cap": 66.0,
    "sohc_init_1": 51.66397741626842,
    "sohc_init_2": 51.66397741626842,
    "sohc_init_3": 51.66397741626842,
    "sohc_init_4": 51.66397741626842,
    "sohc_init_5": 51.66397741626842,
    "sohc_init_6": 51.66397741626842,
    "sohc_init_7": 51.66397741626842,
    "sohc_init_8": 51.66397741626842,
    "sohc_init_9": 51.66397741626842,
    "sohc_init_10": 51.66397741626842,
    "sohc_init_11": 51.66397741626842,
    "sohc_init_12": 51.66397741626842,
    "sohc_init_13": 51.66397741626842,
    "sohc_init_14": 51.66397741626842,
    "sohr_init_1": 1.0770553673421395,
    "sohr_init_2": 1.0770553673421395,
    "sohr_init_3": 1.0770553673421395,
    "sohr_init_4": 1.0770553673421395,
    "sohr_init_5": 1.0770553673421395,
    "sohr_init_6": 1.0770553673421395,
    "sohr_init_7": 1.0770553673421395,
    "sohr_init_8": 1.0770553673421395,
    "sohr_init_9": 1.0770553673421395,
    "sohr_init_10": 1.0770553673421395,
    "sohr_init_11": 1.0770553673421395,
    "sohr_init_12": 1.0770553673421395,
    "sohr_init_13": 1.0770553673421395,
    "sohr_init_14": 1.0770553673421395,
    "soc_init_1": 24.52410983032711,
    "soc_init_2": 24.52410983032711,
    "soc_init_3": 24.52410983032711,
    "soc_init_4": 24.52410983032711,
    "soc_init_5": 24.52410983032711,
    "soc_init_6": 24.52410983032711,
    "soc_init_7": 24.52410983032711,
    "soc_init_8": 24.52410983032711,
    "soc_init_9": 24.52410983032711,
    "soc_init_10": 24.52410983032711,
    "soc_init_11": 24.52410983032711,
    "soc_init_12": 24.52410983032711,
    "soc_init_13": 24.52410983032711,
    "soc_init_14": 24.52410983032711,
    "cost": 0.6022569952247762,
    "device": "bPB00055",
    "cycle_start_time": "2022-08-17T09:54:10+00:00"
}