{
    "soc_min": 2,
    "soc_max": 98,
    "r1": 0.016680457978989777,
    "c1": 1999489.817696469,
    "ir_a": 0.0001928004578144795,
    "ir_b": 0.11259375007099795,
    "ir_c": 0.0028221201801246474,
    "ir_d": 0.08274618304514238,
    "ir_e": 0.9942860985848327,
    "no_cells": 14,
    "cell_temp_init": 37.001571302921334,
    "amb_temp_celsius": 29.00029688288558,
    "bat_cell_cap": 66.0,
    "sohc_init_1": 57.125564052886816,
    "sohc_init_2": 57.125564052886816,
    "sohc_init_3": 57.125564052886816,
    "sohc_init_4": 57.125564052886816,
    "sohc_init_5": 57.125564052886816,
    "sohc_init_6": 57.125564052886816,
    "sohc_init_7": 57.125564052886816,
    "sohc_init_8": 57.125564052886816,
    "sohc_init_9": 57.125564052886816,
    "sohc_init_10": 57.125564052886816,
    "sohc_init_11": 57.125564052886816,
    "sohc_init_12": 57.125564052886816,
    "sohc_init_13": 57.125564052886816,
    "sohc_init_14": 57.125564052886816,
    "sohr_init_1": 1.21973196744235,
    "sohr_init_2": 1.21973196744235,
    "sohr_init_3": 1.21973196744235,
    "sohr_init_4": 1.21973196744235,
    "sohr_init_5": 1.21973196744235,
    "sohr_init_6": 1.21973196744235,
    "sohr_init_7": 1.21973196744235,
    "sohr_init_8": 1.21973196744235,
    "sohr_init_9": 1.21973196744235,
    "sohr_init_10": 1.21973196744235,
    "sohr_init_11": 1.21973196744235,
    "sohr_init_12": 1.21973196744235,
    "sohr_init_13": 1.21973196744235,
    "sohr_init_14": 1.21973196744235,
    "soc_init_1": 23.84211831376454,
    "soc_init_2": 23.84211831376454,
    "soc_init_3": 23.84211831376454,
    "soc_init_4": 23.84211831376454,
    "soc_init_5": 23.84211831376454,
    "soc_init_6": 23.84211831376454,
    "soc_init_7": 23.84211831376454,
    "soc_init_8": 23.84211831376454,
    "soc_init_9": 23.84211831376454,
    "soc_init_10": 23.84211831376454,
    "soc_init_11": 23.84211831376454,
    "soc_init_12": 23.84211831376454,
    "soc_init_13": 23.84211831376454,
    "soc_init_14": 23.84211831376454,
    "cost": 0.6265763067803222,
    "device": "bPB00055",
    "cycle_start_time": "2022-11-02T01:35:27+00:00"
}