{
    "soc_min": 2,
    "soc_max": 98,
    "r1": 0.007450019379000144,
    "c1": 335684.6190808654,
    "ir_a": 0.0090863650018896,
    "ir_b": 0.03796667805104603,
    "ir_c": 0.001253498961567355,
    "ir_d": 0.09990049654559865,
    "ir_e": 0.9999659493007103,
    "no_cells": 14,
    "cell_temp_init": 36.01658703130582,
    "amb_temp_celsius": 28.131224531975377,
    "bat_cell_cap": 66.0,
    "sohc_init_1": 45.00986595774089,
    "sohc_init_2": 45.00986595774089,
    "sohc_init_3": 45.00986595774089,
    "sohc_init_4": 45.00986595774089,
    "sohc_init_5": 45.00986595774089,
    "sohc_init_6": 45.00986595774089,
    "sohc_init_7": 45.00986595774089,
    "sohc_init_8": 45.00986595774089,
    "sohc_init_9": 45.00986595774089,
    "sohc_init_10": 45.00986595774089,
    "sohc_init_11": 45.00986595774089,
    "sohc_init_12": 45.00986595774089,
    "sohc_init_13": 45.00986595774089,
    "sohc_init_14": 45.00986595774089,
    "sohr_init_1": 2.9996257452329926,
    "sohr_init_2": 2.9996257452329926,
    "sohr_init_3": 2.9996257452329926,
    "sohr_init_4": 2.9996257452329926,
    "sohr_init_5": 2.9996257452329926,
    "sohr_init_6": 2.9996257452329926,
    "sohr_init_7": 2.9996257452329926,
    "sohr_init_8": 2.9996257452329926,
    "sohr_init_9": 2.9996257452329926,
    "sohr_init_10": 2.9996257452329926,
    "sohr_init_11": 2.9996257452329926,
    "sohr_init_12": 2.9996257452329926,
    "sohr_init_13": 2.9996257452329926,
    "sohr_init_14": 2.9996257452329926,
    "soc_init_1": 3.001645811964452,
    "soc_init_2": 3.001645811964452,
    "soc_init_3": 3.001645811964452,
    "soc_init_4": 3.001645811964452,
    "soc_init_5": 3.001645811964452,
    "soc_init_6": 3.001645811964452,
    "soc_init_7": 3.001645811964452,
    "soc_init_8": 3.001645811964452,
    "soc_init_9": 3.001645811964452,
    "soc_init_10": 3.001645811964452,
    "soc_init_11": 3.001645811964452,
    "soc_init_12": 3.001645811964452,
    "soc_init_13": 3.001645811964452,
    "soc_init_14": 3.001645811964452,
    "cost": 0.900996307529424,
    "device": "bPB00055",
    "cycle_start_time": "2022-10-30T01:13:19+00:00"
}