{
    "soc_min": 2,
    "soc_max": 98,
    "r1": 0.019750183514475616,
    "c1": 1996681.2684463481,
    "ir_a": 0.007492492891280711,
    "ir_b": 0.08775709385878999,
    "ir_c": 0.0001535495147892721,
    "ir_d": 0.09586039053384603,
    "ir_e": 0.7760519794365589,
    "no_cells": 14,
    "cell_temp_init": 37.71021952237847,
    "amb_temp_celsius": 30.948444008808977,
    "bat_cell_cap": 66.0,
    "sohc_init_1": 70.76520614815783,
    "sohc_init_2": 70.76520614815783,
    "sohc_init_3": 70.76520614815783,
    "sohc_init_4": 70.76520614815783,
    "sohc_init_5": 70.76520614815783,
    "sohc_init_6": 70.76520614815783,
    "sohc_init_7": 70.76520614815783,
    "sohc_init_8": 70.76520614815783,
    "sohc_init_9": 70.76520614815783,
    "sohc_init_10": 70.76520614815783,
    "sohc_init_11": 70.76520614815783,
    "sohc_init_12": 70.76520614815783,
    "sohc_init_13": 70.76520614815783,
    "sohc_init_14": 70.76520614815783,
    "sohr_init_1": 2.925687938250893,
    "sohr_init_2": 2.925687938250893,
    "sohr_init_3": 2.925687938250893,
    "sohr_init_4": 2.925687938250893,
    "sohr_init_5": 2.925687938250893,
    "sohr_init_6": 2.925687938250893,
    "sohr_init_7": 2.925687938250893,
    "sohr_init_8": 2.925687938250893,
    "sohr_init_9": 2.925687938250893,
    "sohr_init_10": 2.925687938250893,
    "sohr_init_11": 2.925687938250893,
    "sohr_init_12": 2.925687938250893,
    "sohr_init_13": 2.925687938250893,
    "sohr_init_14": 2.925687938250893,
    "soc_init_1": 24.942499234208253,
    "soc_init_2": 24.942499234208253,
    "soc_init_3": 24.942499234208253,
    "soc_init_4": 24.942499234208253,
    "soc_init_5": 24.942499234208253,
    "soc_init_6": 24.942499234208253,
    "soc_init_7": 24.942499234208253,
    "soc_init_8": 24.942499234208253,
    "soc_init_9": 24.942499234208253,
    "soc_init_10": 24.942499234208253,
    "soc_init_11": 24.942499234208253,
    "soc_init_12": 24.942499234208253,
    "soc_init_13": 24.942499234208253,
    "soc_init_14": 24.942499234208253,
    "cost": 0.3181274299641616,
    "device": "bPB00055",
    "cycle_start_time": "2021-09-07T20:23:24+00:00"
}