{
    "soc_min": 2,
    "soc_max": 98,
    "r1": 0.010139548672274241,
    "c1": 1997786.0520287983,
    "ir_a": 0.00941280988214059,
    "ir_b": 0.05632568638078743,
    "ir_c": 0.00024773958998854665,
    "ir_d": 0.06406839611389688,
    "ir_e": 0.7386397746901042,
    "no_cells": 14,
    "cell_temp_init": 38.019647429288554,
    "amb_temp_celsius": 32.14902289724044,
    "bat_cell_cap": 66.0,
    "sohc_init_1": 65.41998094651927,
    "sohc_init_2": 65.41998094651927,
    "sohc_init_3": 65.41998094651927,
    "sohc_init_4": 65.41998094651927,
    "sohc_init_5": 65.41998094651927,
    "sohc_init_6": 65.41998094651927,
    "sohc_init_7": 65.41998094651927,
    "sohc_init_8": 65.41998094651927,
    "sohc_init_9": 65.41998094651927,
    "sohc_init_10": 65.41998094651927,
    "sohc_init_11": 65.41998094651927,
    "sohc_init_12": 65.41998094651927,
    "sohc_init_13": 65.41998094651927,
    "sohc_init_14": 65.41998094651927,
    "sohr_init_1": 2.035266842396708,
    "sohr_init_2": 2.035266842396708,
    "sohr_init_3": 2.035266842396708,
    "sohr_init_4": 2.035266842396708,
    "sohr_init_5": 2.035266842396708,
    "sohr_init_6": 2.035266842396708,
    "sohr_init_7": 2.035266842396708,
    "sohr_init_8": 2.035266842396708,
    "sohr_init_9": 2.035266842396708,
    "sohr_init_10": 2.035266842396708,
    "sohr_init_11": 2.035266842396708,
    "sohr_init_12": 2.035266842396708,
    "sohr_init_13": 2.035266842396708,
    "sohr_init_14": 2.035266842396708,
    "soc_init_1": 14.73385245558766,
    "soc_init_2": 14.73385245558766,
    "soc_init_3": 14.73385245558766,
    "soc_init_4": 14.73385245558766,
    "soc_init_5": 14.73385245558766,
    "soc_init_6": 14.73385245558766,
    "soc_init_7": 14.73385245558766,
    "soc_init_8": 14.73385245558766,
    "soc_init_9": 14.73385245558766,
    "soc_init_10": 14.73385245558766,
    "soc_init_11": 14.73385245558766,
    "soc_init_12": 14.73385245558766,
    "soc_init_13": 14.73385245558766,
    "soc_init_14": 14.73385245558766,
    "cost": 0.4309341622831323,
    "device": "bPB00055",
    "cycle_start_time": "2021-11-07T16:36:10+00:00"
}