{
    "soc_min": 2,
    "soc_max": 98,
    "r1": 0.0003447588777367582,
    "c1": 1706837.1170229737,
    "ir_a": 0.001923952486530641,
    "ir_b": 0.06269039071573447,
    "ir_c": 0.0002816505147737121,
    "ir_d": 0.039353487866175325,
    "ir_e": 0.8154607473237069,
    "no_cells": 14,
    "cell_temp_init": 41.00083151829695,
    "amb_temp_celsius": 33.00685086768291,
    "bat_cell_cap": 66.0,
    "sohc_init_1": 46.09525759021435,
    "sohc_init_2": 46.09525759021435,
    "sohc_init_3": 46.09525759021435,
    "sohc_init_4": 46.09525759021435,
    "sohc_init_5": 46.09525759021435,
    "sohc_init_6": 46.09525759021435,
    "sohc_init_7": 46.09525759021435,
    "sohc_init_8": 46.09525759021435,
    "sohc_init_9": 46.09525759021435,
    "sohc_init_10": 46.09525759021435,
    "sohc_init_11": 46.09525759021435,
    "sohc_init_12": 46.09525759021435,
    "sohc_init_13": 46.09525759021435,
    "sohc_init_14": 46.09525759021435,
    "sohr_init_1": 2.996463906883069,
    "sohr_init_2": 2.996463906883069,
    "sohr_init_3": 2.996463906883069,
    "sohr_init_4": 2.996463906883069,
    "sohr_init_5": 2.996463906883069,
    "sohr_init_6": 2.996463906883069,
    "sohr_init_7": 2.996463906883069,
    "sohr_init_8": 2.996463906883069,
    "sohr_init_9": 2.996463906883069,
    "sohr_init_10": 2.996463906883069,
    "sohr_init_11": 2.996463906883069,
    "sohr_init_12": 2.996463906883069,
    "sohr_init_13": 2.996463906883069,
    "sohr_init_14": 2.996463906883069,
    "soc_init_1": 11.186618383527033,
    "soc_init_2": 11.186618383527033,
    "soc_init_3": 11.186618383527033,
    "soc_init_4": 11.186618383527033,
    "soc_init_5": 11.186618383527033,
    "soc_init_6": 11.186618383527033,
    "soc_init_7": 11.186618383527033,
    "soc_init_8": 11.186618383527033,
    "soc_init_9": 11.186618383527033,
    "soc_init_10": 11.186618383527033,
    "soc_init_11": 11.186618383527033,
    "soc_init_12": 11.186618383527033,
    "soc_init_13": 11.186618383527033,
    "soc_init_14": 11.186618383527033,
    "cost": 0.6579184195506829,
    "device": "bPB00055",
    "cycle_start_time": "2022-08-16T22:55:00+00:00"
}