{
    "soc_min": 2,
    "soc_max": 98,
    "r1": 0.0009621279422788212,
    "c1": 202850.5556660511,
    "ir_a": 0.003227168393132183,
    "ir_b": 0.18917799957451284,
    "ir_c": 0.0014991204434212473,
    "ir_d": 0.0590482814429699,
    "ir_e": 0.5044378348775386,
    "no_cells": 14,
    "cell_temp_init": 35.00009367600209,
    "amb_temp_celsius": 27.004827142381302,
    "bat_cell_cap": 66.0,
    "sohc_init_1": 49.15111096425198,
    "sohc_init_2": 49.15111096425198,
    "sohc_init_3": 49.15111096425198,
    "sohc_init_4": 49.15111096425198,
    "sohc_init_5": 49.15111096425198,
    "sohc_init_6": 49.15111096425198,
    "sohc_init_7": 49.15111096425198,
    "sohc_init_8": 49.15111096425198,
    "sohc_init_9": 49.15111096425198,
    "sohc_init_10": 49.15111096425198,
    "sohc_init_11": 49.15111096425198,
    "sohc_init_12": 49.15111096425198,
    "sohc_init_13": 49.15111096425198,
    "sohc_init_14": 49.15111096425198,
    "sohr_init_1": 2.3627802124365216,
    "sohr_init_2": 2.3627802124365216,
    "sohr_init_3": 2.3627802124365216,
    "sohr_init_4": 2.3627802124365216,
    "sohr_init_5": 2.3627802124365216,
    "sohr_init_6": 2.3627802124365216,
    "sohr_init_7": 2.3627802124365216,
    "sohr_init_8": 2.3627802124365216,
    "sohr_init_9": 2.3627802124365216,
    "sohr_init_10": 2.3627802124365216,
    "sohr_init_11": 2.3627802124365216,
    "sohr_init_12": 2.3627802124365216,
    "sohr_init_13": 2.3627802124365216,
    "sohr_init_14": 2.3627802124365216,
    "soc_init_1": 25.512010849930423,
    "soc_init_2": 25.512010849930423,
    "soc_init_3": 25.512010849930423,
    "soc_init_4": 25.512010849930423,
    "soc_init_5": 25.512010849930423,
    "soc_init_6": 25.512010849930423,
    "soc_init_7": 25.512010849930423,
    "soc_init_8": 25.512010849930423,
    "soc_init_9": 25.512010849930423,
    "soc_init_10": 25.512010849930423,
    "soc_init_11": 25.512010849930423,
    "soc_init_12": 25.512010849930423,
    "soc_init_13": 25.512010849930423,
    "soc_init_14": 25.512010849930423,
    "cost": 0.5046642816416196,
    "device": "bPB00055",
    "cycle_start_time": "2022-11-08T15:54:55+00:00"
}