{
    "soc_min": 2,
    "soc_max": 98,
    "r1": 0.0006438381340679607,
    "c1": 1736399.3920300186,
    "ir_a": 0.0012224353062919853,
    "ir_b": 0.05234686244870261,
    "ir_c": 0.00022361231016504462,
    "ir_d": 0.09998608531721231,
    "ir_e": 0.9996329735133805,
    "no_cells": 14,
    "cell_temp_init": 33.52089323003077,
    "amb_temp_celsius": 24.005311118343695,
    "bat_cell_cap": 66.0,
    "sohc_init_1": 64.38885311078798,
    "sohc_init_2": 64.38885311078798,
    "sohc_init_3": 64.38885311078798,
    "sohc_init_4": 64.38885311078798,
    "sohc_init_5": 64.38885311078798,
    "sohc_init_6": 64.38885311078798,
    "sohc_init_7": 64.38885311078798,
    "sohc_init_8": 64.38885311078798,
    "sohc_init_9": 64.38885311078798,
    "sohc_init_10": 64.38885311078798,
    "sohc_init_11": 64.38885311078798,
    "sohc_init_12": 64.38885311078798,
    "sohc_init_13": 64.38885311078798,
    "sohc_init_14": 64.38885311078798,
    "sohr_init_1": 2.9950026952861255,
    "sohr_init_2": 2.9950026952861255,
    "sohr_init_3": 2.9950026952861255,
    "sohr_init_4": 2.9950026952861255,
    "sohr_init_5": 2.9950026952861255,
    "sohr_init_6": 2.9950026952861255,
    "sohr_init_7": 2.9950026952861255,
    "sohr_init_8": 2.9950026952861255,
    "sohr_init_9": 2.9950026952861255,
    "sohr_init_10": 2.9950026952861255,
    "sohr_init_11": 2.9950026952861255,
    "sohr_init_12": 2.9950026952861255,
    "sohr_init_13": 2.9950026952861255,
    "sohr_init_14": 2.9950026952861255,
    "soc_init_1": 44.89733410735482,
    "soc_init_2": 44.89733410735482,
    "soc_init_3": 44.89733410735482,
    "soc_init_4": 44.89733410735482,
    "soc_init_5": 44.89733410735482,
    "soc_init_6": 44.89733410735482,
    "soc_init_7": 44.89733410735482,
    "soc_init_8": 44.89733410735482,
    "soc_init_9": 44.89733410735482,
    "soc_init_10": 44.89733410735482,
    "soc_init_11": 44.89733410735482,
    "soc_init_12": 44.89733410735482,
    "soc_init_13": 44.89733410735482,
    "soc_init_14": 44.89733410735482,
    "cost": 0.20454835204650484,
    "device": "bPB00055",
    "cycle_start_time": "2021-11-23T13:20:24+00:00"
}