{
    "soc_min": 2,
    "soc_max": 98,
    "r1": 0.019869474963695802,
    "c1": 389633.46351910033,
    "ir_a": 0.006000359787813907,
    "ir_b": 0.03792783022003057,
    "ir_c": 0.00046398070927635305,
    "ir_d": 0.09086295301953093,
    "ir_e": 0.7951826020224324,
    "no_cells": 14,
    "cell_temp_init": 43.66933240979618,
    "amb_temp_celsius": 34.00016687030764,
    "bat_cell_cap": 66.0,
    "sohc_init_1": 79.99926153954974,
    "sohc_init_2": 79.99926153954974,
    "sohc_init_3": 79.99926153954974,
    "sohc_init_4": 79.99926153954974,
    "sohc_init_5": 79.99926153954974,
    "sohc_init_6": 79.99926153954974,
    "sohc_init_7": 79.99926153954974,
    "sohc_init_8": 79.99926153954974,
    "sohc_init_9": 79.99926153954974,
    "sohc_init_10": 79.99926153954974,
    "sohc_init_11": 79.99926153954974,
    "sohc_init_12": 79.99926153954974,
    "sohc_init_13": 79.99926153954974,
    "sohc_init_14": 79.99926153954974,
    "sohr_init_1": 1.3343630718849282,
    "sohr_init_2": 1.3343630718849282,
    "sohr_init_3": 1.3343630718849282,
    "sohr_init_4": 1.3343630718849282,
    "sohr_init_5": 1.3343630718849282,
    "sohr_init_6": 1.3343630718849282,
    "sohr_init_7": 1.3343630718849282,
    "sohr_init_8": 1.3343630718849282,
    "sohr_init_9": 1.3343630718849282,
    "sohr_init_10": 1.3343630718849282,
    "sohr_init_11": 1.3343630718849282,
    "sohr_init_12": 1.3343630718849282,
    "sohr_init_13": 1.3343630718849282,
    "sohr_init_14": 1.3343630718849282,
    "soc_init_1": 54.34296433693091,
    "soc_init_2": 54.34296433693091,
    "soc_init_3": 54.34296433693091,
    "soc_init_4": 54.34296433693091,
    "soc_init_5": 54.34296433693091,
    "soc_init_6": 54.34296433693091,
    "soc_init_7": 54.34296433693091,
    "soc_init_8": 54.34296433693091,
    "soc_init_9": 54.34296433693091,
    "soc_init_10": 54.34296433693091,
    "soc_init_11": 54.34296433693091,
    "soc_init_12": 54.34296433693091,
    "soc_init_13": 54.34296433693091,
    "soc_init_14": 54.34296433693091,
    "cost": 1.4794347461640724,
    "device": "bPB00055",
    "cycle_start_time": "2021-11-06T21:39:19+00:00"
}