{
    "soc_min": 2,
    "soc_max": 98,
    "r1": 0.0021540402514380603,
    "c1": 100219.80030068813,
    "ir_a": 0.0022594209659405093,
    "ir_b": 0.19171581868857882,
    "ir_c": 0.0012537916494259132,
    "ir_d": 0.04049862757392885,
    "ir_e": 0.8412759071667876,
    "no_cells": 14,
    "cell_temp_init": 36.00133419092126,
    "amb_temp_celsius": 28.00079991469354,
    "bat_cell_cap": 66.0,
    "sohc_init_1": 50.97276992553229,
    "sohc_init_2": 50.97276992553229,
    "sohc_init_3": 50.97276992553229,
    "sohc_init_4": 50.97276992553229,
    "sohc_init_5": 50.97276992553229,
    "sohc_init_6": 50.97276992553229,
    "sohc_init_7": 50.97276992553229,
    "sohc_init_8": 50.97276992553229,
    "sohc_init_9": 50.97276992553229,
    "sohc_init_10": 50.97276992553229,
    "sohc_init_11": 50.97276992553229,
    "sohc_init_12": 50.97276992553229,
    "sohc_init_13": 50.97276992553229,
    "sohc_init_14": 50.97276992553229,
    "sohr_init_1": 1.6379857079082751,
    "sohr_init_2": 1.6379857079082751,
    "sohr_init_3": 1.6379857079082751,
    "sohr_init_4": 1.6379857079082751,
    "sohr_init_5": 1.6379857079082751,
    "sohr_init_6": 1.6379857079082751,
    "sohr_init_7": 1.6379857079082751,
    "sohr_init_8": 1.6379857079082751,
    "sohr_init_9": 1.6379857079082751,
    "sohr_init_10": 1.6379857079082751,
    "sohr_init_11": 1.6379857079082751,
    "sohr_init_12": 1.6379857079082751,
    "sohr_init_13": 1.6379857079082751,
    "sohr_init_14": 1.6379857079082751,
    "soc_init_1": 24.09051693156045,
    "soc_init_2": 24.09051693156045,
    "soc_init_3": 24.09051693156045,
    "soc_init_4": 24.09051693156045,
    "soc_init_5": 24.09051693156045,
    "soc_init_6": 24.09051693156045,
    "soc_init_7": 24.09051693156045,
    "soc_init_8": 24.09051693156045,
    "soc_init_9": 24.09051693156045,
    "soc_init_10": 24.09051693156045,
    "soc_init_11": 24.09051693156045,
    "soc_init_12": 24.09051693156045,
    "soc_init_13": 24.09051693156045,
    "soc_init_14": 24.09051693156045,
    "cost": 0.5332351773802682,
    "device": "bPB00055",
    "cycle_start_time": "2022-11-01T02:57:04+00:00"
}