{
    "soc_min": 2,
    "soc_max": 98,
    "r1": 0.0010043194362270665,
    "c1": 239467.87863943767,
    "ir_a": 0.004731186196313301,
    "ir_b": 0.17269604207789205,
    "ir_c": 0.0016661207494394386,
    "ir_d": 0.016115024101398957,
    "ir_e": 0.7555692498845424,
    "no_cells": 14,
    "cell_temp_init": 36.000442108922854,
    "amb_temp_celsius": 28.00239662677899,
    "bat_cell_cap": 66.0,
    "sohc_init_1": 48.95105527017824,
    "sohc_init_2": 48.95105527017824,
    "sohc_init_3": 48.95105527017824,
    "sohc_init_4": 48.95105527017824,
    "sohc_init_5": 48.95105527017824,
    "sohc_init_6": 48.95105527017824,
    "sohc_init_7": 48.95105527017824,
    "sohc_init_8": 48.95105527017824,
    "sohc_init_9": 48.95105527017824,
    "sohc_init_10": 48.95105527017824,
    "sohc_init_11": 48.95105527017824,
    "sohc_init_12": 48.95105527017824,
    "sohc_init_13": 48.95105527017824,
    "sohc_init_14": 48.95105527017824,
    "sohr_init_1": 1.870572292085534,
    "sohr_init_2": 1.870572292085534,
    "sohr_init_3": 1.870572292085534,
    "sohr_init_4": 1.870572292085534,
    "sohr_init_5": 1.870572292085534,
    "sohr_init_6": 1.870572292085534,
    "sohr_init_7": 1.870572292085534,
    "sohr_init_8": 1.870572292085534,
    "sohr_init_9": 1.870572292085534,
    "sohr_init_10": 1.870572292085534,
    "sohr_init_11": 1.870572292085534,
    "sohr_init_12": 1.870572292085534,
    "sohr_init_13": 1.870572292085534,
    "sohr_init_14": 1.870572292085534,
    "soc_init_1": 26.632998791869806,
    "soc_init_2": 26.632998791869806,
    "soc_init_3": 26.632998791869806,
    "soc_init_4": 26.632998791869806,
    "soc_init_5": 26.632998791869806,
    "soc_init_6": 26.632998791869806,
    "soc_init_7": 26.632998791869806,
    "soc_init_8": 26.632998791869806,
    "soc_init_9": 26.632998791869806,
    "soc_init_10": 26.632998791869806,
    "soc_init_11": 26.632998791869806,
    "soc_init_12": 26.632998791869806,
    "soc_init_13": 26.632998791869806,
    "soc_init_14": 26.632998791869806,
    "cost": 0.5705698027475546,
    "device": "bPB00055",
    "cycle_start_time": "2022-11-14T04:49:23+00:00"
}