{
    "soc_min": 2,
    "soc_max": 98,
    "r1": 0.0007272430943564191,
    "c1": 575235.3282943622,
    "ir_a": 0.0003193280802035626,
    "ir_b": 0.12297484226254018,
    "ir_c": 0.0015776196907231594,
    "ir_d": 0.08219868312248188,
    "ir_e": 0.25291629435393104,
    "no_cells": 14,
    "cell_temp_init": 36.00011108389484,
    "amb_temp_celsius": 28.000163078657128,
    "bat_cell_cap": 66.0,
    "sohc_init_1": 49.99965832272797,
    "sohc_init_2": 49.99965832272797,
    "sohc_init_3": 49.99965832272797,
    "sohc_init_4": 49.99965832272797,
    "sohc_init_5": 49.99965832272797,
    "sohc_init_6": 49.99965832272797,
    "sohc_init_7": 49.99965832272797,
    "sohc_init_8": 49.99965832272797,
    "sohc_init_9": 49.99965832272797,
    "sohc_init_10": 49.99965832272797,
    "sohc_init_11": 49.99965832272797,
    "sohc_init_12": 49.99965832272797,
    "sohc_init_13": 49.99965832272797,
    "sohc_init_14": 49.99965832272797,
    "sohr_init_1": 2.164029374897808,
    "sohr_init_2": 2.164029374897808,
    "sohr_init_3": 2.164029374897808,
    "sohr_init_4": 2.164029374897808,
    "sohr_init_5": 2.164029374897808,
    "sohr_init_6": 2.164029374897808,
    "sohr_init_7": 2.164029374897808,
    "sohr_init_8": 2.164029374897808,
    "sohr_init_9": 2.164029374897808,
    "sohr_init_10": 2.164029374897808,
    "sohr_init_11": 2.164029374897808,
    "sohr_init_12": 2.164029374897808,
    "sohr_init_13": 2.164029374897808,
    "sohr_init_14": 2.164029374897808,
    "soc_init_1": 23.7672721029356,
    "soc_init_2": 23.7672721029356,
    "soc_init_3": 23.7672721029356,
    "soc_init_4": 23.7672721029356,
    "soc_init_5": 23.7672721029356,
    "soc_init_6": 23.7672721029356,
    "soc_init_7": 23.7672721029356,
    "soc_init_8": 23.7672721029356,
    "soc_init_9": 23.7672721029356,
    "soc_init_10": 23.7672721029356,
    "soc_init_11": 23.7672721029356,
    "soc_init_12": 23.7672721029356,
    "soc_init_13": 23.7672721029356,
    "soc_init_14": 23.7672721029356,
    "cost": 0.5388115895338852,
    "device": "bPB00055",
    "cycle_start_time": "2022-11-02T16:38:16+00:00"
}