{
    "soc_min": 2,
    "soc_max": 98,
    "r1": 0.009803440574812307,
    "c1": 484859.9371737452,
    "ir_a": 0.0008205939217680811,
    "ir_b": 0.147094862928642,
    "ir_c": 0.0018231170914305393,
    "ir_d": 0.010277295131591615,
    "ir_e": 0.26522473072385666,
    "no_cells": 14,
    "cell_temp_init": 42.160853976289914,
    "amb_temp_celsius": 34.02481018637698,
    "bat_cell_cap": 66.0,
    "sohc_init_1": 52.315958990789674,
    "sohc_init_2": 52.315958990789674,
    "sohc_init_3": 52.315958990789674,
    "sohc_init_4": 52.315958990789674,
    "sohc_init_5": 52.315958990789674,
    "sohc_init_6": 52.315958990789674,
    "sohc_init_7": 52.315958990789674,
    "sohc_init_8": 52.315958990789674,
    "sohc_init_9": 52.315958990789674,
    "sohc_init_10": 52.315958990789674,
    "sohc_init_11": 52.315958990789674,
    "sohc_init_12": 52.315958990789674,
    "sohc_init_13": 52.315958990789674,
    "sohc_init_14": 52.315958990789674,
    "sohr_init_1": 1.8330992961267452,
    "sohr_init_2": 1.8330992961267452,
    "sohr_init_3": 1.8330992961267452,
    "sohr_init_4": 1.8330992961267452,
    "sohr_init_5": 1.8330992961267452,
    "sohr_init_6": 1.8330992961267452,
    "sohr_init_7": 1.8330992961267452,
    "sohr_init_8": 1.8330992961267452,
    "sohr_init_9": 1.8330992961267452,
    "sohr_init_10": 1.8330992961267452,
    "sohr_init_11": 1.8330992961267452,
    "sohr_init_12": 1.8330992961267452,
    "sohr_init_13": 1.8330992961267452,
    "sohr_init_14": 1.8330992961267452,
    "soc_init_1": 30.96583876961375,
    "soc_init_2": 30.96583876961375,
    "soc_init_3": 30.96583876961375,
    "soc_init_4": 30.96583876961375,
    "soc_init_5": 30.96583876961375,
    "soc_init_6": 30.96583876961375,
    "soc_init_7": 30.96583876961375,
    "soc_init_8": 30.96583876961375,
    "soc_init_9": 30.96583876961375,
    "soc_init_10": 30.96583876961375,
    "soc_init_11": 30.96583876961375,
    "soc_init_12": 30.96583876961375,
    "soc_init_13": 30.96583876961375,
    "soc_init_14": 30.96583876961375,
    "cost": 1.5689892909406944,
    "device": "bPB00055",
    "cycle_start_time": "2021-11-06T10:53:17+00:00"
}