{
    "soc_min": 2,
    "soc_max": 98,
    "r1": 0.0006420126693931188,
    "c1": 354681.0855123778,
    "ir_a": 0.0029127055115762703,
    "ir_b": 0.19922939824392344,
    "ir_c": 0.0012648653815051146,
    "ir_d": 0.08057989050575996,
    "ir_e": 0.24129186387506074,
    "no_cells": 14,
    "cell_temp_init": 36.00044252332016,
    "amb_temp_celsius": 28.00171375166169,
    "bat_cell_cap": 66.0,
    "sohc_init_1": 49.43800412365814,
    "sohc_init_2": 49.43800412365814,
    "sohc_init_3": 49.43800412365814,
    "sohc_init_4": 49.43800412365814,
    "sohc_init_5": 49.43800412365814,
    "sohc_init_6": 49.43800412365814,
    "sohc_init_7": 49.43800412365814,
    "sohc_init_8": 49.43800412365814,
    "sohc_init_9": 49.43800412365814,
    "sohc_init_10": 49.43800412365814,
    "sohc_init_11": 49.43800412365814,
    "sohc_init_12": 49.43800412365814,
    "sohc_init_13": 49.43800412365814,
    "sohc_init_14": 49.43800412365814,
    "sohr_init_1": 2.7207305146321707,
    "sohr_init_2": 2.7207305146321707,
    "sohr_init_3": 2.7207305146321707,
    "sohr_init_4": 2.7207305146321707,
    "sohr_init_5": 2.7207305146321707,
    "sohr_init_6": 2.7207305146321707,
    "sohr_init_7": 2.7207305146321707,
    "sohr_init_8": 2.7207305146321707,
    "sohr_init_9": 2.7207305146321707,
    "sohr_init_10": 2.7207305146321707,
    "sohr_init_11": 2.7207305146321707,
    "sohr_init_12": 2.7207305146321707,
    "sohr_init_13": 2.7207305146321707,
    "sohr_init_14": 2.7207305146321707,
    "soc_init_1": 24.358625269521774,
    "soc_init_2": 24.358625269521774,
    "soc_init_3": 24.358625269521774,
    "soc_init_4": 24.358625269521774,
    "soc_init_5": 24.358625269521774,
    "soc_init_6": 24.358625269521774,
    "soc_init_7": 24.358625269521774,
    "soc_init_8": 24.358625269521774,
    "soc_init_9": 24.358625269521774,
    "soc_init_10": 24.358625269521774,
    "soc_init_11": 24.358625269521774,
    "soc_init_12": 24.358625269521774,
    "soc_init_13": 24.358625269521774,
    "soc_init_14": 24.358625269521774,
    "cost": 0.5492134226490273,
    "device": "bPB00055",
    "cycle_start_time": "2022-11-03T11:33:15+00:00"
}