{
    "soc_min": 2,
    "soc_max": 98,
    "r1": 0.001032846283898869,
    "c1": 288301.7246470394,
    "ir_a": 0.00673192595940939,
    "ir_b": 0.1895799307861497,
    "ir_c": 0.0014775578541872888,
    "ir_d": 0.02087286524806793,
    "ir_e": 0.05556448154121944,
    "no_cells": 14,
    "cell_temp_init": 37.0003541303913,
    "amb_temp_celsius": 29.000126508141832,
    "bat_cell_cap": 66.0,
    "sohc_init_1": 48.428335308449654,
    "sohc_init_2": 48.428335308449654,
    "sohc_init_3": 48.428335308449654,
    "sohc_init_4": 48.428335308449654,
    "sohc_init_5": 48.428335308449654,
    "sohc_init_6": 48.428335308449654,
    "sohc_init_7": 48.428335308449654,
    "sohc_init_8": 48.428335308449654,
    "sohc_init_9": 48.428335308449654,
    "sohc_init_10": 48.428335308449654,
    "sohc_init_11": 48.428335308449654,
    "sohc_init_12": 48.428335308449654,
    "sohc_init_13": 48.428335308449654,
    "sohc_init_14": 48.428335308449654,
    "sohr_init_1": 1.7841374144814572,
    "sohr_init_2": 1.7841374144814572,
    "sohr_init_3": 1.7841374144814572,
    "sohr_init_4": 1.7841374144814572,
    "sohr_init_5": 1.7841374144814572,
    "sohr_init_6": 1.7841374144814572,
    "sohr_init_7": 1.7841374144814572,
    "sohr_init_8": 1.7841374144814572,
    "sohr_init_9": 1.7841374144814572,
    "sohr_init_10": 1.7841374144814572,
    "sohr_init_11": 1.7841374144814572,
    "sohr_init_12": 1.7841374144814572,
    "sohr_init_13": 1.7841374144814572,
    "sohr_init_14": 1.7841374144814572,
    "soc_init_1": 27.798106906853175,
    "soc_init_2": 27.798106906853175,
    "soc_init_3": 27.798106906853175,
    "soc_init_4": 27.798106906853175,
    "soc_init_5": 27.798106906853175,
    "soc_init_6": 27.798106906853175,
    "soc_init_7": 27.798106906853175,
    "soc_init_8": 27.798106906853175,
    "soc_init_9": 27.798106906853175,
    "soc_init_10": 27.798106906853175,
    "soc_init_11": 27.798106906853175,
    "soc_init_12": 27.798106906853175,
    "soc_init_13": 27.798106906853175,
    "soc_init_14": 27.798106906853175,
    "cost": 0.6269480653418523,
    "device": "bPB00055",
    "cycle_start_time": "2022-11-16T10:42:01+00:00"
}