{
    "soc_min": 2,
    "soc_max": 98,
    "r1": 0.008979146758749975,
    "c1": 423899.8576842533,
    "ir_a": 0.0019785071000166903,
    "ir_b": 0.15485727245901318,
    "ir_c": 0.0014077780012894524,
    "ir_d": 0.013937707551533271,
    "ir_e": 0.5574162345218124,
    "no_cells": 14,
    "cell_temp_init": 41.22886418183753,
    "amb_temp_celsius": 33.64794443773585,
    "bat_cell_cap": 66.0,
    "sohc_init_1": 48.383477603075065,
    "sohc_init_2": 48.383477603075065,
    "sohc_init_3": 48.383477603075065,
    "sohc_init_4": 48.383477603075065,
    "sohc_init_5": 48.383477603075065,
    "sohc_init_6": 48.383477603075065,
    "sohc_init_7": 48.383477603075065,
    "sohc_init_8": 48.383477603075065,
    "sohc_init_9": 48.383477603075065,
    "sohc_init_10": 48.383477603075065,
    "sohc_init_11": 48.383477603075065,
    "sohc_init_12": 48.383477603075065,
    "sohc_init_13": 48.383477603075065,
    "sohc_init_14": 48.383477603075065,
    "sohr_init_1": 2.860127359336178,
    "sohr_init_2": 2.860127359336178,
    "sohr_init_3": 2.860127359336178,
    "sohr_init_4": 2.860127359336178,
    "sohr_init_5": 2.860127359336178,
    "sohr_init_6": 2.860127359336178,
    "sohr_init_7": 2.860127359336178,
    "sohr_init_8": 2.860127359336178,
    "sohr_init_9": 2.860127359336178,
    "sohr_init_10": 2.860127359336178,
    "sohr_init_11": 2.860127359336178,
    "sohr_init_12": 2.860127359336178,
    "sohr_init_13": 2.860127359336178,
    "sohr_init_14": 2.860127359336178,
    "soc_init_1": 22.237823036239988,
    "soc_init_2": 22.237823036239988,
    "soc_init_3": 22.237823036239988,
    "soc_init_4": 22.237823036239988,
    "soc_init_5": 22.237823036239988,
    "soc_init_6": 22.237823036239988,
    "soc_init_7": 22.237823036239988,
    "soc_init_8": 22.237823036239988,
    "soc_init_9": 22.237823036239988,
    "soc_init_10": 22.237823036239988,
    "soc_init_11": 22.237823036239988,
    "soc_init_12": 22.237823036239988,
    "soc_init_13": 22.237823036239988,
    "soc_init_14": 22.237823036239988,
    "cost": 1.4488225332977245,
    "device": "bPB00055",
    "cycle_start_time": "2021-11-06T03:44:39+00:00"
}