{
    "soc_min": 2,
    "soc_max": 98,
    "r1": 0.0015973855675615572,
    "c1": 584229.267755963,
    "ir_a": 0.009095213392857711,
    "ir_b": 0.1977528877915879,
    "ir_c": 0.0006382944118469533,
    "ir_d": 0.060124425972380574,
    "ir_e": 0.6855125665441018,
    "no_cells": 14,
    "cell_temp_init": 41.98734162288552,
    "amb_temp_celsius": 34.972691134713486,
    "bat_cell_cap": 66.0,
    "sohc_init_1": 52.09433820641554,
    "sohc_init_2": 52.09433820641554,
    "sohc_init_3": 52.09433820641554,
    "sohc_init_4": 52.09433820641554,
    "sohc_init_5": 52.09433820641554,
    "sohc_init_6": 52.09433820641554,
    "sohc_init_7": 52.09433820641554,
    "sohc_init_8": 52.09433820641554,
    "sohc_init_9": 52.09433820641554,
    "sohc_init_10": 52.09433820641554,
    "sohc_init_11": 52.09433820641554,
    "sohc_init_12": 52.09433820641554,
    "sohc_init_13": 52.09433820641554,
    "sohc_init_14": 52.09433820641554,
    "sohr_init_1": 1.9945019428060338,
    "sohr_init_2": 1.9945019428060338,
    "sohr_init_3": 1.9945019428060338,
    "sohr_init_4": 1.9945019428060338,
    "sohr_init_5": 1.9945019428060338,
    "sohr_init_6": 1.9945019428060338,
    "sohr_init_7": 1.9945019428060338,
    "sohr_init_8": 1.9945019428060338,
    "sohr_init_9": 1.9945019428060338,
    "sohr_init_10": 1.9945019428060338,
    "sohr_init_11": 1.9945019428060338,
    "sohr_init_12": 1.9945019428060338,
    "sohr_init_13": 1.9945019428060338,
    "sohr_init_14": 1.9945019428060338,
    "soc_init_1": 29.43671359654692,
    "soc_init_2": 29.43671359654692,
    "soc_init_3": 29.43671359654692,
    "soc_init_4": 29.43671359654692,
    "soc_init_5": 29.43671359654692,
    "soc_init_6": 29.43671359654692,
    "soc_init_7": 29.43671359654692,
    "soc_init_8": 29.43671359654692,
    "soc_init_9": 29.43671359654692,
    "soc_init_10": 29.43671359654692,
    "soc_init_11": 29.43671359654692,
    "soc_init_12": 29.43671359654692,
    "soc_init_13": 29.43671359654692,
    "soc_init_14": 29.43671359654692,
    "cost": 0.6508438376635803,
    "device": "bPB00055",
    "cycle_start_time": "2022-08-17T17:39:05+00:00"
}