{
    "soc_min": 2,
    "soc_max": 98,
    "r1": 0.011156546480869453,
    "c1": 530960.9913011084,
    "ir_a": 0.00883514343998861,
    "ir_b": 0.08325869567691899,
    "ir_c": 0.002563636655336569,
    "ir_d": 0.09999033580333899,
    "ir_e": 0.9999752660782021,
    "no_cells": 14,
    "cell_temp_init": 37.033301119398764,
    "amb_temp_celsius": 30.46906276598274,
    "bat_cell_cap": 66.0,
    "sohc_init_1": 45.23342804790162,
    "sohc_init_2": 45.23342804790162,
    "sohc_init_3": 45.23342804790162,
    "sohc_init_4": 45.23342804790162,
    "sohc_init_5": 45.23342804790162,
    "sohc_init_6": 45.23342804790162,
    "sohc_init_7": 45.23342804790162,
    "sohc_init_8": 45.23342804790162,
    "sohc_init_9": 45.23342804790162,
    "sohc_init_10": 45.23342804790162,
    "sohc_init_11": 45.23342804790162,
    "sohc_init_12": 45.23342804790162,
    "sohc_init_13": 45.23342804790162,
    "sohc_init_14": 45.23342804790162,
    "sohr_init_1": 2.9993741197040737,
    "sohr_init_2": 2.9993741197040737,
    "sohr_init_3": 2.9993741197040737,
    "sohr_init_4": 2.9993741197040737,
    "sohr_init_5": 2.9993741197040737,
    "sohr_init_6": 2.9993741197040737,
    "sohr_init_7": 2.9993741197040737,
    "sohr_init_8": 2.9993741197040737,
    "sohr_init_9": 2.9993741197040737,
    "sohr_init_10": 2.9993741197040737,
    "sohr_init_11": 2.9993741197040737,
    "sohr_init_12": 2.9993741197040737,
    "sohr_init_13": 2.9993741197040737,
    "sohr_init_14": 2.9993741197040737,
    "soc_init_1": 4.127038280154407,
    "soc_init_2": 4.127038280154407,
    "soc_init_3": 4.127038280154407,
    "soc_init_4": 4.127038280154407,
    "soc_init_5": 4.127038280154407,
    "soc_init_6": 4.127038280154407,
    "soc_init_7": 4.127038280154407,
    "soc_init_8": 4.127038280154407,
    "soc_init_9": 4.127038280154407,
    "soc_init_10": 4.127038280154407,
    "soc_init_11": 4.127038280154407,
    "soc_init_12": 4.127038280154407,
    "soc_init_13": 4.127038280154407,
    "soc_init_14": 4.127038280154407,
    "cost": 1.113707991506859,
    "device": "bPB00055",
    "cycle_start_time": "2021-09-29T20:02:10+00:00"
}