{
    "soc_min": 2,
    "soc_max": 98,
    "r1": 0.009336893126781322,
    "c1": 1566836.71008362,
    "ir_a": 0.0012135361324639461,
    "ir_b": 0.10831368037706653,
    "ir_c": 0.00011202149952067431,
    "ir_d": 0.09999483264978605,
    "ir_e": 0.9990782741032735,
    "no_cells": 14,
    "cell_temp_init": 36.2385451652025,
    "amb_temp_celsius": 30.47109182221611,
    "bat_cell_cap": 66.0,
    "sohc_init_1": 67.13571907553651,
    "sohc_init_2": 67.13571907553651,
    "sohc_init_3": 67.13571907553651,
    "sohc_init_4": 67.13571907553651,
    "sohc_init_5": 67.13571907553651,
    "sohc_init_6": 67.13571907553651,
    "sohc_init_7": 67.13571907553651,
    "sohc_init_8": 67.13571907553651,
    "sohc_init_9": 67.13571907553651,
    "sohc_init_10": 67.13571907553651,
    "sohc_init_11": 67.13571907553651,
    "sohc_init_12": 67.13571907553651,
    "sohc_init_13": 67.13571907553651,
    "sohc_init_14": 67.13571907553651,
    "sohr_init_1": 2.9665158717599365,
    "sohr_init_2": 2.9665158717599365,
    "sohr_init_3": 2.9665158717599365,
    "sohr_init_4": 2.9665158717599365,
    "sohr_init_5": 2.9665158717599365,
    "sohr_init_6": 2.9665158717599365,
    "sohr_init_7": 2.9665158717599365,
    "sohr_init_8": 2.9665158717599365,
    "sohr_init_9": 2.9665158717599365,
    "sohr_init_10": 2.9665158717599365,
    "sohr_init_11": 2.9665158717599365,
    "sohr_init_12": 2.9665158717599365,
    "sohr_init_13": 2.9665158717599365,
    "sohr_init_14": 2.9665158717599365,
    "soc_init_1": 8.067186931586441,
    "soc_init_2": 8.067186931586441,
    "soc_init_3": 8.067186931586441,
    "soc_init_4": 8.067186931586441,
    "soc_init_5": 8.067186931586441,
    "soc_init_6": 8.067186931586441,
    "soc_init_7": 8.067186931586441,
    "soc_init_8": 8.067186931586441,
    "soc_init_9": 8.067186931586441,
    "soc_init_10": 8.067186931586441,
    "soc_init_11": 8.067186931586441,
    "soc_init_12": 8.067186931586441,
    "soc_init_13": 8.067186931586441,
    "soc_init_14": 8.067186931586441,
    "cost": 0.5437293056272527,
    "device": "bPB00055",
    "cycle_start_time": "2021-10-27T05:05:27+00:00"
}