{
    "soc_min": 2,
    "soc_max": 98,
    "r1": 0.012809627215427959,
    "c1": 1998652.2993883519,
    "ir_a": 0.00035132114089276065,
    "ir_b": 0.18949495115892698,
    "ir_c": 0.0023551238356239075,
    "ir_d": 0.06978946195668279,
    "ir_e": 0.09316652016072985,
    "no_cells": 14,
    "cell_temp_init": 36.0000385479604,
    "amb_temp_celsius": 28.000715301083268,
    "bat_cell_cap": 66.0,
    "sohc_init_1": 54.91622129880295,
    "sohc_init_2": 54.91622129880295,
    "sohc_init_3": 54.91622129880295,
    "sohc_init_4": 54.91622129880295,
    "sohc_init_5": 54.91622129880295,
    "sohc_init_6": 54.91622129880295,
    "sohc_init_7": 54.91622129880295,
    "sohc_init_8": 54.91622129880295,
    "sohc_init_9": 54.91622129880295,
    "sohc_init_10": 54.91622129880295,
    "sohc_init_11": 54.91622129880295,
    "sohc_init_12": 54.91622129880295,
    "sohc_init_13": 54.91622129880295,
    "sohc_init_14": 54.91622129880295,
    "sohr_init_1": 1.6384861601624996,
    "sohr_init_2": 1.6384861601624996,
    "sohr_init_3": 1.6384861601624996,
    "sohr_init_4": 1.6384861601624996,
    "sohr_init_5": 1.6384861601624996,
    "sohr_init_6": 1.6384861601624996,
    "sohr_init_7": 1.6384861601624996,
    "sohr_init_8": 1.6384861601624996,
    "sohr_init_9": 1.6384861601624996,
    "sohr_init_10": 1.6384861601624996,
    "sohr_init_11": 1.6384861601624996,
    "sohr_init_12": 1.6384861601624996,
    "sohr_init_13": 1.6384861601624996,
    "sohr_init_14": 1.6384861601624996,
    "soc_init_1": 26.204033401278785,
    "soc_init_2": 26.204033401278785,
    "soc_init_3": 26.204033401278785,
    "soc_init_4": 26.204033401278785,
    "soc_init_5": 26.204033401278785,
    "soc_init_6": 26.204033401278785,
    "soc_init_7": 26.204033401278785,
    "soc_init_8": 26.204033401278785,
    "soc_init_9": 26.204033401278785,
    "soc_init_10": 26.204033401278785,
    "soc_init_11": 26.204033401278785,
    "soc_init_12": 26.204033401278785,
    "soc_init_13": 26.204033401278785,
    "soc_init_14": 26.204033401278785,
    "cost": 0.575797815722057,
    "device": "bPB00055",
    "cycle_start_time": "2022-11-12T18:31:16+00:00"
}