{
    "soc_min": 2,
    "soc_max": 98,
    "r1": 0.0012677774144032616,
    "c1": 138910.1545882748,
    "ir_a": 0.00012480752535988613,
    "ir_b": 0.16193522290021614,
    "ir_c": 0.0019225123949089262,
    "ir_d": 0.03898163334728345,
    "ir_e": 0.21591349883946528,
    "no_cells": 14,
    "cell_temp_init": 36.00057701143159,
    "amb_temp_celsius": 28.001531171878018,
    "bat_cell_cap": 66.0,
    "sohc_init_1": 49.41301444670666,
    "sohc_init_2": 49.41301444670666,
    "sohc_init_3": 49.41301444670666,
    "sohc_init_4": 49.41301444670666,
    "sohc_init_5": 49.41301444670666,
    "sohc_init_6": 49.41301444670666,
    "sohc_init_7": 49.41301444670666,
    "sohc_init_8": 49.41301444670666,
    "sohc_init_9": 49.41301444670666,
    "sohc_init_10": 49.41301444670666,
    "sohc_init_11": 49.41301444670666,
    "sohc_init_12": 49.41301444670666,
    "sohc_init_13": 49.41301444670666,
    "sohc_init_14": 49.41301444670666,
    "sohr_init_1": 1.4993373628133282,
    "sohr_init_2": 1.4993373628133282,
    "sohr_init_3": 1.4993373628133282,
    "sohr_init_4": 1.4993373628133282,
    "sohr_init_5": 1.4993373628133282,
    "sohr_init_6": 1.4993373628133282,
    "sohr_init_7": 1.4993373628133282,
    "sohr_init_8": 1.4993373628133282,
    "sohr_init_9": 1.4993373628133282,
    "sohr_init_10": 1.4993373628133282,
    "sohr_init_11": 1.4993373628133282,
    "sohr_init_12": 1.4993373628133282,
    "sohr_init_13": 1.4993373628133282,
    "sohr_init_14": 1.4993373628133282,
    "soc_init_1": 23.98304524972187,
    "soc_init_2": 23.98304524972187,
    "soc_init_3": 23.98304524972187,
    "soc_init_4": 23.98304524972187,
    "soc_init_5": 23.98304524972187,
    "soc_init_6": 23.98304524972187,
    "soc_init_7": 23.98304524972187,
    "soc_init_8": 23.98304524972187,
    "soc_init_9": 23.98304524972187,
    "soc_init_10": 23.98304524972187,
    "soc_init_11": 23.98304524972187,
    "soc_init_12": 23.98304524972187,
    "soc_init_13": 23.98304524972187,
    "soc_init_14": 23.98304524972187,
    "cost": 0.5590074337615629,
    "device": "bPB00055",
    "cycle_start_time": "2022-11-05T13:03:00+00:00"
}