{
    "soc_min": 2,
    "soc_max": 98,
    "r1": 0.0007523784815660956,
    "c1": 264712.46428829455,
    "ir_a": 0.0009729040652379415,
    "ir_b": 0.1466090784718603,
    "ir_c": 0.0012085549088129452,
    "ir_d": 0.06016347824535384,
    "ir_e": 0.6903950575125424,
    "no_cells": 14,
    "cell_temp_init": 36.000175751833495,
    "amb_temp_celsius": 28.00071390044207,
    "bat_cell_cap": 66.0,
    "sohc_init_1": 49.87818916209222,
    "sohc_init_2": 49.87818916209222,
    "sohc_init_3": 49.87818916209222,
    "sohc_init_4": 49.87818916209222,
    "sohc_init_5": 49.87818916209222,
    "sohc_init_6": 49.87818916209222,
    "sohc_init_7": 49.87818916209222,
    "sohc_init_8": 49.87818916209222,
    "sohc_init_9": 49.87818916209222,
    "sohc_init_10": 49.87818916209222,
    "sohc_init_11": 49.87818916209222,
    "sohc_init_12": 49.87818916209222,
    "sohc_init_13": 49.87818916209222,
    "sohc_init_14": 49.87818916209222,
    "sohr_init_1": 2.7430714508906107,
    "sohr_init_2": 2.7430714508906107,
    "sohr_init_3": 2.7430714508906107,
    "sohr_init_4": 2.7430714508906107,
    "sohr_init_5": 2.7430714508906107,
    "sohr_init_6": 2.7430714508906107,
    "sohr_init_7": 2.7430714508906107,
    "sohr_init_8": 2.7430714508906107,
    "sohr_init_9": 2.7430714508906107,
    "sohr_init_10": 2.7430714508906107,
    "sohr_init_11": 2.7430714508906107,
    "sohr_init_12": 2.7430714508906107,
    "sohr_init_13": 2.7430714508906107,
    "sohr_init_14": 2.7430714508906107,
    "soc_init_1": 23.484378833427026,
    "soc_init_2": 23.484378833427026,
    "soc_init_3": 23.484378833427026,
    "soc_init_4": 23.484378833427026,
    "soc_init_5": 23.484378833427026,
    "soc_init_6": 23.484378833427026,
    "soc_init_7": 23.484378833427026,
    "soc_init_8": 23.484378833427026,
    "soc_init_9": 23.484378833427026,
    "soc_init_10": 23.484378833427026,
    "soc_init_11": 23.484378833427026,
    "soc_init_12": 23.484378833427026,
    "soc_init_13": 23.484378833427026,
    "soc_init_14": 23.484378833427026,
    "cost": 0.4945631424289287,
    "device": "bPB00055",
    "cycle_start_time": "2022-11-01T21:49:47+00:00"
}