{
    "soc_min": 2,
    "soc_max": 98,
    "r1": 0.0001716324144231261,
    "c1": 1818732.8654680366,
    "ir_a": 0.0026948697343134793,
    "ir_b": 0.13847299004103145,
    "ir_c": 0.003155704519992038,
    "ir_d": 0.09954577964485045,
    "ir_e": 0.9987073697917626,
    "no_cells": 14,
    "cell_temp_init": 36.00003543852966,
    "amb_temp_celsius": 42.00478129824908,
    "bat_cell_cap": 66.0,
    "sohc_init_1": 45.206077954545464,
    "sohc_init_2": 45.206077954545464,
    "sohc_init_3": 45.206077954545464,
    "sohc_init_4": 45.206077954545464,
    "sohc_init_5": 45.206077954545464,
    "sohc_init_6": 45.206077954545464,
    "sohc_init_7": 45.206077954545464,
    "sohc_init_8": 45.206077954545464,
    "sohc_init_9": 45.206077954545464,
    "sohc_init_10": 45.206077954545464,
    "sohc_init_11": 45.206077954545464,
    "sohc_init_12": 45.206077954545464,
    "sohc_init_13": 45.206077954545464,
    "sohc_init_14": 45.206077954545464,
    "sohr_init_1": 1.789018455515059,
    "sohr_init_2": 1.789018455515059,
    "sohr_init_3": 1.789018455515059,
    "sohr_init_4": 1.789018455515059,
    "sohr_init_5": 1.789018455515059,
    "sohr_init_6": 1.789018455515059,
    "sohr_init_7": 1.789018455515059,
    "sohr_init_8": 1.789018455515059,
    "sohr_init_9": 1.789018455515059,
    "sohr_init_10": 1.789018455515059,
    "sohr_init_11": 1.789018455515059,
    "sohr_init_12": 1.789018455515059,
    "sohr_init_13": 1.789018455515059,
    "sohr_init_14": 1.789018455515059,
    "soc_init_1": 8.943446811777589,
    "soc_init_2": 8.943446811777589,
    "soc_init_3": 8.943446811777589,
    "soc_init_4": 8.943446811777589,
    "soc_init_5": 8.943446811777589,
    "soc_init_6": 8.943446811777589,
    "soc_init_7": 8.943446811777589,
    "soc_init_8": 8.943446811777589,
    "soc_init_9": 8.943446811777589,
    "soc_init_10": 8.943446811777589,
    "soc_init_11": 8.943446811777589,
    "soc_init_12": 8.943446811777589,
    "soc_init_13": 8.943446811777589,
    "soc_init_14": 8.943446811777589,
    "cost": 1.3248466397067553,
    "device": "bPB00055",
    "cycle_start_time": "2021-09-02T05:46:11+00:00"
}