{
    "soc_min": 2,
    "soc_max": 98,
    "r1": 0.0009119832864769649,
    "c1": 283497.2732841926,
    "ir_a": 0.0002981645865626931,
    "ir_b": 0.19975084047926317,
    "ir_c": 0.001605672143053426,
    "ir_d": 0.037341545822530256,
    "ir_e": 0.7202029014566708,
    "no_cells": 14,
    "cell_temp_init": 36.00001211942641,
    "amb_temp_celsius": 28.000511175955772,
    "bat_cell_cap": 66.0,
    "sohc_init_1": 48.743340760081566,
    "sohc_init_2": 48.743340760081566,
    "sohc_init_3": 48.743340760081566,
    "sohc_init_4": 48.743340760081566,
    "sohc_init_5": 48.743340760081566,
    "sohc_init_6": 48.743340760081566,
    "sohc_init_7": 48.743340760081566,
    "sohc_init_8": 48.743340760081566,
    "sohc_init_9": 48.743340760081566,
    "sohc_init_10": 48.743340760081566,
    "sohc_init_11": 48.743340760081566,
    "sohc_init_12": 48.743340760081566,
    "sohc_init_13": 48.743340760081566,
    "sohc_init_14": 48.743340760081566,
    "sohr_init_1": 2.0092835581397352,
    "sohr_init_2": 2.0092835581397352,
    "sohr_init_3": 2.0092835581397352,
    "sohr_init_4": 2.0092835581397352,
    "sohr_init_5": 2.0092835581397352,
    "sohr_init_6": 2.0092835581397352,
    "sohr_init_7": 2.0092835581397352,
    "sohr_init_8": 2.0092835581397352,
    "sohr_init_9": 2.0092835581397352,
    "sohr_init_10": 2.0092835581397352,
    "sohr_init_11": 2.0092835581397352,
    "sohr_init_12": 2.0092835581397352,
    "sohr_init_13": 2.0092835581397352,
    "sohr_init_14": 2.0092835581397352,
    "soc_init_1": 26.34761257842263,
    "soc_init_2": 26.34761257842263,
    "soc_init_3": 26.34761257842263,
    "soc_init_4": 26.34761257842263,
    "soc_init_5": 26.34761257842263,
    "soc_init_6": 26.34761257842263,
    "soc_init_7": 26.34761257842263,
    "soc_init_8": 26.34761257842263,
    "soc_init_9": 26.34761257842263,
    "soc_init_10": 26.34761257842263,
    "soc_init_11": 26.34761257842263,
    "soc_init_12": 26.34761257842263,
    "soc_init_13": 26.34761257842263,
    "soc_init_14": 26.34761257842263,
    "cost": 0.5562707514126288,
    "device": "bPB00055",
    "cycle_start_time": "2022-11-15T11:37:33+00:00"
}