{
    "soc_min": 2,
    "soc_max": 98,
    "r1": 0.0004173372417840607,
    "c1": 1989033.649699759,
    "ir_a": 0.008185139885339695,
    "ir_b": 0.04364863257236822,
    "ir_c": 1.3018129740915065e-05,
    "ir_d": 0.01370523192474039,
    "ir_e": 0.49212102261526275,
    "no_cells": 14,
    "cell_temp_init": 45.45733588904311,
    "amb_temp_celsius": 34.00108352208527,
    "bat_cell_cap": 66.0,
    "sohc_init_1": 53.43033598286801,
    "sohc_init_2": 53.43033598286801,
    "sohc_init_3": 53.43033598286801,
    "sohc_init_4": 53.43033598286801,
    "sohc_init_5": 53.43033598286801,
    "sohc_init_6": 53.43033598286801,
    "sohc_init_7": 53.43033598286801,
    "sohc_init_8": 53.43033598286801,
    "sohc_init_9": 53.43033598286801,
    "sohc_init_10": 53.43033598286801,
    "sohc_init_11": 53.43033598286801,
    "sohc_init_12": 53.43033598286801,
    "sohc_init_13": 53.43033598286801,
    "sohc_init_14": 53.43033598286801,
    "sohr_init_1": 1.0387527842590076,
    "sohr_init_2": 1.0387527842590076,
    "sohr_init_3": 1.0387527842590076,
    "sohr_init_4": 1.0387527842590076,
    "sohr_init_5": 1.0387527842590076,
    "sohr_init_6": 1.0387527842590076,
    "sohr_init_7": 1.0387527842590076,
    "sohr_init_8": 1.0387527842590076,
    "sohr_init_9": 1.0387527842590076,
    "sohr_init_10": 1.0387527842590076,
    "sohr_init_11": 1.0387527842590076,
    "sohr_init_12": 1.0387527842590076,
    "sohr_init_13": 1.0387527842590076,
    "sohr_init_14": 1.0387527842590076,
    "soc_init_1": 58.48925321169997,
    "soc_init_2": 58.48925321169997,
    "soc_init_3": 58.48925321169997,
    "soc_init_4": 58.48925321169997,
    "soc_init_5": 58.48925321169997,
    "soc_init_6": 58.48925321169997,
    "soc_init_7": 58.48925321169997,
    "soc_init_8": 58.48925321169997,
    "soc_init_9": 58.48925321169997,
    "soc_init_10": 58.48925321169997,
    "soc_init_11": 58.48925321169997,
    "soc_init_12": 58.48925321169997,
    "soc_init_13": 58.48925321169997,
    "soc_init_14": 58.48925321169997,
    "cost": 0.7081078638272648,
    "device": "bPB00055",
    "cycle_start_time": "2022-08-12T01:50:22+00:00"
}