{
    "soc_min": 2,
    "soc_max": 98,
    "r1": 0.0015902842139113255,
    "c1": 316986.4921108463,
    "ir_a": 0.0023602037097962647,
    "ir_b": 0.18530022135824425,
    "ir_c": 0.0010698476939113158,
    "ir_d": 0.08530271467373733,
    "ir_e": 0.06724457136951464,
    "no_cells": 14,
    "cell_temp_init": 36.000224967865236,
    "amb_temp_celsius": 28.001641444297444,
    "bat_cell_cap": 66.0,
    "sohc_init_1": 52.88570645427642,
    "sohc_init_2": 52.88570645427642,
    "sohc_init_3": 52.88570645427642,
    "sohc_init_4": 52.88570645427642,
    "sohc_init_5": 52.88570645427642,
    "sohc_init_6": 52.88570645427642,
    "sohc_init_7": 52.88570645427642,
    "sohc_init_8": 52.88570645427642,
    "sohc_init_9": 52.88570645427642,
    "sohc_init_10": 52.88570645427642,
    "sohc_init_11": 52.88570645427642,
    "sohc_init_12": 52.88570645427642,
    "sohc_init_13": 52.88570645427642,
    "sohc_init_14": 52.88570645427642,
    "sohr_init_1": 2.5242868190241268,
    "sohr_init_2": 2.5242868190241268,
    "sohr_init_3": 2.5242868190241268,
    "sohr_init_4": 2.5242868190241268,
    "sohr_init_5": 2.5242868190241268,
    "sohr_init_6": 2.5242868190241268,
    "sohr_init_7": 2.5242868190241268,
    "sohr_init_8": 2.5242868190241268,
    "sohr_init_9": 2.5242868190241268,
    "sohr_init_10": 2.5242868190241268,
    "sohr_init_11": 2.5242868190241268,
    "sohr_init_12": 2.5242868190241268,
    "sohr_init_13": 2.5242868190241268,
    "sohr_init_14": 2.5242868190241268,
    "soc_init_1": 25.316208001841968,
    "soc_init_2": 25.316208001841968,
    "soc_init_3": 25.316208001841968,
    "soc_init_4": 25.316208001841968,
    "soc_init_5": 25.316208001841968,
    "soc_init_6": 25.316208001841968,
    "soc_init_7": 25.316208001841968,
    "soc_init_8": 25.316208001841968,
    "soc_init_9": 25.316208001841968,
    "soc_init_10": 25.316208001841968,
    "soc_init_11": 25.316208001841968,
    "soc_init_12": 25.316208001841968,
    "soc_init_13": 25.316208001841968,
    "soc_init_14": 25.316208001841968,
    "cost": 0.5320679882975305,
    "device": "bPB00055",
    "cycle_start_time": "2022-10-31T07:56:04+00:00"
}