{
    "soc_min": 2,
    "soc_max": 98,
    "r1": 0.0008295840207281128,
    "c1": 405044.08089211385,
    "ir_a": 0.0034872013708435005,
    "ir_b": 0.18049097324776409,
    "ir_c": 0.0014485659974647028,
    "ir_d": 0.039675318969734606,
    "ir_e": 0.455331624016229,
    "no_cells": 14,
    "cell_temp_init": 36.00015826539279,
    "amb_temp_celsius": 28.002423047228614,
    "bat_cell_cap": 66.0,
    "sohc_init_1": 49.920409267398924,
    "sohc_init_2": 49.920409267398924,
    "sohc_init_3": 49.920409267398924,
    "sohc_init_4": 49.920409267398924,
    "sohc_init_5": 49.920409267398924,
    "sohc_init_6": 49.920409267398924,
    "sohc_init_7": 49.920409267398924,
    "sohc_init_8": 49.920409267398924,
    "sohc_init_9": 49.920409267398924,
    "sohc_init_10": 49.920409267398924,
    "sohc_init_11": 49.920409267398924,
    "sohc_init_12": 49.920409267398924,
    "sohc_init_13": 49.920409267398924,
    "sohc_init_14": 49.920409267398924,
    "sohr_init_1": 2.274477873574532,
    "sohr_init_2": 2.274477873574532,
    "sohr_init_3": 2.274477873574532,
    "sohr_init_4": 2.274477873574532,
    "sohr_init_5": 2.274477873574532,
    "sohr_init_6": 2.274477873574532,
    "sohr_init_7": 2.274477873574532,
    "sohr_init_8": 2.274477873574532,
    "sohr_init_9": 2.274477873574532,
    "sohr_init_10": 2.274477873574532,
    "sohr_init_11": 2.274477873574532,
    "sohr_init_12": 2.274477873574532,
    "sohr_init_13": 2.274477873574532,
    "sohr_init_14": 2.274477873574532,
    "soc_init_1": 24.083583666646053,
    "soc_init_2": 24.083583666646053,
    "soc_init_3": 24.083583666646053,
    "soc_init_4": 24.083583666646053,
    "soc_init_5": 24.083583666646053,
    "soc_init_6": 24.083583666646053,
    "soc_init_7": 24.083583666646053,
    "soc_init_8": 24.083583666646053,
    "soc_init_9": 24.083583666646053,
    "soc_init_10": 24.083583666646053,
    "soc_init_11": 24.083583666646053,
    "soc_init_12": 24.083583666646053,
    "soc_init_13": 24.083583666646053,
    "soc_init_14": 24.083583666646053,
    "cost": 0.5452777128711404,
    "device": "bPB00055",
    "cycle_start_time": "2022-11-02T09:06:14+00:00"
}