{
    "soc_min": 2,
    "soc_max": 98,
    "r1": 0.008450187925523957,
    "c1": 359277.9464150233,
    "ir_a": 0.000169698980628408,
    "ir_b": 0.11148668273602623,
    "ir_c": 0.002171079961972314,
    "ir_d": 0.038224662807924366,
    "ir_e": 0.6334538788533344,
    "no_cells": 14,
    "cell_temp_init": 41.072527886386204,
    "amb_temp_celsius": 33.00334492691223,
    "bat_cell_cap": 66.0,
    "sohc_init_1": 48.76862516251997,
    "sohc_init_2": 48.76862516251997,
    "sohc_init_3": 48.76862516251997,
    "sohc_init_4": 48.76862516251997,
    "sohc_init_5": 48.76862516251997,
    "sohc_init_6": 48.76862516251997,
    "sohc_init_7": 48.76862516251997,
    "sohc_init_8": 48.76862516251997,
    "sohc_init_9": 48.76862516251997,
    "sohc_init_10": 48.76862516251997,
    "sohc_init_11": 48.76862516251997,
    "sohc_init_12": 48.76862516251997,
    "sohc_init_13": 48.76862516251997,
    "sohc_init_14": 48.76862516251997,
    "sohr_init_1": 1.823003880717867,
    "sohr_init_2": 1.823003880717867,
    "sohr_init_3": 1.823003880717867,
    "sohr_init_4": 1.823003880717867,
    "sohr_init_5": 1.823003880717867,
    "sohr_init_6": 1.823003880717867,
    "sohr_init_7": 1.823003880717867,
    "sohr_init_8": 1.823003880717867,
    "sohr_init_9": 1.823003880717867,
    "sohr_init_10": 1.823003880717867,
    "sohr_init_11": 1.823003880717867,
    "sohr_init_12": 1.823003880717867,
    "sohr_init_13": 1.823003880717867,
    "sohr_init_14": 1.823003880717867,
    "soc_init_1": 22.047697763127054,
    "soc_init_2": 22.047697763127054,
    "soc_init_3": 22.047697763127054,
    "soc_init_4": 22.047697763127054,
    "soc_init_5": 22.047697763127054,
    "soc_init_6": 22.047697763127054,
    "soc_init_7": 22.047697763127054,
    "soc_init_8": 22.047697763127054,
    "soc_init_9": 22.047697763127054,
    "soc_init_10": 22.047697763127054,
    "soc_init_11": 22.047697763127054,
    "soc_init_12": 22.047697763127054,
    "soc_init_13": 22.047697763127054,
    "soc_init_14": 22.047697763127054,
    "cost": 1.4420621018409903,
    "device": "bPB00055",
    "cycle_start_time": "2021-11-04T20:13:07+00:00"
}