{
    "soc_min": 2,
    "soc_max": 98,
    "r1": 0.007257823351667446,
    "c1": 528241.017223028,
    "ir_a": 0.00010559091878025324,
    "ir_b": 0.09150364251097198,
    "ir_c": 0.0027577562334487227,
    "ir_d": 0.09999765309805292,
    "ir_e": 0.999998213636314,
    "no_cells": 14,
    "cell_temp_init": 37.00734450794203,
    "amb_temp_celsius": 30.385383910431276,
    "bat_cell_cap": 66.0,
    "sohc_init_1": 47.9600126111088,
    "sohc_init_2": 47.9600126111088,
    "sohc_init_3": 47.9600126111088,
    "sohc_init_4": 47.9600126111088,
    "sohc_init_5": 47.9600126111088,
    "sohc_init_6": 47.9600126111088,
    "sohc_init_7": 47.9600126111088,
    "sohc_init_8": 47.9600126111088,
    "sohc_init_9": 47.9600126111088,
    "sohc_init_10": 47.9600126111088,
    "sohc_init_11": 47.9600126111088,
    "sohc_init_12": 47.9600126111088,
    "sohc_init_13": 47.9600126111088,
    "sohc_init_14": 47.9600126111088,
    "sohr_init_1": 2.999623910371566,
    "sohr_init_2": 2.999623910371566,
    "sohr_init_3": 2.999623910371566,
    "sohr_init_4": 2.999623910371566,
    "sohr_init_5": 2.999623910371566,
    "sohr_init_6": 2.999623910371566,
    "sohr_init_7": 2.999623910371566,
    "sohr_init_8": 2.999623910371566,
    "sohr_init_9": 2.999623910371566,
    "sohr_init_10": 2.999623910371566,
    "sohr_init_11": 2.999623910371566,
    "sohr_init_12": 2.999623910371566,
    "sohr_init_13": 2.999623910371566,
    "sohr_init_14": 2.999623910371566,
    "soc_init_1": 3.0008048320351173,
    "soc_init_2": 3.0008048320351173,
    "soc_init_3": 3.0008048320351173,
    "soc_init_4": 3.0008048320351173,
    "soc_init_5": 3.0008048320351173,
    "soc_init_6": 3.0008048320351173,
    "soc_init_7": 3.0008048320351173,
    "soc_init_8": 3.0008048320351173,
    "soc_init_9": 3.0008048320351173,
    "soc_init_10": 3.0008048320351173,
    "soc_init_11": 3.0008048320351173,
    "soc_init_12": 3.0008048320351173,
    "soc_init_13": 3.0008048320351173,
    "soc_init_14": 3.0008048320351173,
    "cost": 1.0450425719296508,
    "device": "bPB00055",
    "cycle_start_time": "2021-10-02T03:42:28+00:00"
}