{
    "soc_min": 2,
    "soc_max": 98,
    "r1": 0.00909701092918548,
    "c1": 1999541.166214063,
    "ir_a": 0.007565542390216336,
    "ir_b": 0.1742250822109696,
    "ir_c": 0.0012524356744163185,
    "ir_d": 0.010675631786989081,
    "ir_e": 0.011125755205015292,
    "no_cells": 14,
    "cell_temp_init": 37.000397797804396,
    "amb_temp_celsius": 29.00011198204111,
    "bat_cell_cap": 66.0,
    "sohc_init_1": 66.18092227714871,
    "sohc_init_2": 66.18092227714871,
    "sohc_init_3": 66.18092227714871,
    "sohc_init_4": 66.18092227714871,
    "sohc_init_5": 66.18092227714871,
    "sohc_init_6": 66.18092227714871,
    "sohc_init_7": 66.18092227714871,
    "sohc_init_8": 66.18092227714871,
    "sohc_init_9": 66.18092227714871,
    "sohc_init_10": 66.18092227714871,
    "sohc_init_11": 66.18092227714871,
    "sohc_init_12": 66.18092227714871,
    "sohc_init_13": 66.18092227714871,
    "sohc_init_14": 66.18092227714871,
    "sohr_init_1": 1.8004845078179388,
    "sohr_init_2": 1.8004845078179388,
    "sohr_init_3": 1.8004845078179388,
    "sohr_init_4": 1.8004845078179388,
    "sohr_init_5": 1.8004845078179388,
    "sohr_init_6": 1.8004845078179388,
    "sohr_init_7": 1.8004845078179388,
    "sohr_init_8": 1.8004845078179388,
    "sohr_init_9": 1.8004845078179388,
    "sohr_init_10": 1.8004845078179388,
    "sohr_init_11": 1.8004845078179388,
    "sohr_init_12": 1.8004845078179388,
    "sohr_init_13": 1.8004845078179388,
    "sohr_init_14": 1.8004845078179388,
    "soc_init_1": 11.401152644771654,
    "soc_init_2": 11.401152644771654,
    "soc_init_3": 11.401152644771654,
    "soc_init_4": 11.401152644771654,
    "soc_init_5": 11.401152644771654,
    "soc_init_6": 11.401152644771654,
    "soc_init_7": 11.401152644771654,
    "soc_init_8": 11.401152644771654,
    "soc_init_9": 11.401152644771654,
    "soc_init_10": 11.401152644771654,
    "soc_init_11": 11.401152644771654,
    "soc_init_12": 11.401152644771654,
    "soc_init_13": 11.401152644771654,
    "soc_init_14": 11.401152644771654,
    "cost": 0.2736424033712344,
    "device": "bPB00055",
    "cycle_start_time": "2021-11-16T19:03:35+00:00"
}