{
    "soc_min": 2,
    "soc_max": 98,
    "r1": 0.009609072529733562,
    "c1": 457019.54149024875,
    "ir_a": 0.00030634689957879376,
    "ir_b": 0.19985019250389924,
    "ir_c": 0.004204864225832886,
    "ir_d": 0.01027522788223619,
    "ir_e": 0.8878694617979699,
    "no_cells": 14,
    "cell_temp_init": 41.008982875337836,
    "amb_temp_celsius": 33.00790086989468,
    "bat_cell_cap": 66.0,
    "sohc_init_1": 47.188613127257604,
    "sohc_init_2": 47.188613127257604,
    "sohc_init_3": 47.188613127257604,
    "sohc_init_4": 47.188613127257604,
    "sohc_init_5": 47.188613127257604,
    "sohc_init_6": 47.188613127257604,
    "sohc_init_7": 47.188613127257604,
    "sohc_init_8": 47.188613127257604,
    "sohc_init_9": 47.188613127257604,
    "sohc_init_10": 47.188613127257604,
    "sohc_init_11": 47.188613127257604,
    "sohc_init_12": 47.188613127257604,
    "sohc_init_13": 47.188613127257604,
    "sohc_init_14": 47.188613127257604,
    "sohr_init_1": 1.19150136098176,
    "sohr_init_2": 1.19150136098176,
    "sohr_init_3": 1.19150136098176,
    "sohr_init_4": 1.19150136098176,
    "sohr_init_5": 1.19150136098176,
    "sohr_init_6": 1.19150136098176,
    "sohr_init_7": 1.19150136098176,
    "sohr_init_8": 1.19150136098176,
    "sohr_init_9": 1.19150136098176,
    "sohr_init_10": 1.19150136098176,
    "sohr_init_11": 1.19150136098176,
    "sohr_init_12": 1.19150136098176,
    "sohr_init_13": 1.19150136098176,
    "sohr_init_14": 1.19150136098176,
    "soc_init_1": 22.30664973309696,
    "soc_init_2": 22.30664973309696,
    "soc_init_3": 22.30664973309696,
    "soc_init_4": 22.30664973309696,
    "soc_init_5": 22.30664973309696,
    "soc_init_6": 22.30664973309696,
    "soc_init_7": 22.30664973309696,
    "soc_init_8": 22.30664973309696,
    "soc_init_9": 22.30664973309696,
    "soc_init_10": 22.30664973309696,
    "soc_init_11": 22.30664973309696,
    "soc_init_12": 22.30664973309696,
    "soc_init_13": 22.30664973309696,
    "soc_init_14": 22.30664973309696,
    "cost": 1.4270059056886228,
    "device": "bPB00055",
    "cycle_start_time": "2021-11-08T19:42:43+00:00"
}