{
    "soc_min": 2,
    "soc_max": 98,
    "r1": 0.019985997400214724,
    "c1": 1022533.642492413,
    "ir_a": 0.0019607294984368313,
    "ir_b": 0.0350141456969382,
    "ir_c": 0.0071204286096503535,
    "ir_d": 0.09968131216698177,
    "ir_e": 0.9989491611560294,
    "no_cells": 14,
    "cell_temp_init": 42.000194247380854,
    "amb_temp_celsius": 41.38758696294484,
    "bat_cell_cap": 66.0,
    "sohc_init_1": 59.114945337497595,
    "sohc_init_2": 59.114945337497595,
    "sohc_init_3": 59.114945337497595,
    "sohc_init_4": 59.114945337497595,
    "sohc_init_5": 59.114945337497595,
    "sohc_init_6": 59.114945337497595,
    "sohc_init_7": 59.114945337497595,
    "sohc_init_8": 59.114945337497595,
    "sohc_init_9": 59.114945337497595,
    "sohc_init_10": 59.114945337497595,
    "sohc_init_11": 59.114945337497595,
    "sohc_init_12": 59.114945337497595,
    "sohc_init_13": 59.114945337497595,
    "sohc_init_14": 59.114945337497595,
    "sohr_init_1": 1.470792739397372,
    "sohr_init_2": 1.470792739397372,
    "sohr_init_3": 1.470792739397372,
    "sohr_init_4": 1.470792739397372,
    "sohr_init_5": 1.470792739397372,
    "sohr_init_6": 1.470792739397372,
    "sohr_init_7": 1.470792739397372,
    "sohr_init_8": 1.470792739397372,
    "sohr_init_9": 1.470792739397372,
    "sohr_init_10": 1.470792739397372,
    "sohr_init_11": 1.470792739397372,
    "sohr_init_12": 1.470792739397372,
    "sohr_init_13": 1.470792739397372,
    "sohr_init_14": 1.470792739397372,
    "soc_init_1": 5.470964565013116,
    "soc_init_2": 5.470964565013116,
    "soc_init_3": 5.470964565013116,
    "soc_init_4": 5.470964565013116,
    "soc_init_5": 5.470964565013116,
    "soc_init_6": 5.470964565013116,
    "soc_init_7": 5.470964565013116,
    "soc_init_8": 5.470964565013116,
    "soc_init_9": 5.470964565013116,
    "soc_init_10": 5.470964565013116,
    "soc_init_11": 5.470964565013116,
    "soc_init_12": 5.470964565013116,
    "soc_init_13": 5.470964565013116,
    "soc_init_14": 5.470964565013116,
    "cost": 2.2146243017929628,
    "device": "bPB00055",
    "cycle_start_time": "2021-07-09T03:21:22+00:00"
}