{
    "soc_min": 2,
    "soc_max": 98,
    "r1": 0.017849532009765787,
    "c1": 1406543.027619377,
    "ir_a": 0.005024055963350969,
    "ir_b": 0.026622050724633257,
    "ir_c": 0.001105628463549497,
    "ir_d": 0.09999631930162334,
    "ir_e": 0.9998614989476174,
    "no_cells": 14,
    "cell_temp_init": 39.67055392416432,
    "amb_temp_celsius": 29.012479695307746,
    "bat_cell_cap": 66.0,
    "sohc_init_1": 51.49359897240712,
    "sohc_init_2": 51.49359897240712,
    "sohc_init_3": 51.49359897240712,
    "sohc_init_4": 51.49359897240712,
    "sohc_init_5": 51.49359897240712,
    "sohc_init_6": 51.49359897240712,
    "sohc_init_7": 51.49359897240712,
    "sohc_init_8": 51.49359897240712,
    "sohc_init_9": 51.49359897240712,
    "sohc_init_10": 51.49359897240712,
    "sohc_init_11": 51.49359897240712,
    "sohc_init_12": 51.49359897240712,
    "sohc_init_13": 51.49359897240712,
    "sohc_init_14": 51.49359897240712,
    "sohr_init_1": 2.9993691583309365,
    "sohr_init_2": 2.9993691583309365,
    "sohr_init_3": 2.9993691583309365,
    "sohr_init_4": 2.9993691583309365,
    "sohr_init_5": 2.9993691583309365,
    "sohr_init_6": 2.9993691583309365,
    "sohr_init_7": 2.9993691583309365,
    "sohr_init_8": 2.9993691583309365,
    "sohr_init_9": 2.9993691583309365,
    "sohr_init_10": 2.9993691583309365,
    "sohr_init_11": 2.9993691583309365,
    "sohr_init_12": 2.9993691583309365,
    "sohr_init_13": 2.9993691583309365,
    "sohr_init_14": 2.9993691583309365,
    "soc_init_1": 3.728151351012739,
    "soc_init_2": 3.728151351012739,
    "soc_init_3": 3.728151351012739,
    "soc_init_4": 3.728151351012739,
    "soc_init_5": 3.728151351012739,
    "soc_init_6": 3.728151351012739,
    "soc_init_7": 3.728151351012739,
    "soc_init_8": 3.728151351012739,
    "soc_init_9": 3.728151351012739,
    "soc_init_10": 3.728151351012739,
    "soc_init_11": 3.728151351012739,
    "soc_init_12": 3.728151351012739,
    "soc_init_13": 3.728151351012739,
    "soc_init_14": 3.728151351012739,
    "cost": 1.0177676586555182,
    "device": "bPB00055",
    "cycle_start_time": "2021-09-10T09:37:09+00:00"
}