{
    "soc_min": 2,
    "soc_max": 98,
    "r1": 0.000265663069691816,
    "c1": 604571.4936352184,
    "ir_a": 0.008850967371491592,
    "ir_b": 0.07907781895002122,
    "ir_c": 0.0012526891963985395,
    "ir_d": 0.0985959985366993,
    "ir_e": 0.948710752732474,
    "no_cells": 14,
    "cell_temp_init": 37.00404810628095,
    "amb_temp_celsius": 29.00087856000252,
    "bat_cell_cap": 66.0,
    "sohc_init_1": 57.102123063518015,
    "sohc_init_2": 57.102123063518015,
    "sohc_init_3": 57.102123063518015,
    "sohc_init_4": 57.102123063518015,
    "sohc_init_5": 57.102123063518015,
    "sohc_init_6": 57.102123063518015,
    "sohc_init_7": 57.102123063518015,
    "sohc_init_8": 57.102123063518015,
    "sohc_init_9": 57.102123063518015,
    "sohc_init_10": 57.102123063518015,
    "sohc_init_11": 57.102123063518015,
    "sohc_init_12": 57.102123063518015,
    "sohc_init_13": 57.102123063518015,
    "sohc_init_14": 57.102123063518015,
    "sohr_init_1": 1.2379713842158226,
    "sohr_init_2": 1.2379713842158226,
    "sohr_init_3": 1.2379713842158226,
    "sohr_init_4": 1.2379713842158226,
    "sohr_init_5": 1.2379713842158226,
    "sohr_init_6": 1.2379713842158226,
    "sohr_init_7": 1.2379713842158226,
    "sohr_init_8": 1.2379713842158226,
    "sohr_init_9": 1.2379713842158226,
    "sohr_init_10": 1.2379713842158226,
    "sohr_init_11": 1.2379713842158226,
    "sohr_init_12": 1.2379713842158226,
    "sohr_init_13": 1.2379713842158226,
    "sohr_init_14": 1.2379713842158226,
    "soc_init_1": 10.033088078747918,
    "soc_init_2": 10.033088078747918,
    "soc_init_3": 10.033088078747918,
    "soc_init_4": 10.033088078747918,
    "soc_init_5": 10.033088078747918,
    "soc_init_6": 10.033088078747918,
    "soc_init_7": 10.033088078747918,
    "soc_init_8": 10.033088078747918,
    "soc_init_9": 10.033088078747918,
    "soc_init_10": 10.033088078747918,
    "soc_init_11": 10.033088078747918,
    "soc_init_12": 10.033088078747918,
    "soc_init_13": 10.033088078747918,
    "soc_init_14": 10.033088078747918,
    "cost": 0.15859817693607128,
    "device": "bPB00055",
    "cycle_start_time": "2022-05-24T21:19:20+00:00"
}