{
    "soc_min": 2,
    "soc_max": 98,
    "r1": 0.01930138181637627,
    "c1": 1999858.0524292206,
    "ir_a": 0.00653415102711536,
    "ir_b": 0.1987773815244619,
    "ir_c": 0.0016619787224426952,
    "ir_d": 0.04190537701153435,
    "ir_e": 0.9986377406916827,
    "no_cells": 14,
    "cell_temp_init": 36.000394464027174,
    "amb_temp_celsius": 28.000098226340366,
    "bat_cell_cap": 66.0,
    "sohc_init_1": 75.90331562047801,
    "sohc_init_2": 75.90331562047801,
    "sohc_init_3": 75.90331562047801,
    "sohc_init_4": 75.90331562047801,
    "sohc_init_5": 75.90331562047801,
    "sohc_init_6": 75.90331562047801,
    "sohc_init_7": 75.90331562047801,
    "sohc_init_8": 75.90331562047801,
    "sohc_init_9": 75.90331562047801,
    "sohc_init_10": 75.90331562047801,
    "sohc_init_11": 75.90331562047801,
    "sohc_init_12": 75.90331562047801,
    "sohc_init_13": 75.90331562047801,
    "sohc_init_14": 75.90331562047801,
    "sohr_init_1": 1.5152611689562678,
    "sohr_init_2": 1.5152611689562678,
    "sohr_init_3": 1.5152611689562678,
    "sohr_init_4": 1.5152611689562678,
    "sohr_init_5": 1.5152611689562678,
    "sohr_init_6": 1.5152611689562678,
    "sohr_init_7": 1.5152611689562678,
    "sohr_init_8": 1.5152611689562678,
    "sohr_init_9": 1.5152611689562678,
    "sohr_init_10": 1.5152611689562678,
    "sohr_init_11": 1.5152611689562678,
    "sohr_init_12": 1.5152611689562678,
    "sohr_init_13": 1.5152611689562678,
    "sohr_init_14": 1.5152611689562678,
    "soc_init_1": 11.838515605933267,
    "soc_init_2": 11.838515605933267,
    "soc_init_3": 11.838515605933267,
    "soc_init_4": 11.838515605933267,
    "soc_init_5": 11.838515605933267,
    "soc_init_6": 11.838515605933267,
    "soc_init_7": 11.838515605933267,
    "soc_init_8": 11.838515605933267,
    "soc_init_9": 11.838515605933267,
    "soc_init_10": 11.838515605933267,
    "soc_init_11": 11.838515605933267,
    "soc_init_12": 11.838515605933267,
    "soc_init_13": 11.838515605933267,
    "soc_init_14": 11.838515605933267,
    "cost": 0.27479387810023115,
    "device": "bPB00055",
    "cycle_start_time": "2021-10-03T14:44:09+00:00"
}