{
    "soc_min": 2,
    "soc_max": 98,
    "r1": 0.00010796621539400309,
    "c1": 1179223.2119624345,
    "ir_a": 0.0025204590251695436,
    "ir_b": 0.19656002329828734,
    "ir_c": 0.001422476868053764,
    "ir_d": 0.07365475903887381,
    "ir_e": 0.3473684606848902,
    "no_cells": 14,
    "cell_temp_init": 32.00035817570092,
    "amb_temp_celsius": 24.004533666670007,
    "bat_cell_cap": 66.0,
    "sohc_init_1": 56.73095434241185,
    "sohc_init_2": 56.73095434241185,
    "sohc_init_3": 56.73095434241185,
    "sohc_init_4": 56.73095434241185,
    "sohc_init_5": 56.73095434241185,
    "sohc_init_6": 56.73095434241185,
    "sohc_init_7": 56.73095434241185,
    "sohc_init_8": 56.73095434241185,
    "sohc_init_9": 56.73095434241185,
    "sohc_init_10": 56.73095434241185,
    "sohc_init_11": 56.73095434241185,
    "sohc_init_12": 56.73095434241185,
    "sohc_init_13": 56.73095434241185,
    "sohc_init_14": 56.73095434241185,
    "sohr_init_1": 1.9009699011278682,
    "sohr_init_2": 1.9009699011278682,
    "sohr_init_3": 1.9009699011278682,
    "sohr_init_4": 1.9009699011278682,
    "sohr_init_5": 1.9009699011278682,
    "sohr_init_6": 1.9009699011278682,
    "sohr_init_7": 1.9009699011278682,
    "sohr_init_8": 1.9009699011278682,
    "sohr_init_9": 1.9009699011278682,
    "sohr_init_10": 1.9009699011278682,
    "sohr_init_11": 1.9009699011278682,
    "sohr_init_12": 1.9009699011278682,
    "sohr_init_13": 1.9009699011278682,
    "sohr_init_14": 1.9009699011278682,
    "soc_init_1": 10.14515101718575,
    "soc_init_2": 10.14515101718575,
    "soc_init_3": 10.14515101718575,
    "soc_init_4": 10.14515101718575,
    "soc_init_5": 10.14515101718575,
    "soc_init_6": 10.14515101718575,
    "soc_init_7": 10.14515101718575,
    "soc_init_8": 10.14515101718575,
    "soc_init_9": 10.14515101718575,
    "soc_init_10": 10.14515101718575,
    "soc_init_11": 10.14515101718575,
    "soc_init_12": 10.14515101718575,
    "soc_init_13": 10.14515101718575,
    "soc_init_14": 10.14515101718575,
    "cost": 0.3157894156772669,
    "device": "bPB00055",
    "cycle_start_time": "2021-11-23T03:10:01+00:00"
}