{
    "soc_min": 2,
    "soc_max": 98,
    "r1": 0.01996773166262152,
    "c1": 1999980.2829501072,
    "ir_a": 0.009830347532340277,
    "ir_b": 0.10479278967783864,
    "ir_c": 0.0015813100638442054,
    "ir_d": 0.07144510806162958,
    "ir_e": 0.8389979722978214,
    "no_cells": 14,
    "cell_temp_init": 35.33438879000102,
    "amb_temp_celsius": 27.00120573344541,
    "bat_cell_cap": 66.0,
    "sohc_init_1": 70.28874152586376,
    "sohc_init_2": 70.28874152586376,
    "sohc_init_3": 70.28874152586376,
    "sohc_init_4": 70.28874152586376,
    "sohc_init_5": 70.28874152586376,
    "sohc_init_6": 70.28874152586376,
    "sohc_init_7": 70.28874152586376,
    "sohc_init_8": 70.28874152586376,
    "sohc_init_9": 70.28874152586376,
    "sohc_init_10": 70.28874152586376,
    "sohc_init_11": 70.28874152586376,
    "sohc_init_12": 70.28874152586376,
    "sohc_init_13": 70.28874152586376,
    "sohc_init_14": 70.28874152586376,
    "sohr_init_1": 1.6055227798211713,
    "sohr_init_2": 1.6055227798211713,
    "sohr_init_3": 1.6055227798211713,
    "sohr_init_4": 1.6055227798211713,
    "sohr_init_5": 1.6055227798211713,
    "sohr_init_6": 1.6055227798211713,
    "sohr_init_7": 1.6055227798211713,
    "sohr_init_8": 1.6055227798211713,
    "sohr_init_9": 1.6055227798211713,
    "sohr_init_10": 1.6055227798211713,
    "sohr_init_11": 1.6055227798211713,
    "sohr_init_12": 1.6055227798211713,
    "sohr_init_13": 1.6055227798211713,
    "sohr_init_14": 1.6055227798211713,
    "soc_init_1": 11.146781729572908,
    "soc_init_2": 11.146781729572908,
    "soc_init_3": 11.146781729572908,
    "soc_init_4": 11.146781729572908,
    "soc_init_5": 11.146781729572908,
    "soc_init_6": 11.146781729572908,
    "soc_init_7": 11.146781729572908,
    "soc_init_8": 11.146781729572908,
    "soc_init_9": 11.146781729572908,
    "soc_init_10": 11.146781729572908,
    "soc_init_11": 11.146781729572908,
    "soc_init_12": 11.146781729572908,
    "soc_init_13": 11.146781729572908,
    "soc_init_14": 11.146781729572908,
    "cost": 0.18480828409895272,
    "device": "bPB00055",
    "cycle_start_time": "2021-09-14T00:03:11+00:00"
}