{
    "soc_min": 2,
    "soc_max": 98,
    "r1": 0.019750856904524702,
    "c1": 1998670.3889393834,
    "ir_a": 0.009984762262968573,
    "ir_b": 0.08014492768403687,
    "ir_c": 0.002308527061088807,
    "ir_d": 0.0992518329828299,
    "ir_e": 0.27251945480941364,
    "no_cells": 14,
    "cell_temp_init": 28.113365284942187,
    "amb_temp_celsius": 19.33993435236334,
    "bat_cell_cap": 66.0,
    "sohc_init_1": 70.39042748322113,
    "sohc_init_2": 70.39042748322113,
    "sohc_init_3": 70.39042748322113,
    "sohc_init_4": 70.39042748322113,
    "sohc_init_5": 70.39042748322113,
    "sohc_init_6": 70.39042748322113,
    "sohc_init_7": 70.39042748322113,
    "sohc_init_8": 70.39042748322113,
    "sohc_init_9": 70.39042748322113,
    "sohc_init_10": 70.39042748322113,
    "sohc_init_11": 70.39042748322113,
    "sohc_init_12": 70.39042748322113,
    "sohc_init_13": 70.39042748322113,
    "sohc_init_14": 70.39042748322113,
    "sohr_init_1": 1.3523996578861248,
    "sohr_init_2": 1.3523996578861248,
    "sohr_init_3": 1.3523996578861248,
    "sohr_init_4": 1.3523996578861248,
    "sohr_init_5": 1.3523996578861248,
    "sohr_init_6": 1.3523996578861248,
    "sohr_init_7": 1.3523996578861248,
    "sohr_init_8": 1.3523996578861248,
    "sohr_init_9": 1.3523996578861248,
    "sohr_init_10": 1.3523996578861248,
    "sohr_init_11": 1.3523996578861248,
    "sohr_init_12": 1.3523996578861248,
    "sohr_init_13": 1.3523996578861248,
    "sohr_init_14": 1.3523996578861248,
    "soc_init_1": 10.195677675329765,
    "soc_init_2": 10.195677675329765,
    "soc_init_3": 10.195677675329765,
    "soc_init_4": 10.195677675329765,
    "soc_init_5": 10.195677675329765,
    "soc_init_6": 10.195677675329765,
    "soc_init_7": 10.195677675329765,
    "soc_init_8": 10.195677675329765,
    "soc_init_9": 10.195677675329765,
    "soc_init_10": 10.195677675329765,
    "soc_init_11": 10.195677675329765,
    "soc_init_12": 10.195677675329765,
    "soc_init_13": 10.195677675329765,
    "soc_init_14": 10.195677675329765,
    "cost": 0.10680031195878086,
    "device": "bPB00055",
    "cycle_start_time": "2021-10-26T12:18:58+00:00"
}