{
    "soc_min": 2,
    "soc_max": 98,
    "r1": 0.013137660608292492,
    "c1": 1996660.1679087249,
    "ir_a": 0.0011081748810576413,
    "ir_b": 0.12093194310346442,
    "ir_c": 0.002329655634283405,
    "ir_d": 0.09783219387289122,
    "ir_e": 0.4873008231717401,
    "no_cells": 14,
    "cell_temp_init": 36.00039413392172,
    "amb_temp_celsius": 28.00227362649922,
    "bat_cell_cap": 66.0,
    "sohc_init_1": 55.21106142383451,
    "sohc_init_2": 55.21106142383451,
    "sohc_init_3": 55.21106142383451,
    "sohc_init_4": 55.21106142383451,
    "sohc_init_5": 55.21106142383451,
    "sohc_init_6": 55.21106142383451,
    "sohc_init_7": 55.21106142383451,
    "sohc_init_8": 55.21106142383451,
    "sohc_init_9": 55.21106142383451,
    "sohc_init_10": 55.21106142383451,
    "sohc_init_11": 55.21106142383451,
    "sohc_init_12": 55.21106142383451,
    "sohc_init_13": 55.21106142383451,
    "sohc_init_14": 55.21106142383451,
    "sohr_init_1": 1.6455401921526627,
    "sohr_init_2": 1.6455401921526627,
    "sohr_init_3": 1.6455401921526627,
    "sohr_init_4": 1.6455401921526627,
    "sohr_init_5": 1.6455401921526627,
    "sohr_init_6": 1.6455401921526627,
    "sohr_init_7": 1.6455401921526627,
    "sohr_init_8": 1.6455401921526627,
    "sohr_init_9": 1.6455401921526627,
    "sohr_init_10": 1.6455401921526627,
    "sohr_init_11": 1.6455401921526627,
    "sohr_init_12": 1.6455401921526627,
    "sohr_init_13": 1.6455401921526627,
    "sohr_init_14": 1.6455401921526627,
    "soc_init_1": 25.610701563124223,
    "soc_init_2": 25.610701563124223,
    "soc_init_3": 25.610701563124223,
    "soc_init_4": 25.610701563124223,
    "soc_init_5": 25.610701563124223,
    "soc_init_6": 25.610701563124223,
    "soc_init_7": 25.610701563124223,
    "soc_init_8": 25.610701563124223,
    "soc_init_9": 25.610701563124223,
    "soc_init_10": 25.610701563124223,
    "soc_init_11": 25.610701563124223,
    "soc_init_12": 25.610701563124223,
    "soc_init_13": 25.610701563124223,
    "soc_init_14": 25.610701563124223,
    "cost": 0.5948801716796621,
    "device": "bPB00055",
    "cycle_start_time": "2022-11-11T12:02:47+00:00"
}