{
    "soc_min": 2,
    "soc_max": 98,
    "r1": 0.00010227671421591949,
    "c1": 550775.4034106333,
    "ir_a": 0.00943683214011551,
    "ir_b": 0.0917826931335317,
    "ir_c": 0.000283146536221956,
    "ir_d": 0.09993254704166304,
    "ir_e": 0.999968908327535,
    "no_cells": 14,
    "cell_temp_init": 39.14249784291069,
    "amb_temp_celsius": 28.035042874583752,
    "bat_cell_cap": 66.0,
    "sohc_init_1": 68.70675921239965,
    "sohc_init_2": 68.70675921239965,
    "sohc_init_3": 68.70675921239965,
    "sohc_init_4": 68.70675921239965,
    "sohc_init_5": 68.70675921239965,
    "sohc_init_6": 68.70675921239965,
    "sohc_init_7": 68.70675921239965,
    "sohc_init_8": 68.70675921239965,
    "sohc_init_9": 68.70675921239965,
    "sohc_init_10": 68.70675921239965,
    "sohc_init_11": 68.70675921239965,
    "sohc_init_12": 68.70675921239965,
    "sohc_init_13": 68.70675921239965,
    "sohc_init_14": 68.70675921239965,
    "sohr_init_1": 2.9987551710773843,
    "sohr_init_2": 2.9987551710773843,
    "sohr_init_3": 2.9987551710773843,
    "sohr_init_4": 2.9987551710773843,
    "sohr_init_5": 2.9987551710773843,
    "sohr_init_6": 2.9987551710773843,
    "sohr_init_7": 2.9987551710773843,
    "sohr_init_8": 2.9987551710773843,
    "sohr_init_9": 2.9987551710773843,
    "sohr_init_10": 2.9987551710773843,
    "sohr_init_11": 2.9987551710773843,
    "sohr_init_12": 2.9987551710773843,
    "sohr_init_13": 2.9987551710773843,
    "sohr_init_14": 2.9987551710773843,
    "soc_init_1": 3.7475757473481615,
    "soc_init_2": 3.7475757473481615,
    "soc_init_3": 3.7475757473481615,
    "soc_init_4": 3.7475757473481615,
    "soc_init_5": 3.7475757473481615,
    "soc_init_6": 3.7475757473481615,
    "soc_init_7": 3.7475757473481615,
    "soc_init_8": 3.7475757473481615,
    "soc_init_9": 3.7475757473481615,
    "soc_init_10": 3.7475757473481615,
    "soc_init_11": 3.7475757473481615,
    "soc_init_12": 3.7475757473481615,
    "soc_init_13": 3.7475757473481615,
    "soc_init_14": 3.7475757473481615,
    "cost": 0.11930805484880058,
    "device": "bPB00055",
    "cycle_start_time": "2021-08-09T12:28:36+00:00"
}