{
    "soc_min": 2,
    "soc_max": 98,
    "r1": 0.0034706093902401253,
    "c1": 440737.0426346547,
    "ir_a": 0.0005006811518873883,
    "ir_b": 0.011432620917462074,
    "ir_c": 0.0003032798631912176,
    "ir_d": 0.08623989259654305,
    "ir_e": 0.24730919733607915,
    "no_cells": 14,
    "cell_temp_init": 42.15043761787354,
    "amb_temp_celsius": 34.05811623494679,
    "bat_cell_cap": 66.0,
    "sohc_init_1": 48.068358582742974,
    "sohc_init_2": 48.068358582742974,
    "sohc_init_3": 48.068358582742974,
    "sohc_init_4": 48.068358582742974,
    "sohc_init_5": 48.068358582742974,
    "sohc_init_6": 48.068358582742974,
    "sohc_init_7": 48.068358582742974,
    "sohc_init_8": 48.068358582742974,
    "sohc_init_9": 48.068358582742974,
    "sohc_init_10": 48.068358582742974,
    "sohc_init_11": 48.068358582742974,
    "sohc_init_12": 48.068358582742974,
    "sohc_init_13": 48.068358582742974,
    "sohc_init_14": 48.068358582742974,
    "sohr_init_1": 1.1950134355395612,
    "sohr_init_2": 1.1950134355395612,
    "sohr_init_3": 1.1950134355395612,
    "sohr_init_4": 1.1950134355395612,
    "sohr_init_5": 1.1950134355395612,
    "sohr_init_6": 1.1950134355395612,
    "sohr_init_7": 1.1950134355395612,
    "sohr_init_8": 1.1950134355395612,
    "sohr_init_9": 1.1950134355395612,
    "sohr_init_10": 1.1950134355395612,
    "sohr_init_11": 1.1950134355395612,
    "sohr_init_12": 1.1950134355395612,
    "sohr_init_13": 1.1950134355395612,
    "sohr_init_14": 1.1950134355395612,
    "soc_init_1": 3.031129417908684,
    "soc_init_2": 3.031129417908684,
    "soc_init_3": 3.031129417908684,
    "soc_init_4": 3.031129417908684,
    "soc_init_5": 3.031129417908684,
    "soc_init_6": 3.031129417908684,
    "soc_init_7": 3.031129417908684,
    "soc_init_8": 3.031129417908684,
    "soc_init_9": 3.031129417908684,
    "soc_init_10": 3.031129417908684,
    "soc_init_11": 3.031129417908684,
    "soc_init_12": 3.031129417908684,
    "soc_init_13": 3.031129417908684,
    "soc_init_14": 3.031129417908684,
    "cost": 0.3725660177765339,
    "device": "bPB00055",
    "cycle_start_time": "2021-08-03T16:51:42+00:00"
}