{
    "soc_min": 2,
    "soc_max": 98,
    "r1": 0.0008189265831021445,
    "c1": 262163.3292242248,
    "ir_a": 0.003274971307051877,
    "ir_b": 0.19647311910704787,
    "ir_c": 0.0017499372909355276,
    "ir_d": 0.015672782463779743,
    "ir_e": 0.7647049102479234,
    "no_cells": 14,
    "cell_temp_init": 36.000312868831024,
    "amb_temp_celsius": 28.000421451294855,
    "bat_cell_cap": 66.0,
    "sohc_init_1": 48.46678542463555,
    "sohc_init_2": 48.46678542463555,
    "sohc_init_3": 48.46678542463555,
    "sohc_init_4": 48.46678542463555,
    "sohc_init_5": 48.46678542463555,
    "sohc_init_6": 48.46678542463555,
    "sohc_init_7": 48.46678542463555,
    "sohc_init_8": 48.46678542463555,
    "sohc_init_9": 48.46678542463555,
    "sohc_init_10": 48.46678542463555,
    "sohc_init_11": 48.46678542463555,
    "sohc_init_12": 48.46678542463555,
    "sohc_init_13": 48.46678542463555,
    "sohc_init_14": 48.46678542463555,
    "sohr_init_1": 1.8693471718466208,
    "sohr_init_2": 1.8693471718466208,
    "sohr_init_3": 1.8693471718466208,
    "sohr_init_4": 1.8693471718466208,
    "sohr_init_5": 1.8693471718466208,
    "sohr_init_6": 1.8693471718466208,
    "sohr_init_7": 1.8693471718466208,
    "sohr_init_8": 1.8693471718466208,
    "sohr_init_9": 1.8693471718466208,
    "sohr_init_10": 1.8693471718466208,
    "sohr_init_11": 1.8693471718466208,
    "sohr_init_12": 1.8693471718466208,
    "sohr_init_13": 1.8693471718466208,
    "sohr_init_14": 1.8693471718466208,
    "soc_init_1": 25.916974264064617,
    "soc_init_2": 25.916974264064617,
    "soc_init_3": 25.916974264064617,
    "soc_init_4": 25.916974264064617,
    "soc_init_5": 25.916974264064617,
    "soc_init_6": 25.916974264064617,
    "soc_init_7": 25.916974264064617,
    "soc_init_8": 25.916974264064617,
    "soc_init_9": 25.916974264064617,
    "soc_init_10": 25.916974264064617,
    "soc_init_11": 25.916974264064617,
    "soc_init_12": 25.916974264064617,
    "soc_init_13": 25.916974264064617,
    "soc_init_14": 25.916974264064617,
    "cost": 0.540417864505315,
    "device": "bPB00055",
    "cycle_start_time": "2022-11-13T05:56:28+00:00"
}