{
    "soc_min": 2,
    "soc_max": 98,
    "r1": 0.019969714905731593,
    "c1": 1999993.2198047617,
    "ir_a": 0.009873254412728572,
    "ir_b": 0.1897071693980373,
    "ir_c": 0.0017063171363988802,
    "ir_d": 0.07468229710775837,
    "ir_e": 0.286421165995486,
    "no_cells": 14,
    "cell_temp_init": 35.000237378665396,
    "amb_temp_celsius": 27.00340784984348,
    "bat_cell_cap": 66.0,
    "sohc_init_1": 77.78612003145759,
    "sohc_init_2": 77.78612003145759,
    "sohc_init_3": 77.78612003145759,
    "sohc_init_4": 77.78612003145759,
    "sohc_init_5": 77.78612003145759,
    "sohc_init_6": 77.78612003145759,
    "sohc_init_7": 77.78612003145759,
    "sohc_init_8": 77.78612003145759,
    "sohc_init_9": 77.78612003145759,
    "sohc_init_10": 77.78612003145759,
    "sohc_init_11": 77.78612003145759,
    "sohc_init_12": 77.78612003145759,
    "sohc_init_13": 77.78612003145759,
    "sohc_init_14": 77.78612003145759,
    "sohr_init_1": 1.5899216551569615,
    "sohr_init_2": 1.5899216551569615,
    "sohr_init_3": 1.5899216551569615,
    "sohr_init_4": 1.5899216551569615,
    "sohr_init_5": 1.5899216551569615,
    "sohr_init_6": 1.5899216551569615,
    "sohr_init_7": 1.5899216551569615,
    "sohr_init_8": 1.5899216551569615,
    "sohr_init_9": 1.5899216551569615,
    "sohr_init_10": 1.5899216551569615,
    "sohr_init_11": 1.5899216551569615,
    "sohr_init_12": 1.5899216551569615,
    "sohr_init_13": 1.5899216551569615,
    "sohr_init_14": 1.5899216551569615,
    "soc_init_1": 12.81331970784162,
    "soc_init_2": 12.81331970784162,
    "soc_init_3": 12.81331970784162,
    "soc_init_4": 12.81331970784162,
    "soc_init_5": 12.81331970784162,
    "soc_init_6": 12.81331970784162,
    "soc_init_7": 12.81331970784162,
    "soc_init_8": 12.81331970784162,
    "soc_init_9": 12.81331970784162,
    "soc_init_10": 12.81331970784162,
    "soc_init_11": 12.81331970784162,
    "soc_init_12": 12.81331970784162,
    "soc_init_13": 12.81331970784162,
    "soc_init_14": 12.81331970784162,
    "cost": 0.2761906135918013,
    "device": "bPB00055",
    "cycle_start_time": "2021-10-01T17:54:59+00:00"
}