{
    "soc_min": 2,
    "soc_max": 98,
    "r1": 0.0005515387324130592,
    "c1": 939105.050711132,
    "ir_a": 0.00849215053165572,
    "ir_b": 0.05802662094031116,
    "ir_c": 0.00010866798611351735,
    "ir_d": 0.07048199659651594,
    "ir_e": 0.9934967766685624,
    "no_cells": 14,
    "cell_temp_init": 36.22342852412007,
    "amb_temp_celsius": 28.00317439793017,
    "bat_cell_cap": 66.0,
    "sohc_init_1": 60.83792867423042,
    "sohc_init_2": 60.83792867423042,
    "sohc_init_3": 60.83792867423042,
    "sohc_init_4": 60.83792867423042,
    "sohc_init_5": 60.83792867423042,
    "sohc_init_6": 60.83792867423042,
    "sohc_init_7": 60.83792867423042,
    "sohc_init_8": 60.83792867423042,
    "sohc_init_9": 60.83792867423042,
    "sohc_init_10": 60.83792867423042,
    "sohc_init_11": 60.83792867423042,
    "sohc_init_12": 60.83792867423042,
    "sohc_init_13": 60.83792867423042,
    "sohc_init_14": 60.83792867423042,
    "sohr_init_1": 1.7356793881008217,
    "sohr_init_2": 1.7356793881008217,
    "sohr_init_3": 1.7356793881008217,
    "sohr_init_4": 1.7356793881008217,
    "sohr_init_5": 1.7356793881008217,
    "sohr_init_6": 1.7356793881008217,
    "sohr_init_7": 1.7356793881008217,
    "sohr_init_8": 1.7356793881008217,
    "sohr_init_9": 1.7356793881008217,
    "sohr_init_10": 1.7356793881008217,
    "sohr_init_11": 1.7356793881008217,
    "sohr_init_12": 1.7356793881008217,
    "sohr_init_13": 1.7356793881008217,
    "sohr_init_14": 1.7356793881008217,
    "soc_init_1": 87.78697636848999,
    "soc_init_2": 87.78697636848999,
    "soc_init_3": 87.78697636848999,
    "soc_init_4": 87.78697636848999,
    "soc_init_5": 87.78697636848999,
    "soc_init_6": 87.78697636848999,
    "soc_init_7": 87.78697636848999,
    "soc_init_8": 87.78697636848999,
    "soc_init_9": 87.78697636848999,
    "soc_init_10": 87.78697636848999,
    "soc_init_11": 87.78697636848999,
    "soc_init_12": 87.78697636848999,
    "soc_init_13": 87.78697636848999,
    "soc_init_14": 87.78697636848999,
    "cost": 0.2243695039239366,
    "device": "bPB00055",
    "cycle_start_time": "2021-09-02T11:10:02+00:00"
}