{
    "soc_min": 2,
    "soc_max": 98,
    "r1": 0.0016569804406944817,
    "c1": 101429.49747071552,
    "ir_a": 0.0016007828385339606,
    "ir_b": 0.19804326355173507,
    "ir_c": 0.0010916631831859205,
    "ir_d": 0.02706620487109583,
    "ir_e": 0.0847487168479955,
    "no_cells": 14,
    "cell_temp_init": 36.000107882716854,
    "amb_temp_celsius": 28.00142378395793,
    "bat_cell_cap": 66.0,
    "sohc_init_1": 49.01568558807483,
    "sohc_init_2": 49.01568558807483,
    "sohc_init_3": 49.01568558807483,
    "sohc_init_4": 49.01568558807483,
    "sohc_init_5": 49.01568558807483,
    "sohc_init_6": 49.01568558807483,
    "sohc_init_7": 49.01568558807483,
    "sohc_init_8": 49.01568558807483,
    "sohc_init_9": 49.01568558807483,
    "sohc_init_10": 49.01568558807483,
    "sohc_init_11": 49.01568558807483,
    "sohc_init_12": 49.01568558807483,
    "sohc_init_13": 49.01568558807483,
    "sohc_init_14": 49.01568558807483,
    "sohr_init_1": 2.2993162609996682,
    "sohr_init_2": 2.2993162609996682,
    "sohr_init_3": 2.2993162609996682,
    "sohr_init_4": 2.2993162609996682,
    "sohr_init_5": 2.2993162609996682,
    "sohr_init_6": 2.2993162609996682,
    "sohr_init_7": 2.2993162609996682,
    "sohr_init_8": 2.2993162609996682,
    "sohr_init_9": 2.2993162609996682,
    "sohr_init_10": 2.2993162609996682,
    "sohr_init_11": 2.2993162609996682,
    "sohr_init_12": 2.2993162609996682,
    "sohr_init_13": 2.2993162609996682,
    "sohr_init_14": 2.2993162609996682,
    "soc_init_1": 26.03068544517051,
    "soc_init_2": 26.03068544517051,
    "soc_init_3": 26.03068544517051,
    "soc_init_4": 26.03068544517051,
    "soc_init_5": 26.03068544517051,
    "soc_init_6": 26.03068544517051,
    "soc_init_7": 26.03068544517051,
    "soc_init_8": 26.03068544517051,
    "soc_init_9": 26.03068544517051,
    "soc_init_10": 26.03068544517051,
    "soc_init_11": 26.03068544517051,
    "soc_init_12": 26.03068544517051,
    "soc_init_13": 26.03068544517051,
    "soc_init_14": 26.03068544517051,
    "cost": 0.5513385014688685,
    "device": "bPB00055",
    "cycle_start_time": "2022-11-11T19:38:21+00:00"
}