{
    "soc_min": 2,
    "soc_max": 98,
    "r1": 0.016416836927075577,
    "c1": 1997802.4738669682,
    "ir_a": 0.004685131734042611,
    "ir_b": 0.03663581845715078,
    "ir_c": 0.001092289618245755,
    "ir_d": 0.04569493362202719,
    "ir_e": 0.9822493957716675,
    "no_cells": 14,
    "cell_temp_init": 37.00004948207074,
    "amb_temp_celsius": 29.000588730138755,
    "bat_cell_cap": 66.0,
    "sohc_init_1": 53.625519222479284,
    "sohc_init_2": 53.625519222479284,
    "sohc_init_3": 53.625519222479284,
    "sohc_init_4": 53.625519222479284,
    "sohc_init_5": 53.625519222479284,
    "sohc_init_6": 53.625519222479284,
    "sohc_init_7": 53.625519222479284,
    "sohc_init_8": 53.625519222479284,
    "sohc_init_9": 53.625519222479284,
    "sohc_init_10": 53.625519222479284,
    "sohc_init_11": 53.625519222479284,
    "sohc_init_12": 53.625519222479284,
    "sohc_init_13": 53.625519222479284,
    "sohc_init_14": 53.625519222479284,
    "sohr_init_1": 1.8411272166852763,
    "sohr_init_2": 1.8411272166852763,
    "sohr_init_3": 1.8411272166852763,
    "sohr_init_4": 1.8411272166852763,
    "sohr_init_5": 1.8411272166852763,
    "sohr_init_6": 1.8411272166852763,
    "sohr_init_7": 1.8411272166852763,
    "sohr_init_8": 1.8411272166852763,
    "sohr_init_9": 1.8411272166852763,
    "sohr_init_10": 1.8411272166852763,
    "sohr_init_11": 1.8411272166852763,
    "sohr_init_12": 1.8411272166852763,
    "sohr_init_13": 1.8411272166852763,
    "sohr_init_14": 1.8411272166852763,
    "soc_init_1": 27.611734836570648,
    "soc_init_2": 27.611734836570648,
    "soc_init_3": 27.611734836570648,
    "soc_init_4": 27.611734836570648,
    "soc_init_5": 27.611734836570648,
    "soc_init_6": 27.611734836570648,
    "soc_init_7": 27.611734836570648,
    "soc_init_8": 27.611734836570648,
    "soc_init_9": 27.611734836570648,
    "soc_init_10": 27.611734836570648,
    "soc_init_11": 27.611734836570648,
    "soc_init_12": 27.611734836570648,
    "soc_init_13": 27.611734836570648,
    "soc_init_14": 27.611734836570648,
    "cost": 0.6542150731564652,
    "device": "bPB00055",
    "cycle_start_time": "2022-11-17T05:45:45+00:00"
}