{
    "soc_min": 2,
    "soc_max": 98,
    "r1": 0.019999556312175305,
    "c1": 1597900.0816167276,
    "ir_a": 0.0004567461884850108,
    "ir_b": 0.04995195171781883,
    "ir_c": 0.0013558995890827052,
    "ir_d": 0.07130892770063792,
    "ir_e": 0.26132842603870504,
    "no_cells": 14,
    "cell_temp_init": 41.00003629397317,
    "amb_temp_celsius": 37.258554862408424,
    "bat_cell_cap": 66.0,
    "sohc_init_1": 53.48706919267795,
    "sohc_init_2": 53.48706919267795,
    "sohc_init_3": 53.48706919267795,
    "sohc_init_4": 53.48706919267795,
    "sohc_init_5": 53.48706919267795,
    "sohc_init_6": 53.48706919267795,
    "sohc_init_7": 53.48706919267795,
    "sohc_init_8": 53.48706919267795,
    "sohc_init_9": 53.48706919267795,
    "sohc_init_10": 53.48706919267795,
    "sohc_init_11": 53.48706919267795,
    "sohc_init_12": 53.48706919267795,
    "sohc_init_13": 53.48706919267795,
    "sohc_init_14": 53.48706919267795,
    "sohr_init_1": 1.3139714403985123,
    "sohr_init_2": 1.3139714403985123,
    "sohr_init_3": 1.3139714403985123,
    "sohr_init_4": 1.3139714403985123,
    "sohr_init_5": 1.3139714403985123,
    "sohr_init_6": 1.3139714403985123,
    "sohr_init_7": 1.3139714403985123,
    "sohr_init_8": 1.3139714403985123,
    "sohr_init_9": 1.3139714403985123,
    "sohr_init_10": 1.3139714403985123,
    "sohr_init_11": 1.3139714403985123,
    "sohr_init_12": 1.3139714403985123,
    "sohr_init_13": 1.3139714403985123,
    "sohr_init_14": 1.3139714403985123,
    "soc_init_1": 24.254185203929858,
    "soc_init_2": 24.254185203929858,
    "soc_init_3": 24.254185203929858,
    "soc_init_4": 24.254185203929858,
    "soc_init_5": 24.254185203929858,
    "soc_init_6": 24.254185203929858,
    "soc_init_7": 24.254185203929858,
    "soc_init_8": 24.254185203929858,
    "soc_init_9": 24.254185203929858,
    "soc_init_10": 24.254185203929858,
    "soc_init_11": 24.254185203929858,
    "soc_init_12": 24.254185203929858,
    "soc_init_13": 24.254185203929858,
    "soc_init_14": 24.254185203929858,
    "cost": 0.6333944210409533,
    "device": "bPB00055",
    "cycle_start_time": "2022-08-17T02:25:32+00:00"
}