{
    "soc_min": 2,
    "soc_max": 98,
    "r1": 0.007840262603792808,
    "c1": 234866.81082493937,
    "ir_a": 0.0025504469913280392,
    "ir_b": 0.16478551185004137,
    "ir_c": 2.6012460499093076e-05,
    "ir_d": 0.09911326236908567,
    "ir_e": 0.9909640421822108,
    "no_cells": 14,
    "cell_temp_init": 41.03889652555287,
    "amb_temp_celsius": 39.17557003928577,
    "bat_cell_cap": 66.0,
    "sohc_init_1": 56.311497057401326,
    "sohc_init_2": 56.311497057401326,
    "sohc_init_3": 56.311497057401326,
    "sohc_init_4": 56.311497057401326,
    "sohc_init_5": 56.311497057401326,
    "sohc_init_6": 56.311497057401326,
    "sohc_init_7": 56.311497057401326,
    "sohc_init_8": 56.311497057401326,
    "sohc_init_9": 56.311497057401326,
    "sohc_init_10": 56.311497057401326,
    "sohc_init_11": 56.311497057401326,
    "sohc_init_12": 56.311497057401326,
    "sohc_init_13": 56.311497057401326,
    "sohc_init_14": 56.311497057401326,
    "sohr_init_1": 2.9664195229803054,
    "sohr_init_2": 2.9664195229803054,
    "sohr_init_3": 2.9664195229803054,
    "sohr_init_4": 2.9664195229803054,
    "sohr_init_5": 2.9664195229803054,
    "sohr_init_6": 2.9664195229803054,
    "sohr_init_7": 2.9664195229803054,
    "sohr_init_8": 2.9664195229803054,
    "sohr_init_9": 2.9664195229803054,
    "sohr_init_10": 2.9664195229803054,
    "sohr_init_11": 2.9664195229803054,
    "sohr_init_12": 2.9664195229803054,
    "sohr_init_13": 2.9664195229803054,
    "sohr_init_14": 2.9664195229803054,
    "soc_init_1": 21.949863313709187,
    "soc_init_2": 21.949863313709187,
    "soc_init_3": 21.949863313709187,
    "soc_init_4": 21.949863313709187,
    "soc_init_5": 21.949863313709187,
    "soc_init_6": 21.949863313709187,
    "soc_init_7": 21.949863313709187,
    "soc_init_8": 21.949863313709187,
    "soc_init_9": 21.949863313709187,
    "soc_init_10": 21.949863313709187,
    "soc_init_11": 21.949863313709187,
    "soc_init_12": 21.949863313709187,
    "soc_init_13": 21.949863313709187,
    "soc_init_14": 21.949863313709187,
    "cost": 1.807541281480315,
    "device": "bPB00055",
    "cycle_start_time": "2022-07-07T12:07:43+00:00"
}