{
    "soc_min": 2,
    "soc_max": 98,
    "r1": 0.01998794302462305,
    "c1": 1999567.953513072,
    "ir_a": 0.0042397209854832885,
    "ir_b": 0.04574413854027495,
    "ir_c": 0.001242836563879354,
    "ir_d": 0.09626873757417433,
    "ir_e": 0.13377220537329598,
    "no_cells": 14,
    "cell_temp_init": 33.00027001813399,
    "amb_temp_celsius": 25.00052124383593,
    "bat_cell_cap": 66.0,
    "sohc_init_1": 66.91727970723723,
    "sohc_init_2": 66.91727970723723,
    "sohc_init_3": 66.91727970723723,
    "sohc_init_4": 66.91727970723723,
    "sohc_init_5": 66.91727970723723,
    "sohc_init_6": 66.91727970723723,
    "sohc_init_7": 66.91727970723723,
    "sohc_init_8": 66.91727970723723,
    "sohc_init_9": 66.91727970723723,
    "sohc_init_10": 66.91727970723723,
    "sohc_init_11": 66.91727970723723,
    "sohc_init_12": 66.91727970723723,
    "sohc_init_13": 66.91727970723723,
    "sohc_init_14": 66.91727970723723,
    "sohr_init_1": 1.6808262723761878,
    "sohr_init_2": 1.6808262723761878,
    "sohr_init_3": 1.6808262723761878,
    "sohr_init_4": 1.6808262723761878,
    "sohr_init_5": 1.6808262723761878,
    "sohr_init_6": 1.6808262723761878,
    "sohr_init_7": 1.6808262723761878,
    "sohr_init_8": 1.6808262723761878,
    "sohr_init_9": 1.6808262723761878,
    "sohr_init_10": 1.6808262723761878,
    "sohr_init_11": 1.6808262723761878,
    "sohr_init_12": 1.6808262723761878,
    "sohr_init_13": 1.6808262723761878,
    "sohr_init_14": 1.6808262723761878,
    "soc_init_1": 10.479161769435972,
    "soc_init_2": 10.479161769435972,
    "soc_init_3": 10.479161769435972,
    "soc_init_4": 10.479161769435972,
    "soc_init_5": 10.479161769435972,
    "soc_init_6": 10.479161769435972,
    "soc_init_7": 10.479161769435972,
    "soc_init_8": 10.479161769435972,
    "soc_init_9": 10.479161769435972,
    "soc_init_10": 10.479161769435972,
    "soc_init_11": 10.479161769435972,
    "soc_init_12": 10.479161769435972,
    "soc_init_13": 10.479161769435972,
    "soc_init_14": 10.479161769435972,
    "cost": 0.11251991246488574,
    "device": "bPB00055",
    "cycle_start_time": "2021-11-12T16:34:01+00:00"
}