{
    "soc_min": 2,
    "soc_max": 98,
    "r1": 0.0019346126877325988,
    "c1": 1376486.511026846,
    "ir_a": 0.000570908195856734,
    "ir_b": 0.161974198315231,
    "ir_c": 0.0005526996777062384,
    "ir_d": 0.0999443917078079,
    "ir_e": 0.8268687923410797,
    "no_cells": 14,
    "cell_temp_init": 35.98253489066536,
    "amb_temp_celsius": 32.79266832624444,
    "bat_cell_cap": 66.0,
    "sohc_init_1": 56.83817393514058,
    "sohc_init_2": 56.83817393514058,
    "sohc_init_3": 56.83817393514058,
    "sohc_init_4": 56.83817393514058,
    "sohc_init_5": 56.83817393514058,
    "sohc_init_6": 56.83817393514058,
    "sohc_init_7": 56.83817393514058,
    "sohc_init_8": 56.83817393514058,
    "sohc_init_9": 56.83817393514058,
    "sohc_init_10": 56.83817393514058,
    "sohc_init_11": 56.83817393514058,
    "sohc_init_12": 56.83817393514058,
    "sohc_init_13": 56.83817393514058,
    "sohc_init_14": 56.83817393514058,
    "sohr_init_1": 1.0336766295312578,
    "sohr_init_2": 1.0336766295312578,
    "sohr_init_3": 1.0336766295312578,
    "sohr_init_4": 1.0336766295312578,
    "sohr_init_5": 1.0336766295312578,
    "sohr_init_6": 1.0336766295312578,
    "sohr_init_7": 1.0336766295312578,
    "sohr_init_8": 1.0336766295312578,
    "sohr_init_9": 1.0336766295312578,
    "sohr_init_10": 1.0336766295312578,
    "sohr_init_11": 1.0336766295312578,
    "sohr_init_12": 1.0336766295312578,
    "sohr_init_13": 1.0336766295312578,
    "sohr_init_14": 1.0336766295312578,
    "soc_init_1": 5.637962405013294,
    "soc_init_2": 5.637962405013294,
    "soc_init_3": 5.637962405013294,
    "soc_init_4": 5.637962405013294,
    "soc_init_5": 5.637962405013294,
    "soc_init_6": 5.637962405013294,
    "soc_init_7": 5.637962405013294,
    "soc_init_8": 5.637962405013294,
    "soc_init_9": 5.637962405013294,
    "soc_init_10": 5.637962405013294,
    "soc_init_11": 5.637962405013294,
    "soc_init_12": 5.637962405013294,
    "soc_init_13": 5.637962405013294,
    "soc_init_14": 5.637962405013294,
    "cost": 0.254229418070674,
    "device": "bPB00055",
    "cycle_start_time": "2021-08-06T10:46:02+00:00"
}