{
    "soc_min": 2,
    "soc_max": 98,
    "r1": 0.0013926507164738577,
    "c1": 262553.24564148067,
    "ir_a": 0.00011166403367866604,
    "ir_b": 0.040356620632747454,
    "ir_c": 0.002064186117956243,
    "ir_d": 0.010181290156680543,
    "ir_e": 0.23884650433879906,
    "no_cells": 14,
    "cell_temp_init": 37.000262309165954,
    "amb_temp_celsius": 29.00014023727435,
    "bat_cell_cap": 66.0,
    "sohc_init_1": 50.65654696090341,
    "sohc_init_2": 50.65654696090341,
    "sohc_init_3": 50.65654696090341,
    "sohc_init_4": 50.65654696090341,
    "sohc_init_5": 50.65654696090341,
    "sohc_init_6": 50.65654696090341,
    "sohc_init_7": 50.65654696090341,
    "sohc_init_8": 50.65654696090341,
    "sohc_init_9": 50.65654696090341,
    "sohc_init_10": 50.65654696090341,
    "sohc_init_11": 50.65654696090341,
    "sohc_init_12": 50.65654696090341,
    "sohc_init_13": 50.65654696090341,
    "sohc_init_14": 50.65654696090341,
    "sohr_init_1": 1.1622632307504603,
    "sohr_init_2": 1.1622632307504603,
    "sohr_init_3": 1.1622632307504603,
    "sohr_init_4": 1.1622632307504603,
    "sohr_init_5": 1.1622632307504603,
    "sohr_init_6": 1.1622632307504603,
    "sohr_init_7": 1.1622632307504603,
    "sohr_init_8": 1.1622632307504603,
    "sohr_init_9": 1.1622632307504603,
    "sohr_init_10": 1.1622632307504603,
    "sohr_init_11": 1.1622632307504603,
    "sohr_init_12": 1.1622632307504603,
    "sohr_init_13": 1.1622632307504603,
    "sohr_init_14": 1.1622632307504603,
    "soc_init_1": 24.625404721165054,
    "soc_init_2": 24.625404721165054,
    "soc_init_3": 24.625404721165054,
    "soc_init_4": 24.625404721165054,
    "soc_init_5": 24.625404721165054,
    "soc_init_6": 24.625404721165054,
    "soc_init_7": 24.625404721165054,
    "soc_init_8": 24.625404721165054,
    "soc_init_9": 24.625404721165054,
    "soc_init_10": 24.625404721165054,
    "soc_init_11": 24.625404721165054,
    "soc_init_12": 24.625404721165054,
    "soc_init_13": 24.625404721165054,
    "soc_init_14": 24.625404721165054,
    "cost": 0.6026396967470641,
    "device": "bPB00055",
    "cycle_start_time": "2022-11-02T05:19:20+00:00"
}