{
    "soc_min": 2,
    "soc_max": 98,
    "r1": 0.01999649529974164,
    "c1": 1987726.4192102316,
    "ir_a": 0.0009098102887030703,
    "ir_b": 0.013503818609360235,
    "ir_c": 0.0018594571966692793,
    "ir_d": 0.09680493841857447,
    "ir_e": 0.28941240206216373,
    "no_cells": 14,
    "cell_temp_init": 42.33368483114738,
    "amb_temp_celsius": 34.00580497598696,
    "bat_cell_cap": 66.0,
    "sohc_init_1": 46.59273907008702,
    "sohc_init_2": 46.59273907008702,
    "sohc_init_3": 46.59273907008702,
    "sohc_init_4": 46.59273907008702,
    "sohc_init_5": 46.59273907008702,
    "sohc_init_6": 46.59273907008702,
    "sohc_init_7": 46.59273907008702,
    "sohc_init_8": 46.59273907008702,
    "sohc_init_9": 46.59273907008702,
    "sohc_init_10": 46.59273907008702,
    "sohc_init_11": 46.59273907008702,
    "sohc_init_12": 46.59273907008702,
    "sohc_init_13": 46.59273907008702,
    "sohc_init_14": 46.59273907008702,
    "sohr_init_1": 1.1993063088886542,
    "sohr_init_2": 1.1993063088886542,
    "sohr_init_3": 1.1993063088886542,
    "sohr_init_4": 1.1993063088886542,
    "sohr_init_5": 1.1993063088886542,
    "sohr_init_6": 1.1993063088886542,
    "sohr_init_7": 1.1993063088886542,
    "sohr_init_8": 1.1993063088886542,
    "sohr_init_9": 1.1993063088886542,
    "sohr_init_10": 1.1993063088886542,
    "sohr_init_11": 1.1993063088886542,
    "sohr_init_12": 1.1993063088886542,
    "sohr_init_13": 1.1993063088886542,
    "sohr_init_14": 1.1993063088886542,
    "soc_init_1": 21.735216085763692,
    "soc_init_2": 21.735216085763692,
    "soc_init_3": 21.735216085763692,
    "soc_init_4": 21.735216085763692,
    "soc_init_5": 21.735216085763692,
    "soc_init_6": 21.735216085763692,
    "soc_init_7": 21.735216085763692,
    "soc_init_8": 21.735216085763692,
    "soc_init_9": 21.735216085763692,
    "soc_init_10": 21.735216085763692,
    "soc_init_11": 21.735216085763692,
    "soc_init_12": 21.735216085763692,
    "soc_init_13": 21.735216085763692,
    "soc_init_14": 21.735216085763692,
    "cost": 0.8836604735797471,
    "device": "bPB00055",
    "cycle_start_time": "2022-09-12T18:37:34+00:00"
}