{
    "soc_min": 2,
    "soc_max": 98,
    "r1": 0.009523927188235443,
    "c1": 1751005.742715576,
    "ir_a": 0.0015269871462000543,
    "ir_b": 0.1751847638385134,
    "ir_c": 0.0006326813444966243,
    "ir_d": 0.02499703403928097,
    "ir_e": 0.022119023180553088,
    "no_cells": 14,
    "cell_temp_init": 41.000902504233,
    "amb_temp_celsius": 33.00284439921501,
    "bat_cell_cap": 66.0,
    "sohc_init_1": 61.852199887663446,
    "sohc_init_2": 61.852199887663446,
    "sohc_init_3": 61.852199887663446,
    "sohc_init_4": 61.852199887663446,
    "sohc_init_5": 61.852199887663446,
    "sohc_init_6": 61.852199887663446,
    "sohc_init_7": 61.852199887663446,
    "sohc_init_8": 61.852199887663446,
    "sohc_init_9": 61.852199887663446,
    "sohc_init_10": 61.852199887663446,
    "sohc_init_11": 61.852199887663446,
    "sohc_init_12": 61.852199887663446,
    "sohc_init_13": 61.852199887663446,
    "sohc_init_14": 61.852199887663446,
    "sohr_init_1": 2.309202341272667,
    "sohr_init_2": 2.309202341272667,
    "sohr_init_3": 2.309202341272667,
    "sohr_init_4": 2.309202341272667,
    "sohr_init_5": 2.309202341272667,
    "sohr_init_6": 2.309202341272667,
    "sohr_init_7": 2.309202341272667,
    "sohr_init_8": 2.309202341272667,
    "sohr_init_9": 2.309202341272667,
    "sohr_init_10": 2.309202341272667,
    "sohr_init_11": 2.309202341272667,
    "sohr_init_12": 2.309202341272667,
    "sohr_init_13": 2.309202341272667,
    "sohr_init_14": 2.309202341272667,
    "soc_init_1": 17.635229065838132,
    "soc_init_2": 17.635229065838132,
    "soc_init_3": 17.635229065838132,
    "soc_init_4": 17.635229065838132,
    "soc_init_5": 17.635229065838132,
    "soc_init_6": 17.635229065838132,
    "soc_init_7": 17.635229065838132,
    "soc_init_8": 17.635229065838132,
    "soc_init_9": 17.635229065838132,
    "soc_init_10": 17.635229065838132,
    "soc_init_11": 17.635229065838132,
    "soc_init_12": 17.635229065838132,
    "soc_init_13": 17.635229065838132,
    "soc_init_14": 17.635229065838132,
    "cost": 0.7446970548805192,
    "device": "bPB00055",
    "cycle_start_time": "2022-08-19T05:18:16+00:00"
}