{
    "soc_min": 2,
    "soc_max": 98,
    "r1": 0.00934944624735039,
    "c1": 500990.10822344635,
    "ir_a": 0.0011191259092981647,
    "ir_b": 0.06257880909162246,
    "ir_c": 0.0022017086069733792,
    "ir_d": 0.010819246276912085,
    "ir_e": 0.2308024072513898,
    "no_cells": 14,
    "cell_temp_init": 42.3455541961043,
    "amb_temp_celsius": 34.00529006700966,
    "bat_cell_cap": 66.0,
    "sohc_init_1": 51.56681901816293,
    "sohc_init_2": 51.56681901816293,
    "sohc_init_3": 51.56681901816293,
    "sohc_init_4": 51.56681901816293,
    "sohc_init_5": 51.56681901816293,
    "sohc_init_6": 51.56681901816293,
    "sohc_init_7": 51.56681901816293,
    "sohc_init_8": 51.56681901816293,
    "sohc_init_9": 51.56681901816293,
    "sohc_init_10": 51.56681901816293,
    "sohc_init_11": 51.56681901816293,
    "sohc_init_12": 51.56681901816293,
    "sohc_init_13": 51.56681901816293,
    "sohc_init_14": 51.56681901816293,
    "sohr_init_1": 1.7717394406670883,
    "sohr_init_2": 1.7717394406670883,
    "sohr_init_3": 1.7717394406670883,
    "sohr_init_4": 1.7717394406670883,
    "sohr_init_5": 1.7717394406670883,
    "sohr_init_6": 1.7717394406670883,
    "sohr_init_7": 1.7717394406670883,
    "sohr_init_8": 1.7717394406670883,
    "sohr_init_9": 1.7717394406670883,
    "sohr_init_10": 1.7717394406670883,
    "sohr_init_11": 1.7717394406670883,
    "sohr_init_12": 1.7717394406670883,
    "sohr_init_13": 1.7717394406670883,
    "sohr_init_14": 1.7717394406670883,
    "soc_init_1": 32.372423264015765,
    "soc_init_2": 32.372423264015765,
    "soc_init_3": 32.372423264015765,
    "soc_init_4": 32.372423264015765,
    "soc_init_5": 32.372423264015765,
    "soc_init_6": 32.372423264015765,
    "soc_init_7": 32.372423264015765,
    "soc_init_8": 32.372423264015765,
    "soc_init_9": 32.372423264015765,
    "soc_init_10": 32.372423264015765,
    "soc_init_11": 32.372423264015765,
    "soc_init_12": 32.372423264015765,
    "soc_init_13": 32.372423264015765,
    "soc_init_14": 32.372423264015765,
    "cost": 1.4966484205989212,
    "device": "bPB00055",
    "cycle_start_time": "2021-11-06T18:03:28+00:00"
}