{
    "soc_min": 2,
    "soc_max": 98,
    "r1": 0.010385319368677154,
    "c1": 261583.71299501383,
    "ir_a": 0.007162347283645811,
    "ir_b": 0.14834049329137788,
    "ir_c": 0.0011372661120528321,
    "ir_d": 0.0788205206509094,
    "ir_e": 0.9996815600787744,
    "no_cells": 14,
    "cell_temp_init": 40.00044702929803,
    "amb_temp_celsius": 39.78699081806554,
    "bat_cell_cap": 66.0,
    "sohc_init_1": 45.00552571715869,
    "sohc_init_2": 45.00552571715869,
    "sohc_init_3": 45.00552571715869,
    "sohc_init_4": 45.00552571715869,
    "sohc_init_5": 45.00552571715869,
    "sohc_init_6": 45.00552571715869,
    "sohc_init_7": 45.00552571715869,
    "sohc_init_8": 45.00552571715869,
    "sohc_init_9": 45.00552571715869,
    "sohc_init_10": 45.00552571715869,
    "sohc_init_11": 45.00552571715869,
    "sohc_init_12": 45.00552571715869,
    "sohc_init_13": 45.00552571715869,
    "sohc_init_14": 45.00552571715869,
    "sohr_init_1": 2.0692110014452085,
    "sohr_init_2": 2.0692110014452085,
    "sohr_init_3": 2.0692110014452085,
    "sohr_init_4": 2.0692110014452085,
    "sohr_init_5": 2.0692110014452085,
    "sohr_init_6": 2.0692110014452085,
    "sohr_init_7": 2.0692110014452085,
    "sohr_init_8": 2.0692110014452085,
    "sohr_init_9": 2.0692110014452085,
    "sohr_init_10": 2.0692110014452085,
    "sohr_init_11": 2.0692110014452085,
    "sohr_init_12": 2.0692110014452085,
    "sohr_init_13": 2.0692110014452085,
    "sohr_init_14": 2.0692110014452085,
    "soc_init_1": 3.4200554936407066,
    "soc_init_2": 3.4200554936407066,
    "soc_init_3": 3.4200554936407066,
    "soc_init_4": 3.4200554936407066,
    "soc_init_5": 3.4200554936407066,
    "soc_init_6": 3.4200554936407066,
    "soc_init_7": 3.4200554936407066,
    "soc_init_8": 3.4200554936407066,
    "soc_init_9": 3.4200554936407066,
    "soc_init_10": 3.4200554936407066,
    "soc_init_11": 3.4200554936407066,
    "soc_init_12": 3.4200554936407066,
    "soc_init_13": 3.4200554936407066,
    "soc_init_14": 3.4200554936407066,
    "cost": 1.1034088408501979,
    "device": "bPB00055",
    "cycle_start_time": "2021-11-08T00:10:38+00:00"
}