{
    "soc_min": 2,
    "soc_max": 98,
    "r1": 0.0006763655601844445,
    "c1": 1210549.1125593316,
    "ir_a": 0.006548814354737746,
    "ir_b": 0.16976909170597662,
    "ir_c": 0.00018568907796294454,
    "ir_d": 0.038662700444953485,
    "ir_e": 0.8541485711813853,
    "no_cells": 14,
    "cell_temp_init": 42.17939969965638,
    "amb_temp_celsius": 34.01119010164417,
    "bat_cell_cap": 66.0,
    "sohc_init_1": 63.951051578904426,
    "sohc_init_2": 63.951051578904426,
    "sohc_init_3": 63.951051578904426,
    "sohc_init_4": 63.951051578904426,
    "sohc_init_5": 63.951051578904426,
    "sohc_init_6": 63.951051578904426,
    "sohc_init_7": 63.951051578904426,
    "sohc_init_8": 63.951051578904426,
    "sohc_init_9": 63.951051578904426,
    "sohc_init_10": 63.951051578904426,
    "sohc_init_11": 63.951051578904426,
    "sohc_init_12": 63.951051578904426,
    "sohc_init_13": 63.951051578904426,
    "sohc_init_14": 63.951051578904426,
    "sohr_init_1": 1.8982811411419183,
    "sohr_init_2": 1.8982811411419183,
    "sohr_init_3": 1.8982811411419183,
    "sohr_init_4": 1.8982811411419183,
    "sohr_init_5": 1.8982811411419183,
    "sohr_init_6": 1.8982811411419183,
    "sohr_init_7": 1.8982811411419183,
    "sohr_init_8": 1.8982811411419183,
    "sohr_init_9": 1.8982811411419183,
    "sohr_init_10": 1.8982811411419183,
    "sohr_init_11": 1.8982811411419183,
    "sohr_init_12": 1.8982811411419183,
    "sohr_init_13": 1.8982811411419183,
    "sohr_init_14": 1.8982811411419183,
    "soc_init_1": 34.8759448710017,
    "soc_init_2": 34.8759448710017,
    "soc_init_3": 34.8759448710017,
    "soc_init_4": 34.8759448710017,
    "soc_init_5": 34.8759448710017,
    "soc_init_6": 34.8759448710017,
    "soc_init_7": 34.8759448710017,
    "soc_init_8": 34.8759448710017,
    "soc_init_9": 34.8759448710017,
    "soc_init_10": 34.8759448710017,
    "soc_init_11": 34.8759448710017,
    "soc_init_12": 34.8759448710017,
    "soc_init_13": 34.8759448710017,
    "soc_init_14": 34.8759448710017,
    "cost": 1.177277086153408,
    "device": "bPB00055",
    "cycle_start_time": "2022-09-03T10:10:59+00:00"
}