{
    "soc_min": 2,
    "soc_max": 98,
    "r1": 0.0017214592900262687,
    "c1": 100345.82296393956,
    "ir_a": 0.007571921660986229,
    "ir_b": 0.1977687243163569,
    "ir_c": 0.002051731285750939,
    "ir_d": 0.029102656309760902,
    "ir_e": 0.29094437566321607,
    "no_cells": 14,
    "cell_temp_init": 36.000032360975915,
    "amb_temp_celsius": 28.0016705939273,
    "bat_cell_cap": 66.0,
    "sohc_init_1": 48.932525559968184,
    "sohc_init_2": 48.932525559968184,
    "sohc_init_3": 48.932525559968184,
    "sohc_init_4": 48.932525559968184,
    "sohc_init_5": 48.932525559968184,
    "sohc_init_6": 48.932525559968184,
    "sohc_init_7": 48.932525559968184,
    "sohc_init_8": 48.932525559968184,
    "sohc_init_9": 48.932525559968184,
    "sohc_init_10": 48.932525559968184,
    "sohc_init_11": 48.932525559968184,
    "sohc_init_12": 48.932525559968184,
    "sohc_init_13": 48.932525559968184,
    "sohc_init_14": 48.932525559968184,
    "sohr_init_1": 1.188175626074782,
    "sohr_init_2": 1.188175626074782,
    "sohr_init_3": 1.188175626074782,
    "sohr_init_4": 1.188175626074782,
    "sohr_init_5": 1.188175626074782,
    "sohr_init_6": 1.188175626074782,
    "sohr_init_7": 1.188175626074782,
    "sohr_init_8": 1.188175626074782,
    "sohr_init_9": 1.188175626074782,
    "sohr_init_10": 1.188175626074782,
    "sohr_init_11": 1.188175626074782,
    "sohr_init_12": 1.188175626074782,
    "sohr_init_13": 1.188175626074782,
    "sohr_init_14": 1.188175626074782,
    "soc_init_1": 24.806350178228193,
    "soc_init_2": 24.806350178228193,
    "soc_init_3": 24.806350178228193,
    "soc_init_4": 24.806350178228193,
    "soc_init_5": 24.806350178228193,
    "soc_init_6": 24.806350178228193,
    "soc_init_7": 24.806350178228193,
    "soc_init_8": 24.806350178228193,
    "soc_init_9": 24.806350178228193,
    "soc_init_10": 24.806350178228193,
    "soc_init_11": 24.806350178228193,
    "soc_init_12": 24.806350178228193,
    "soc_init_13": 24.806350178228193,
    "soc_init_14": 24.806350178228193,
    "cost": 0.5729000197307959,
    "device": "bPB00055",
    "cycle_start_time": "2022-11-09T18:30:11+00:00"
}