{
    "soc_min": 2,
    "soc_max": 98,
    "r1": 0.01970701251383252,
    "c1": 1633422.58263506,
    "ir_a": 0.007006958293433611,
    "ir_b": 0.19657474362787458,
    "ir_c": 0.002625403219632073,
    "ir_d": 0.09956464009837757,
    "ir_e": 0.9998942908037652,
    "no_cells": 14,
    "cell_temp_init": 41.00036246088807,
    "amb_temp_celsius": 42.25937538493085,
    "bat_cell_cap": 66.0,
    "sohc_init_1": 45.001122374941275,
    "sohc_init_2": 45.001122374941275,
    "sohc_init_3": 45.001122374941275,
    "sohc_init_4": 45.001122374941275,
    "sohc_init_5": 45.001122374941275,
    "sohc_init_6": 45.001122374941275,
    "sohc_init_7": 45.001122374941275,
    "sohc_init_8": 45.001122374941275,
    "sohc_init_9": 45.001122374941275,
    "sohc_init_10": 45.001122374941275,
    "sohc_init_11": 45.001122374941275,
    "sohc_init_12": 45.001122374941275,
    "sohc_init_13": 45.001122374941275,
    "sohc_init_14": 45.001122374941275,
    "sohr_init_1": 2.580216138569188,
    "sohr_init_2": 2.580216138569188,
    "sohr_init_3": 2.580216138569188,
    "sohr_init_4": 2.580216138569188,
    "sohr_init_5": 2.580216138569188,
    "sohr_init_6": 2.580216138569188,
    "sohr_init_7": 2.580216138569188,
    "sohr_init_8": 2.580216138569188,
    "sohr_init_9": 2.580216138569188,
    "sohr_init_10": 2.580216138569188,
    "sohr_init_11": 2.580216138569188,
    "sohr_init_12": 2.580216138569188,
    "sohr_init_13": 2.580216138569188,
    "sohr_init_14": 2.580216138569188,
    "soc_init_1": 3.2861201928448405,
    "soc_init_2": 3.2861201928448405,
    "soc_init_3": 3.2861201928448405,
    "soc_init_4": 3.2861201928448405,
    "soc_init_5": 3.2861201928448405,
    "soc_init_6": 3.2861201928448405,
    "soc_init_7": 3.2861201928448405,
    "soc_init_8": 3.2861201928448405,
    "soc_init_9": 3.2861201928448405,
    "soc_init_10": 3.2861201928448405,
    "soc_init_11": 3.2861201928448405,
    "soc_init_12": 3.2861201928448405,
    "soc_init_13": 3.2861201928448405,
    "soc_init_14": 3.2861201928448405,
    "cost": 1.3329358677053997,
    "device": "bPB00055",
    "cycle_start_time": "2021-11-10T00:08:28+00:00"
}