{
    "soc_min": 2,
    "soc_max": 98,
    "r1": 0.007089238732549059,
    "c1": 1999278.9715396443,
    "ir_a": 0.001646384752321136,
    "ir_b": 0.1515915082410323,
    "ir_c": 0.0010259188194965546,
    "ir_d": 0.05745066368723359,
    "ir_e": 0.8805608295365269,
    "no_cells": 14,
    "cell_temp_init": 41.000562160422525,
    "amb_temp_celsius": 33.001121634676345,
    "bat_cell_cap": 66.0,
    "sohc_init_1": 55.8039011535987,
    "sohc_init_2": 55.8039011535987,
    "sohc_init_3": 55.8039011535987,
    "sohc_init_4": 55.8039011535987,
    "sohc_init_5": 55.8039011535987,
    "sohc_init_6": 55.8039011535987,
    "sohc_init_7": 55.8039011535987,
    "sohc_init_8": 55.8039011535987,
    "sohc_init_9": 55.8039011535987,
    "sohc_init_10": 55.8039011535987,
    "sohc_init_11": 55.8039011535987,
    "sohc_init_12": 55.8039011535987,
    "sohc_init_13": 55.8039011535987,
    "sohc_init_14": 55.8039011535987,
    "sohr_init_1": 1.140938856581748,
    "sohr_init_2": 1.140938856581748,
    "sohr_init_3": 1.140938856581748,
    "sohr_init_4": 1.140938856581748,
    "sohr_init_5": 1.140938856581748,
    "sohr_init_6": 1.140938856581748,
    "sohr_init_7": 1.140938856581748,
    "sohr_init_8": 1.140938856581748,
    "sohr_init_9": 1.140938856581748,
    "sohr_init_10": 1.140938856581748,
    "sohr_init_11": 1.140938856581748,
    "sohr_init_12": 1.140938856581748,
    "sohr_init_13": 1.140938856581748,
    "sohr_init_14": 1.140938856581748,
    "soc_init_1": 13.417810256747229,
    "soc_init_2": 13.417810256747229,
    "soc_init_3": 13.417810256747229,
    "soc_init_4": 13.417810256747229,
    "soc_init_5": 13.417810256747229,
    "soc_init_6": 13.417810256747229,
    "soc_init_7": 13.417810256747229,
    "soc_init_8": 13.417810256747229,
    "soc_init_9": 13.417810256747229,
    "soc_init_10": 13.417810256747229,
    "soc_init_11": 13.417810256747229,
    "soc_init_12": 13.417810256747229,
    "soc_init_13": 13.417810256747229,
    "soc_init_14": 13.417810256747229,
    "cost": 0.7574821550197385,
    "device": "bPB00055",
    "cycle_start_time": "2022-08-17T06:21:38+00:00"
}