{
    "soc_min": 2,
    "soc_max": 98,
    "r1": 0.0013588668756294206,
    "c1": 147189.23285348428,
    "ir_a": 0.00011483302161327964,
    "ir_b": 0.10092132508996206,
    "ir_c": 0.0013499143652700289,
    "ir_d": 0.09506770648188259,
    "ir_e": 0.8319878899793784,
    "no_cells": 14,
    "cell_temp_init": 36.000064941196165,
    "amb_temp_celsius": 28.000543636879353,
    "bat_cell_cap": 66.0,
    "sohc_init_1": 49.31736650000346,
    "sohc_init_2": 49.31736650000346,
    "sohc_init_3": 49.31736650000346,
    "sohc_init_4": 49.31736650000346,
    "sohc_init_5": 49.31736650000346,
    "sohc_init_6": 49.31736650000346,
    "sohc_init_7": 49.31736650000346,
    "sohc_init_8": 49.31736650000346,
    "sohc_init_9": 49.31736650000346,
    "sohc_init_10": 49.31736650000346,
    "sohc_init_11": 49.31736650000346,
    "sohc_init_12": 49.31736650000346,
    "sohc_init_13": 49.31736650000346,
    "sohc_init_14": 49.31736650000346,
    "sohr_init_1": 2.0710650254602596,
    "sohr_init_2": 2.0710650254602596,
    "sohr_init_3": 2.0710650254602596,
    "sohr_init_4": 2.0710650254602596,
    "sohr_init_5": 2.0710650254602596,
    "sohr_init_6": 2.0710650254602596,
    "sohr_init_7": 2.0710650254602596,
    "sohr_init_8": 2.0710650254602596,
    "sohr_init_9": 2.0710650254602596,
    "sohr_init_10": 2.0710650254602596,
    "sohr_init_11": 2.0710650254602596,
    "sohr_init_12": 2.0710650254602596,
    "sohr_init_13": 2.0710650254602596,
    "sohr_init_14": 2.0710650254602596,
    "soc_init_1": 26.43866403007717,
    "soc_init_2": 26.43866403007717,
    "soc_init_3": 26.43866403007717,
    "soc_init_4": 26.43866403007717,
    "soc_init_5": 26.43866403007717,
    "soc_init_6": 26.43866403007717,
    "soc_init_7": 26.43866403007717,
    "soc_init_8": 26.43866403007717,
    "soc_init_9": 26.43866403007717,
    "soc_init_10": 26.43866403007717,
    "soc_init_11": 26.43866403007717,
    "soc_init_12": 26.43866403007717,
    "soc_init_13": 26.43866403007717,
    "soc_init_14": 26.43866403007717,
    "cost": 0.5722418656953256,
    "device": "bPB00055",
    "cycle_start_time": "2022-11-09T07:09:29+00:00"
}