{
    "soc_min": 2,
    "soc_max": 98,
    "r1": 0.0006553460845178194,
    "c1": 765004.4581750841,
    "ir_a": 0.0004743140393260427,
    "ir_b": 0.12067207713477474,
    "ir_c": 0.0016102022581690346,
    "ir_d": 0.062053439205009844,
    "ir_e": 0.36236039531973313,
    "no_cells": 14,
    "cell_temp_init": 36.000151795744664,
    "amb_temp_celsius": 28.001151631423106,
    "bat_cell_cap": 66.0,
    "sohc_init_1": 50.00274650226808,
    "sohc_init_2": 50.00274650226808,
    "sohc_init_3": 50.00274650226808,
    "sohc_init_4": 50.00274650226808,
    "sohc_init_5": 50.00274650226808,
    "sohc_init_6": 50.00274650226808,
    "sohc_init_7": 50.00274650226808,
    "sohc_init_8": 50.00274650226808,
    "sohc_init_9": 50.00274650226808,
    "sohc_init_10": 50.00274650226808,
    "sohc_init_11": 50.00274650226808,
    "sohc_init_12": 50.00274650226808,
    "sohc_init_13": 50.00274650226808,
    "sohc_init_14": 50.00274650226808,
    "sohr_init_1": 2.1976423986770106,
    "sohr_init_2": 2.1976423986770106,
    "sohr_init_3": 2.1976423986770106,
    "sohr_init_4": 2.1976423986770106,
    "sohr_init_5": 2.1976423986770106,
    "sohr_init_6": 2.1976423986770106,
    "sohr_init_7": 2.1976423986770106,
    "sohr_init_8": 2.1976423986770106,
    "sohr_init_9": 2.1976423986770106,
    "sohr_init_10": 2.1976423986770106,
    "sohr_init_11": 2.1976423986770106,
    "sohr_init_12": 2.1976423986770106,
    "sohr_init_13": 2.1976423986770106,
    "sohr_init_14": 2.1976423986770106,
    "soc_init_1": 23.109054059981734,
    "soc_init_2": 23.109054059981734,
    "soc_init_3": 23.109054059981734,
    "soc_init_4": 23.109054059981734,
    "soc_init_5": 23.109054059981734,
    "soc_init_6": 23.109054059981734,
    "soc_init_7": 23.109054059981734,
    "soc_init_8": 23.109054059981734,
    "soc_init_9": 23.109054059981734,
    "soc_init_10": 23.109054059981734,
    "soc_init_11": 23.109054059981734,
    "soc_init_12": 23.109054059981734,
    "soc_init_13": 23.109054059981734,
    "soc_init_14": 23.109054059981734,
    "cost": 0.5242779314830714,
    "device": "bPB00055",
    "cycle_start_time": "2022-10-31T15:31:07+00:00"
}