{
    "soc_min": 2,
    "soc_max": 98,
    "r1": 0.00674958556930507,
    "c1": 1999383.4657430337,
    "ir_a": 0.0063293290344561175,
    "ir_b": 0.04039868183250745,
    "ir_c": 0.002678903062656456,
    "ir_d": 0.02858874865302071,
    "ir_e": 0.10140729455947657,
    "no_cells": 14,
    "cell_temp_init": 35.000241045989185,
    "amb_temp_celsius": 27.000724533719673,
    "bat_cell_cap": 66.0,
    "sohc_init_1": 54.85688290662732,
    "sohc_init_2": 54.85688290662732,
    "sohc_init_3": 54.85688290662732,
    "sohc_init_4": 54.85688290662732,
    "sohc_init_5": 54.85688290662732,
    "sohc_init_6": 54.85688290662732,
    "sohc_init_7": 54.85688290662732,
    "sohc_init_8": 54.85688290662732,
    "sohc_init_9": 54.85688290662732,
    "sohc_init_10": 54.85688290662732,
    "sohc_init_11": 54.85688290662732,
    "sohc_init_12": 54.85688290662732,
    "sohc_init_13": 54.85688290662732,
    "sohc_init_14": 54.85688290662732,
    "sohr_init_1": 1.15545863188111,
    "sohr_init_2": 1.15545863188111,
    "sohr_init_3": 1.15545863188111,
    "sohr_init_4": 1.15545863188111,
    "sohr_init_5": 1.15545863188111,
    "sohr_init_6": 1.15545863188111,
    "sohr_init_7": 1.15545863188111,
    "sohr_init_8": 1.15545863188111,
    "sohr_init_9": 1.15545863188111,
    "sohr_init_10": 1.15545863188111,
    "sohr_init_11": 1.15545863188111,
    "sohr_init_12": 1.15545863188111,
    "sohr_init_13": 1.15545863188111,
    "sohr_init_14": 1.15545863188111,
    "soc_init_1": 25.650951718990935,
    "soc_init_2": 25.650951718990935,
    "soc_init_3": 25.650951718990935,
    "soc_init_4": 25.650951718990935,
    "soc_init_5": 25.650951718990935,
    "soc_init_6": 25.650951718990935,
    "soc_init_7": 25.650951718990935,
    "soc_init_8": 25.650951718990935,
    "soc_init_9": 25.650951718990935,
    "soc_init_10": 25.650951718990935,
    "soc_init_11": 25.650951718990935,
    "soc_init_12": 25.650951718990935,
    "soc_init_13": 25.650951718990935,
    "soc_init_14": 25.650951718990935,
    "cost": 0.5783320291748891,
    "device": "bPB00055",
    "cycle_start_time": "2022-11-08T08:15:58+00:00"
}