{
    "soc_min": 2,
    "soc_max": 98,
    "r1": 0.019995321209780974,
    "c1": 1999672.1149512213,
    "ir_a": 0.007622818589283361,
    "ir_b": 0.06798115748283863,
    "ir_c": 0.0026385826618316407,
    "ir_d": 0.09963716541138615,
    "ir_e": 0.6994486514523038,
    "no_cells": 14,
    "cell_temp_init": 32.80953379750989,
    "amb_temp_celsius": 24.002281444353443,
    "bat_cell_cap": 66.0,
    "sohc_init_1": 75.76503395239898,
    "sohc_init_2": 75.76503395239898,
    "sohc_init_3": 75.76503395239898,
    "sohc_init_4": 75.76503395239898,
    "sohc_init_5": 75.76503395239898,
    "sohc_init_6": 75.76503395239898,
    "sohc_init_7": 75.76503395239898,
    "sohc_init_8": 75.76503395239898,
    "sohc_init_9": 75.76503395239898,
    "sohc_init_10": 75.76503395239898,
    "sohc_init_11": 75.76503395239898,
    "sohc_init_12": 75.76503395239898,
    "sohc_init_13": 75.76503395239898,
    "sohc_init_14": 75.76503395239898,
    "sohr_init_1": 1.0618128085767011,
    "sohr_init_2": 1.0618128085767011,
    "sohr_init_3": 1.0618128085767011,
    "sohr_init_4": 1.0618128085767011,
    "sohr_init_5": 1.0618128085767011,
    "sohr_init_6": 1.0618128085767011,
    "sohr_init_7": 1.0618128085767011,
    "sohr_init_8": 1.0618128085767011,
    "sohr_init_9": 1.0618128085767011,
    "sohr_init_10": 1.0618128085767011,
    "sohr_init_11": 1.0618128085767011,
    "sohr_init_12": 1.0618128085767011,
    "sohr_init_13": 1.0618128085767011,
    "sohr_init_14": 1.0618128085767011,
    "soc_init_1": 12.376907140395106,
    "soc_init_2": 12.376907140395106,
    "soc_init_3": 12.376907140395106,
    "soc_init_4": 12.376907140395106,
    "soc_init_5": 12.376907140395106,
    "soc_init_6": 12.376907140395106,
    "soc_init_7": 12.376907140395106,
    "soc_init_8": 12.376907140395106,
    "soc_init_9": 12.376907140395106,
    "soc_init_10": 12.376907140395106,
    "soc_init_11": 12.376907140395106,
    "soc_init_12": 12.376907140395106,
    "soc_init_13": 12.376907140395106,
    "soc_init_14": 12.376907140395106,
    "cost": 0.21577779092674193,
    "device": "bPB00055",
    "cycle_start_time": "2021-10-03T04:53:12+00:00"
}