{
    "soc_min": 2,
    "soc_max": 98,
    "r1": 0.0009331322822020682,
    "c1": 197563.67502629664,
    "ir_a": 0.0016791693956202374,
    "ir_b": 0.08440832743334575,
    "ir_c": 9.884619958417016e-05,
    "ir_d": 0.03438478503017411,
    "ir_e": 0.8590768258045605,
    "no_cells": 14,
    "cell_temp_init": 42.53023518277826,
    "amb_temp_celsius": 33.006439177235,
    "bat_cell_cap": 66.0,
    "sohc_init_1": 49.02543711935061,
    "sohc_init_2": 49.02543711935061,
    "sohc_init_3": 49.02543711935061,
    "sohc_init_4": 49.02543711935061,
    "sohc_init_5": 49.02543711935061,
    "sohc_init_6": 49.02543711935061,
    "sohc_init_7": 49.02543711935061,
    "sohc_init_8": 49.02543711935061,
    "sohc_init_9": 49.02543711935061,
    "sohc_init_10": 49.02543711935061,
    "sohc_init_11": 49.02543711935061,
    "sohc_init_12": 49.02543711935061,
    "sohc_init_13": 49.02543711935061,
    "sohc_init_14": 49.02543711935061,
    "sohr_init_1": 1.9622707255037506,
    "sohr_init_2": 1.9622707255037506,
    "sohr_init_3": 1.9622707255037506,
    "sohr_init_4": 1.9622707255037506,
    "sohr_init_5": 1.9622707255037506,
    "sohr_init_6": 1.9622707255037506,
    "sohr_init_7": 1.9622707255037506,
    "sohr_init_8": 1.9622707255037506,
    "sohr_init_9": 1.9622707255037506,
    "sohr_init_10": 1.9622707255037506,
    "sohr_init_11": 1.9622707255037506,
    "sohr_init_12": 1.9622707255037506,
    "sohr_init_13": 1.9622707255037506,
    "sohr_init_14": 1.9622707255037506,
    "soc_init_1": 22.231052191483684,
    "soc_init_2": 22.231052191483684,
    "soc_init_3": 22.231052191483684,
    "soc_init_4": 22.231052191483684,
    "soc_init_5": 22.231052191483684,
    "soc_init_6": 22.231052191483684,
    "soc_init_7": 22.231052191483684,
    "soc_init_8": 22.231052191483684,
    "soc_init_9": 22.231052191483684,
    "soc_init_10": 22.231052191483684,
    "soc_init_11": 22.231052191483684,
    "soc_init_12": 22.231052191483684,
    "soc_init_13": 22.231052191483684,
    "soc_init_14": 22.231052191483684,
    "cost": 0.8423416381252558,
    "device": "bPB00055",
    "cycle_start_time": "2022-08-18T05:32:40+00:00"
}