{
    "soc_min": 2,
    "soc_max": 98,
    "r1": 0.008202493613367048,
    "c1": 460473.9035994632,
    "ir_a": 0.007037893968529041,
    "ir_b": 0.10499549563239947,
    "ir_c": 0.0021930330651640443,
    "ir_d": 0.02351607898142896,
    "ir_e": 0.0218661478309415,
    "no_cells": 14,
    "cell_temp_init": 42.26319237124559,
    "amb_temp_celsius": 34.00231861905521,
    "bat_cell_cap": 66.0,
    "sohc_init_1": 47.71204517130756,
    "sohc_init_2": 47.71204517130756,
    "sohc_init_3": 47.71204517130756,
    "sohc_init_4": 47.71204517130756,
    "sohc_init_5": 47.71204517130756,
    "sohc_init_6": 47.71204517130756,
    "sohc_init_7": 47.71204517130756,
    "sohc_init_8": 47.71204517130756,
    "sohc_init_9": 47.71204517130756,
    "sohc_init_10": 47.71204517130756,
    "sohc_init_11": 47.71204517130756,
    "sohc_init_12": 47.71204517130756,
    "sohc_init_13": 47.71204517130756,
    "sohc_init_14": 47.71204517130756,
    "sohr_init_1": 1.7798936360061557,
    "sohr_init_2": 1.7798936360061557,
    "sohr_init_3": 1.7798936360061557,
    "sohr_init_4": 1.7798936360061557,
    "sohr_init_5": 1.7798936360061557,
    "sohr_init_6": 1.7798936360061557,
    "sohr_init_7": 1.7798936360061557,
    "sohr_init_8": 1.7798936360061557,
    "sohr_init_9": 1.7798936360061557,
    "sohr_init_10": 1.7798936360061557,
    "sohr_init_11": 1.7798936360061557,
    "sohr_init_12": 1.7798936360061557,
    "sohr_init_13": 1.7798936360061557,
    "sohr_init_14": 1.7798936360061557,
    "soc_init_1": 27.111184192122828,
    "soc_init_2": 27.111184192122828,
    "soc_init_3": 27.111184192122828,
    "soc_init_4": 27.111184192122828,
    "soc_init_5": 27.111184192122828,
    "soc_init_6": 27.111184192122828,
    "soc_init_7": 27.111184192122828,
    "soc_init_8": 27.111184192122828,
    "soc_init_9": 27.111184192122828,
    "soc_init_10": 27.111184192122828,
    "soc_init_11": 27.111184192122828,
    "soc_init_12": 27.111184192122828,
    "soc_init_13": 27.111184192122828,
    "soc_init_14": 27.111184192122828,
    "cost": 1.5087502277332456,
    "device": "bPB00055",
    "cycle_start_time": "2021-11-10T07:23:40+00:00"
}