{
    "soc_min": 2,
    "soc_max": 98,
    "r1": 0.01999554951695012,
    "c1": 1998571.2788979819,
    "ir_a": 0.003500968065964183,
    "ir_b": 0.18959517765104952,
    "ir_c": 8.464748794455179e-05,
    "ir_d": 0.08881689739831719,
    "ir_e": 0.9838643320303209,
    "no_cells": 14,
    "cell_temp_init": 41.266136597048195,
    "amb_temp_celsius": 33.549564084750074,
    "bat_cell_cap": 66.0,
    "sohc_init_1": 62.85857695575616,
    "sohc_init_2": 62.85857695575616,
    "sohc_init_3": 62.85857695575616,
    "sohc_init_4": 62.85857695575616,
    "sohc_init_5": 62.85857695575616,
    "sohc_init_6": 62.85857695575616,
    "sohc_init_7": 62.85857695575616,
    "sohc_init_8": 62.85857695575616,
    "sohc_init_9": 62.85857695575616,
    "sohc_init_10": 62.85857695575616,
    "sohc_init_11": 62.85857695575616,
    "sohc_init_12": 62.85857695575616,
    "sohc_init_13": 62.85857695575616,
    "sohc_init_14": 62.85857695575616,
    "sohr_init_1": 2.2785778730340915,
    "sohr_init_2": 2.2785778730340915,
    "sohr_init_3": 2.2785778730340915,
    "sohr_init_4": 2.2785778730340915,
    "sohr_init_5": 2.2785778730340915,
    "sohr_init_6": 2.2785778730340915,
    "sohr_init_7": 2.2785778730340915,
    "sohr_init_8": 2.2785778730340915,
    "sohr_init_9": 2.2785778730340915,
    "sohr_init_10": 2.2785778730340915,
    "sohr_init_11": 2.2785778730340915,
    "sohr_init_12": 2.2785778730340915,
    "sohr_init_13": 2.2785778730340915,
    "sohr_init_14": 2.2785778730340915,
    "soc_init_1": 19.583893167043012,
    "soc_init_2": 19.583893167043012,
    "soc_init_3": 19.583893167043012,
    "soc_init_4": 19.583893167043012,
    "soc_init_5": 19.583893167043012,
    "soc_init_6": 19.583893167043012,
    "soc_init_7": 19.583893167043012,
    "soc_init_8": 19.583893167043012,
    "soc_init_9": 19.583893167043012,
    "soc_init_10": 19.583893167043012,
    "soc_init_11": 19.583893167043012,
    "soc_init_12": 19.583893167043012,
    "soc_init_13": 19.583893167043012,
    "soc_init_14": 19.583893167043012,
    "cost": 0.7376611823187139,
    "device": "bPB00055",
    "cycle_start_time": "2021-11-04T23:40:40+00:00"
}