{
    "soc_min": 2,
    "soc_max": 98,
    "r1": 0.019956611600274263,
    "c1": 1999079.149400274,
    "ir_a": 0.0028720256013535727,
    "ir_b": 0.18999569521478624,
    "ir_c": 1.0646781867211748e-05,
    "ir_d": 0.08675591699701397,
    "ir_e": 0.9970607754086509,
    "no_cells": 14,
    "cell_temp_init": 42.00394128534042,
    "amb_temp_celsius": 34.00348183842508,
    "bat_cell_cap": 66.0,
    "sohc_init_1": 51.645552982200186,
    "sohc_init_2": 51.645552982200186,
    "sohc_init_3": 51.645552982200186,
    "sohc_init_4": 51.645552982200186,
    "sohc_init_5": 51.645552982200186,
    "sohc_init_6": 51.645552982200186,
    "sohc_init_7": 51.645552982200186,
    "sohc_init_8": 51.645552982200186,
    "sohc_init_9": 51.645552982200186,
    "sohc_init_10": 51.645552982200186,
    "sohc_init_11": 51.645552982200186,
    "sohc_init_12": 51.645552982200186,
    "sohc_init_13": 51.645552982200186,
    "sohc_init_14": 51.645552982200186,
    "sohr_init_1": 2.839838211171963,
    "sohr_init_2": 2.839838211171963,
    "sohr_init_3": 2.839838211171963,
    "sohr_init_4": 2.839838211171963,
    "sohr_init_5": 2.839838211171963,
    "sohr_init_6": 2.839838211171963,
    "sohr_init_7": 2.839838211171963,
    "sohr_init_8": 2.839838211171963,
    "sohr_init_9": 2.839838211171963,
    "sohr_init_10": 2.839838211171963,
    "sohr_init_11": 2.839838211171963,
    "sohr_init_12": 2.839838211171963,
    "sohr_init_13": 2.839838211171963,
    "sohr_init_14": 2.839838211171963,
    "soc_init_1": 23.641634544306594,
    "soc_init_2": 23.641634544306594,
    "soc_init_3": 23.641634544306594,
    "soc_init_4": 23.641634544306594,
    "soc_init_5": 23.641634544306594,
    "soc_init_6": 23.641634544306594,
    "soc_init_7": 23.641634544306594,
    "soc_init_8": 23.641634544306594,
    "soc_init_9": 23.641634544306594,
    "soc_init_10": 23.641634544306594,
    "soc_init_11": 23.641634544306594,
    "soc_init_12": 23.641634544306594,
    "soc_init_13": 23.641634544306594,
    "soc_init_14": 23.641634544306594,
    "cost": 0.6841971833254039,
    "device": "bPB00055",
    "cycle_start_time": "2022-09-08T16:29:23+00:00"
}