{
    "soc_min": 2,
    "soc_max": 98,
    "r1": 0.019975235103601028,
    "c1": 1998625.449835931,
    "ir_a": 0.0019482873651366455,
    "ir_b": 0.1526518816953488,
    "ir_c": 0.0015999246232803342,
    "ir_d": 0.06150210789826015,
    "ir_e": 0.4261061376470104,
    "no_cells": 14,
    "cell_temp_init": 36.021888584564635,
    "amb_temp_celsius": 28.01330659910656,
    "bat_cell_cap": 66.0,
    "sohc_init_1": 68.59488752162629,
    "sohc_init_2": 68.59488752162629,
    "sohc_init_3": 68.59488752162629,
    "sohc_init_4": 68.59488752162629,
    "sohc_init_5": 68.59488752162629,
    "sohc_init_6": 68.59488752162629,
    "sohc_init_7": 68.59488752162629,
    "sohc_init_8": 68.59488752162629,
    "sohc_init_9": 68.59488752162629,
    "sohc_init_10": 68.59488752162629,
    "sohc_init_11": 68.59488752162629,
    "sohc_init_12": 68.59488752162629,
    "sohc_init_13": 68.59488752162629,
    "sohc_init_14": 68.59488752162629,
    "sohr_init_1": 1.4044383816460093,
    "sohr_init_2": 1.4044383816460093,
    "sohr_init_3": 1.4044383816460093,
    "sohr_init_4": 1.4044383816460093,
    "sohr_init_5": 1.4044383816460093,
    "sohr_init_6": 1.4044383816460093,
    "sohr_init_7": 1.4044383816460093,
    "sohr_init_8": 1.4044383816460093,
    "sohr_init_9": 1.4044383816460093,
    "sohr_init_10": 1.4044383816460093,
    "sohr_init_11": 1.4044383816460093,
    "sohr_init_12": 1.4044383816460093,
    "sohr_init_13": 1.4044383816460093,
    "sohr_init_14": 1.4044383816460093,
    "soc_init_1": 11.236022967648761,
    "soc_init_2": 11.236022967648761,
    "soc_init_3": 11.236022967648761,
    "soc_init_4": 11.236022967648761,
    "soc_init_5": 11.236022967648761,
    "soc_init_6": 11.236022967648761,
    "soc_init_7": 11.236022967648761,
    "soc_init_8": 11.236022967648761,
    "soc_init_9": 11.236022967648761,
    "soc_init_10": 11.236022967648761,
    "soc_init_11": 11.236022967648761,
    "soc_init_12": 11.236022967648761,
    "soc_init_13": 11.236022967648761,
    "soc_init_14": 11.236022967648761,
    "cost": 0.2621237668629309,
    "device": "bPB00055",
    "cycle_start_time": "2021-11-07T12:48:04+00:00"
}