{
    "soc_min": 2,
    "soc_max": 98,
    "r1": 0.004631053898701443,
    "c1": 496589.5985499046,
    "ir_a": 0.0018589928968089297,
    "ir_b": 0.17089594118093845,
    "ir_c": 0.0016891240500344184,
    "ir_d": 0.09978205495290396,
    "ir_e": 0.9993219226342188,
    "no_cells": 14,
    "cell_temp_init": 42.00229838211832,
    "amb_temp_celsius": 34.0004516625291,
    "bat_cell_cap": 66.0,
    "sohc_init_1": 46.86414576351348,
    "sohc_init_2": 46.86414576351348,
    "sohc_init_3": 46.86414576351348,
    "sohc_init_4": 46.86414576351348,
    "sohc_init_5": 46.86414576351348,
    "sohc_init_6": 46.86414576351348,
    "sohc_init_7": 46.86414576351348,
    "sohc_init_8": 46.86414576351348,
    "sohc_init_9": 46.86414576351348,
    "sohc_init_10": 46.86414576351348,
    "sohc_init_11": 46.86414576351348,
    "sohc_init_12": 46.86414576351348,
    "sohc_init_13": 46.86414576351348,
    "sohc_init_14": 46.86414576351348,
    "sohr_init_1": 1.882388379255075,
    "sohr_init_2": 1.882388379255075,
    "sohr_init_3": 1.882388379255075,
    "sohr_init_4": 1.882388379255075,
    "sohr_init_5": 1.882388379255075,
    "sohr_init_6": 1.882388379255075,
    "sohr_init_7": 1.882388379255075,
    "sohr_init_8": 1.882388379255075,
    "sohr_init_9": 1.882388379255075,
    "sohr_init_10": 1.882388379255075,
    "sohr_init_11": 1.882388379255075,
    "sohr_init_12": 1.882388379255075,
    "sohr_init_13": 1.882388379255075,
    "sohr_init_14": 1.882388379255075,
    "soc_init_1": 21.870879969320306,
    "soc_init_2": 21.870879969320306,
    "soc_init_3": 21.870879969320306,
    "soc_init_4": 21.870879969320306,
    "soc_init_5": 21.870879969320306,
    "soc_init_6": 21.870879969320306,
    "soc_init_7": 21.870879969320306,
    "soc_init_8": 21.870879969320306,
    "soc_init_9": 21.870879969320306,
    "soc_init_10": 21.870879969320306,
    "soc_init_11": 21.870879969320306,
    "soc_init_12": 21.870879969320306,
    "soc_init_13": 21.870879969320306,
    "soc_init_14": 21.870879969320306,
    "cost": 1.0178752140997567,
    "device": "bPB00055",
    "cycle_start_time": "2022-09-12T12:06:25+00:00"
}