{
    "soc_min": 2,
    "soc_max": 98,
    "r1": 0.009575528793663728,
    "c1": 1998795.259316618,
    "ir_a": 0.00010411577467214771,
    "ir_b": 0.09403635588497156,
    "ir_c": 0.0034886766644550682,
    "ir_d": 0.03448594759211016,
    "ir_e": 0.6549677198718803,
    "no_cells": 14,
    "cell_temp_init": 36.000490776542875,
    "amb_temp_celsius": 28.000041399176002,
    "bat_cell_cap": 66.0,
    "sohc_init_1": 55.40544972255262,
    "sohc_init_2": 55.40544972255262,
    "sohc_init_3": 55.40544972255262,
    "sohc_init_4": 55.40544972255262,
    "sohc_init_5": 55.40544972255262,
    "sohc_init_6": 55.40544972255262,
    "sohc_init_7": 55.40544972255262,
    "sohc_init_8": 55.40544972255262,
    "sohc_init_9": 55.40544972255262,
    "sohc_init_10": 55.40544972255262,
    "sohc_init_11": 55.40544972255262,
    "sohc_init_12": 55.40544972255262,
    "sohc_init_13": 55.40544972255262,
    "sohc_init_14": 55.40544972255262,
    "sohr_init_1": 1.090286303201093,
    "sohr_init_2": 1.090286303201093,
    "sohr_init_3": 1.090286303201093,
    "sohr_init_4": 1.090286303201093,
    "sohr_init_5": 1.090286303201093,
    "sohr_init_6": 1.090286303201093,
    "sohr_init_7": 1.090286303201093,
    "sohr_init_8": 1.090286303201093,
    "sohr_init_9": 1.090286303201093,
    "sohr_init_10": 1.090286303201093,
    "sohr_init_11": 1.090286303201093,
    "sohr_init_12": 1.090286303201093,
    "sohr_init_13": 1.090286303201093,
    "sohr_init_14": 1.090286303201093,
    "soc_init_1": 25.288467699733893,
    "soc_init_2": 25.288467699733893,
    "soc_init_3": 25.288467699733893,
    "soc_init_4": 25.288467699733893,
    "soc_init_5": 25.288467699733893,
    "soc_init_6": 25.288467699733893,
    "soc_init_7": 25.288467699733893,
    "soc_init_8": 25.288467699733893,
    "soc_init_9": 25.288467699733893,
    "soc_init_10": 25.288467699733893,
    "soc_init_11": 25.288467699733893,
    "soc_init_12": 25.288467699733893,
    "soc_init_13": 25.288467699733893,
    "soc_init_14": 25.288467699733893,
    "cost": 0.5949329842148068,
    "device": "bPB00055",
    "cycle_start_time": "2022-11-05T05:25:42+00:00"
}