{
    "soc_min": 2,
    "soc_max": 98,
    "r1": 0.0007295543971145219,
    "c1": 823462.3616276806,
    "ir_a": 0.00011106709469010591,
    "ir_b": 0.18665755375727316,
    "ir_c": 0.0014964362386525802,
    "ir_d": 0.060587803711043726,
    "ir_e": 0.8194227698085887,
    "no_cells": 14,
    "cell_temp_init": 36.00002586884085,
    "amb_temp_celsius": 28.001464717287156,
    "bat_cell_cap": 66.0,
    "sohc_init_1": 50.95969697425749,
    "sohc_init_2": 50.95969697425749,
    "sohc_init_3": 50.95969697425749,
    "sohc_init_4": 50.95969697425749,
    "sohc_init_5": 50.95969697425749,
    "sohc_init_6": 50.95969697425749,
    "sohc_init_7": 50.95969697425749,
    "sohc_init_8": 50.95969697425749,
    "sohc_init_9": 50.95969697425749,
    "sohc_init_10": 50.95969697425749,
    "sohc_init_11": 50.95969697425749,
    "sohc_init_12": 50.95969697425749,
    "sohc_init_13": 50.95969697425749,
    "sohc_init_14": 50.95969697425749,
    "sohr_init_1": 2.327477700223544,
    "sohr_init_2": 2.327477700223544,
    "sohr_init_3": 2.327477700223544,
    "sohr_init_4": 2.327477700223544,
    "sohr_init_5": 2.327477700223544,
    "sohr_init_6": 2.327477700223544,
    "sohr_init_7": 2.327477700223544,
    "sohr_init_8": 2.327477700223544,
    "sohr_init_9": 2.327477700223544,
    "sohr_init_10": 2.327477700223544,
    "sohr_init_11": 2.327477700223544,
    "sohr_init_12": 2.327477700223544,
    "sohr_init_13": 2.327477700223544,
    "sohr_init_14": 2.327477700223544,
    "soc_init_1": 23.309303652310895,
    "soc_init_2": 23.309303652310895,
    "soc_init_3": 23.309303652310895,
    "soc_init_4": 23.309303652310895,
    "soc_init_5": 23.309303652310895,
    "soc_init_6": 23.309303652310895,
    "soc_init_7": 23.309303652310895,
    "soc_init_8": 23.309303652310895,
    "soc_init_9": 23.309303652310895,
    "soc_init_10": 23.309303652310895,
    "soc_init_11": 23.309303652310895,
    "soc_init_12": 23.309303652310895,
    "soc_init_13": 23.309303652310895,
    "soc_init_14": 23.309303652310895,
    "cost": 0.5014375760464445,
    "device": "bPB00055",
    "cycle_start_time": "2022-11-01T18:02:08+00:00"
}