{
    "soc_min": 2,
    "soc_max": 98,
    "r1": 0.002573037507665676,
    "c1": 601022.7523686357,
    "ir_a": 0.002961958804591714,
    "ir_b": 0.17312557792379915,
    "ir_c": 0.004710991936614627,
    "ir_d": 0.0669464176667778,
    "ir_e": 0.9985521241327623,
    "no_cells": 14,
    "cell_temp_init": 40.00037591826126,
    "amb_temp_celsius": 32.12921494218791,
    "bat_cell_cap": 66.0,
    "sohc_init_1": 45.1506617624746,
    "sohc_init_2": 45.1506617624746,
    "sohc_init_3": 45.1506617624746,
    "sohc_init_4": 45.1506617624746,
    "sohc_init_5": 45.1506617624746,
    "sohc_init_6": 45.1506617624746,
    "sohc_init_7": 45.1506617624746,
    "sohc_init_8": 45.1506617624746,
    "sohc_init_9": 45.1506617624746,
    "sohc_init_10": 45.1506617624746,
    "sohc_init_11": 45.1506617624746,
    "sohc_init_12": 45.1506617624746,
    "sohc_init_13": 45.1506617624746,
    "sohc_init_14": 45.1506617624746,
    "sohr_init_1": 1.001228479922625,
    "sohr_init_2": 1.001228479922625,
    "sohr_init_3": 1.001228479922625,
    "sohr_init_4": 1.001228479922625,
    "sohr_init_5": 1.001228479922625,
    "sohr_init_6": 1.001228479922625,
    "sohr_init_7": 1.001228479922625,
    "sohr_init_8": 1.001228479922625,
    "sohr_init_9": 1.001228479922625,
    "sohr_init_10": 1.001228479922625,
    "sohr_init_11": 1.001228479922625,
    "sohr_init_12": 1.001228479922625,
    "sohr_init_13": 1.001228479922625,
    "sohr_init_14": 1.001228479922625,
    "soc_init_1": 5.940066563715647,
    "soc_init_2": 5.940066563715647,
    "soc_init_3": 5.940066563715647,
    "soc_init_4": 5.940066563715647,
    "soc_init_5": 5.940066563715647,
    "soc_init_6": 5.940066563715647,
    "soc_init_7": 5.940066563715647,
    "soc_init_8": 5.940066563715647,
    "soc_init_9": 5.940066563715647,
    "soc_init_10": 5.940066563715647,
    "soc_init_11": 5.940066563715647,
    "soc_init_12": 5.940066563715647,
    "soc_init_13": 5.940066563715647,
    "soc_init_14": 5.940066563715647,
    "cost": 0.924801919302856,
    "device": "bPB00055",
    "cycle_start_time": "2021-11-13T06:40:30+00:00"
}