{
    "soc_min": 2,
    "soc_max": 98,
    "r1": 0.0012861930587029589,
    "c1": 180385.19146708972,
    "ir_a": 0.000536305324127742,
    "ir_b": 0.1438308004434477,
    "ir_c": 0.0013099277280642229,
    "ir_d": 0.011848882615881608,
    "ir_e": 0.4240827388621718,
    "no_cells": 14,
    "cell_temp_init": 36.00006126000563,
    "amb_temp_celsius": 28.00143290891981,
    "bat_cell_cap": 66.0,
    "sohc_init_1": 48.75204638505956,
    "sohc_init_2": 48.75204638505956,
    "sohc_init_3": 48.75204638505956,
    "sohc_init_4": 48.75204638505956,
    "sohc_init_5": 48.75204638505956,
    "sohc_init_6": 48.75204638505956,
    "sohc_init_7": 48.75204638505956,
    "sohc_init_8": 48.75204638505956,
    "sohc_init_9": 48.75204638505956,
    "sohc_init_10": 48.75204638505956,
    "sohc_init_11": 48.75204638505956,
    "sohc_init_12": 48.75204638505956,
    "sohc_init_13": 48.75204638505956,
    "sohc_init_14": 48.75204638505956,
    "sohr_init_1": 2.1649734010822375,
    "sohr_init_2": 2.1649734010822375,
    "sohr_init_3": 2.1649734010822375,
    "sohr_init_4": 2.1649734010822375,
    "sohr_init_5": 2.1649734010822375,
    "sohr_init_6": 2.1649734010822375,
    "sohr_init_7": 2.1649734010822375,
    "sohr_init_8": 2.1649734010822375,
    "sohr_init_9": 2.1649734010822375,
    "sohr_init_10": 2.1649734010822375,
    "sohr_init_11": 2.1649734010822375,
    "sohr_init_12": 2.1649734010822375,
    "sohr_init_13": 2.1649734010822375,
    "sohr_init_14": 2.1649734010822375,
    "soc_init_1": 26.436652190892886,
    "soc_init_2": 26.436652190892886,
    "soc_init_3": 26.436652190892886,
    "soc_init_4": 26.436652190892886,
    "soc_init_5": 26.436652190892886,
    "soc_init_6": 26.436652190892886,
    "soc_init_7": 26.436652190892886,
    "soc_init_8": 26.436652190892886,
    "soc_init_9": 26.436652190892886,
    "soc_init_10": 26.436652190892886,
    "soc_init_11": 26.436652190892886,
    "soc_init_12": 26.436652190892886,
    "soc_init_13": 26.436652190892886,
    "soc_init_14": 26.436652190892886,
    "cost": 0.5446915131174042,
    "device": "bPB00055",
    "cycle_start_time": "2022-11-13T02:07:34+00:00"
}