{
    "soc_min": 2,
    "soc_max": 98,
    "r1": 0.0013985167233838173,
    "c1": 102142.72638886032,
    "ir_a": 0.0009985210276275407,
    "ir_b": 0.03891930891847778,
    "ir_c": 0.0021076466568545273,
    "ir_d": 0.09390567875662366,
    "ir_e": 0.7531829622382478,
    "no_cells": 14,
    "cell_temp_init": 35.00029878192899,
    "amb_temp_celsius": 27.002306612377783,
    "bat_cell_cap": 66.0,
    "sohc_init_1": 49.77650484975192,
    "sohc_init_2": 49.77650484975192,
    "sohc_init_3": 49.77650484975192,
    "sohc_init_4": 49.77650484975192,
    "sohc_init_5": 49.77650484975192,
    "sohc_init_6": 49.77650484975192,
    "sohc_init_7": 49.77650484975192,
    "sohc_init_8": 49.77650484975192,
    "sohc_init_9": 49.77650484975192,
    "sohc_init_10": 49.77650484975192,
    "sohc_init_11": 49.77650484975192,
    "sohc_init_12": 49.77650484975192,
    "sohc_init_13": 49.77650484975192,
    "sohc_init_14": 49.77650484975192,
    "sohr_init_1": 1.3788079341531696,
    "sohr_init_2": 1.3788079341531696,
    "sohr_init_3": 1.3788079341531696,
    "sohr_init_4": 1.3788079341531696,
    "sohr_init_5": 1.3788079341531696,
    "sohr_init_6": 1.3788079341531696,
    "sohr_init_7": 1.3788079341531696,
    "sohr_init_8": 1.3788079341531696,
    "sohr_init_9": 1.3788079341531696,
    "sohr_init_10": 1.3788079341531696,
    "sohr_init_11": 1.3788079341531696,
    "sohr_init_12": 1.3788079341531696,
    "sohr_init_13": 1.3788079341531696,
    "sohr_init_14": 1.3788079341531696,
    "soc_init_1": 24.650150208221845,
    "soc_init_2": 24.650150208221845,
    "soc_init_3": 24.650150208221845,
    "soc_init_4": 24.650150208221845,
    "soc_init_5": 24.650150208221845,
    "soc_init_6": 24.650150208221845,
    "soc_init_7": 24.650150208221845,
    "soc_init_8": 24.650150208221845,
    "soc_init_9": 24.650150208221845,
    "soc_init_10": 24.650150208221845,
    "soc_init_11": 24.650150208221845,
    "soc_init_12": 24.650150208221845,
    "soc_init_13": 24.650150208221845,
    "soc_init_14": 24.650150208221845,
    "cost": 0.46861103733260845,
    "device": "bPB00055",
    "cycle_start_time": "2022-11-03T15:21:24+00:00"
}