{
    "soc_min": 2,
    "soc_max": 98,
    "r1": 0.0008104262671388439,
    "c1": 487283.9200585425,
    "ir_a": 0.0005399204885292552,
    "ir_b": 0.07716002640342076,
    "ir_c": 0.00014716493717455183,
    "ir_d": 0.09995657363934982,
    "ir_e": 0.9999811120961246,
    "no_cells": 14,
    "cell_temp_init": 42.00243725014467,
    "amb_temp_celsius": 34.01031053246615,
    "bat_cell_cap": 66.0,
    "sohc_init_1": 45.02687707944373,
    "sohc_init_2": 45.02687707944373,
    "sohc_init_3": 45.02687707944373,
    "sohc_init_4": 45.02687707944373,
    "sohc_init_5": 45.02687707944373,
    "sohc_init_6": 45.02687707944373,
    "sohc_init_7": 45.02687707944373,
    "sohc_init_8": 45.02687707944373,
    "sohc_init_9": 45.02687707944373,
    "sohc_init_10": 45.02687707944373,
    "sohc_init_11": 45.02687707944373,
    "sohc_init_12": 45.02687707944373,
    "sohc_init_13": 45.02687707944373,
    "sohc_init_14": 45.02687707944373,
    "sohr_init_1": 2.5645136203740857,
    "sohr_init_2": 2.5645136203740857,
    "sohr_init_3": 2.5645136203740857,
    "sohr_init_4": 2.5645136203740857,
    "sohr_init_5": 2.5645136203740857,
    "sohr_init_6": 2.5645136203740857,
    "sohr_init_7": 2.5645136203740857,
    "sohr_init_8": 2.5645136203740857,
    "sohr_init_9": 2.5645136203740857,
    "sohr_init_10": 2.5645136203740857,
    "sohr_init_11": 2.5645136203740857,
    "sohr_init_12": 2.5645136203740857,
    "sohr_init_13": 2.5645136203740857,
    "sohr_init_14": 2.5645136203740857,
    "soc_init_1": 15.891095277191155,
    "soc_init_2": 15.891095277191155,
    "soc_init_3": 15.891095277191155,
    "soc_init_4": 15.891095277191155,
    "soc_init_5": 15.891095277191155,
    "soc_init_6": 15.891095277191155,
    "soc_init_7": 15.891095277191155,
    "soc_init_8": 15.891095277191155,
    "soc_init_9": 15.891095277191155,
    "soc_init_10": 15.891095277191155,
    "soc_init_11": 15.891095277191155,
    "soc_init_12": 15.891095277191155,
    "soc_init_13": 15.891095277191155,
    "soc_init_14": 15.891095277191155,
    "cost": 0.679909790169374,
    "device": "bPB00055",
    "cycle_start_time": "2022-09-08T22:31:25+00:00"
}