{
    "soc_min": 2,
    "soc_max": 98,
    "r1": 0.012596741385961915,
    "c1": 1999498.439643586,
    "ir_a": 0.004535034015381681,
    "ir_b": 0.06507180526111499,
    "ir_c": 0.0023645581158247882,
    "ir_d": 0.028452027015493854,
    "ir_e": 0.18122262517701176,
    "no_cells": 14,
    "cell_temp_init": 35.00004757842369,
    "amb_temp_celsius": 27.00982514041757,
    "bat_cell_cap": 66.0,
    "sohc_init_1": 55.504290511314586,
    "sohc_init_2": 55.504290511314586,
    "sohc_init_3": 55.504290511314586,
    "sohc_init_4": 55.504290511314586,
    "sohc_init_5": 55.504290511314586,
    "sohc_init_6": 55.504290511314586,
    "sohc_init_7": 55.504290511314586,
    "sohc_init_8": 55.504290511314586,
    "sohc_init_9": 55.504290511314586,
    "sohc_init_10": 55.504290511314586,
    "sohc_init_11": 55.504290511314586,
    "sohc_init_12": 55.504290511314586,
    "sohc_init_13": 55.504290511314586,
    "sohc_init_14": 55.504290511314586,
    "sohr_init_1": 1.637820360085297,
    "sohr_init_2": 1.637820360085297,
    "sohr_init_3": 1.637820360085297,
    "sohr_init_4": 1.637820360085297,
    "sohr_init_5": 1.637820360085297,
    "sohr_init_6": 1.637820360085297,
    "sohr_init_7": 1.637820360085297,
    "sohr_init_8": 1.637820360085297,
    "sohr_init_9": 1.637820360085297,
    "sohr_init_10": 1.637820360085297,
    "sohr_init_11": 1.637820360085297,
    "sohr_init_12": 1.637820360085297,
    "sohr_init_13": 1.637820360085297,
    "sohr_init_14": 1.637820360085297,
    "soc_init_1": 26.220633059439137,
    "soc_init_2": 26.220633059439137,
    "soc_init_3": 26.220633059439137,
    "soc_init_4": 26.220633059439137,
    "soc_init_5": 26.220633059439137,
    "soc_init_6": 26.220633059439137,
    "soc_init_7": 26.220633059439137,
    "soc_init_8": 26.220633059439137,
    "soc_init_9": 26.220633059439137,
    "soc_init_10": 26.220633059439137,
    "soc_init_11": 26.220633059439137,
    "soc_init_12": 26.220633059439137,
    "soc_init_13": 26.220633059439137,
    "soc_init_14": 26.220633059439137,
    "cost": 0.5156571542497133,
    "device": "bPB00055",
    "cycle_start_time": "2022-11-08T23:32:57+00:00"
}