{
    "soc_min": 2,
    "soc_max": 98,
    "r1": 0.0075655478092563015,
    "c1": 268192.38446054707,
    "ir_a": 0.0056168371644651025,
    "ir_b": 0.19232768832846786,
    "ir_c": 0.002003826692590412,
    "ir_d": 0.03670567107921231,
    "ir_e": 0.38695438264113635,
    "no_cells": 14,
    "cell_temp_init": 39.002622609821074,
    "amb_temp_celsius": 31.00295184211814,
    "bat_cell_cap": 66.0,
    "sohc_init_1": 45.025057303959436,
    "sohc_init_2": 45.025057303959436,
    "sohc_init_3": 45.025057303959436,
    "sohc_init_4": 45.025057303959436,
    "sohc_init_5": 45.025057303959436,
    "sohc_init_6": 45.025057303959436,
    "sohc_init_7": 45.025057303959436,
    "sohc_init_8": 45.025057303959436,
    "sohc_init_9": 45.025057303959436,
    "sohc_init_10": 45.025057303959436,
    "sohc_init_11": 45.025057303959436,
    "sohc_init_12": 45.025057303959436,
    "sohc_init_13": 45.025057303959436,
    "sohc_init_14": 45.025057303959436,
    "sohr_init_1": 2.726796998624787,
    "sohr_init_2": 2.726796998624787,
    "sohr_init_3": 2.726796998624787,
    "sohr_init_4": 2.726796998624787,
    "sohr_init_5": 2.726796998624787,
    "sohr_init_6": 2.726796998624787,
    "sohr_init_7": 2.726796998624787,
    "sohr_init_8": 2.726796998624787,
    "sohr_init_9": 2.726796998624787,
    "sohr_init_10": 2.726796998624787,
    "sohr_init_11": 2.726796998624787,
    "sohr_init_12": 2.726796998624787,
    "sohr_init_13": 2.726796998624787,
    "sohr_init_14": 2.726796998624787,
    "soc_init_1": 6.656295191909745,
    "soc_init_2": 6.656295191909745,
    "soc_init_3": 6.656295191909745,
    "soc_init_4": 6.656295191909745,
    "soc_init_5": 6.656295191909745,
    "soc_init_6": 6.656295191909745,
    "soc_init_7": 6.656295191909745,
    "soc_init_8": 6.656295191909745,
    "soc_init_9": 6.656295191909745,
    "soc_init_10": 6.656295191909745,
    "soc_init_11": 6.656295191909745,
    "soc_init_12": 6.656295191909745,
    "soc_init_13": 6.656295191909745,
    "soc_init_14": 6.656295191909745,
    "cost": 0.9990738289469543,
    "device": "bPB00055",
    "cycle_start_time": "2021-11-09T16:57:16+00:00"
}