{
    "soc_min": 2,
    "soc_max": 98,
    "r1": 0.009946286473777707,
    "c1": 311782.371722527,
    "ir_a": 0.0006611025933177054,
    "ir_b": 0.17245286659485054,
    "ir_c": 1.0576669529798265e-05,
    "ir_d": 0.015100595750856195,
    "ir_e": 0.040683823036822074,
    "no_cells": 14,
    "cell_temp_init": 41.560665124502215,
    "amb_temp_celsius": 33.001673814323034,
    "bat_cell_cap": 66.0,
    "sohc_init_1": 79.9930008350894,
    "sohc_init_2": 79.9930008350894,
    "sohc_init_3": 79.9930008350894,
    "sohc_init_4": 79.9930008350894,
    "sohc_init_5": 79.9930008350894,
    "sohc_init_6": 79.9930008350894,
    "sohc_init_7": 79.9930008350894,
    "sohc_init_8": 79.9930008350894,
    "sohc_init_9": 79.9930008350894,
    "sohc_init_10": 79.9930008350894,
    "sohc_init_11": 79.9930008350894,
    "sohc_init_12": 79.9930008350894,
    "sohc_init_13": 79.9930008350894,
    "sohc_init_14": 79.9930008350894,
    "sohr_init_1": 1.4840841292506715,
    "sohr_init_2": 1.4840841292506715,
    "sohr_init_3": 1.4840841292506715,
    "sohr_init_4": 1.4840841292506715,
    "sohr_init_5": 1.4840841292506715,
    "sohr_init_6": 1.4840841292506715,
    "sohr_init_7": 1.4840841292506715,
    "sohr_init_8": 1.4840841292506715,
    "sohr_init_9": 1.4840841292506715,
    "sohr_init_10": 1.4840841292506715,
    "sohr_init_11": 1.4840841292506715,
    "sohr_init_12": 1.4840841292506715,
    "sohr_init_13": 1.4840841292506715,
    "sohr_init_14": 1.4840841292506715,
    "soc_init_1": 37.71132148308982,
    "soc_init_2": 37.71132148308982,
    "soc_init_3": 37.71132148308982,
    "soc_init_4": 37.71132148308982,
    "soc_init_5": 37.71132148308982,
    "soc_init_6": 37.71132148308982,
    "soc_init_7": 37.71132148308982,
    "soc_init_8": 37.71132148308982,
    "soc_init_9": 37.71132148308982,
    "soc_init_10": 37.71132148308982,
    "soc_init_11": 37.71132148308982,
    "soc_init_12": 37.71132148308982,
    "soc_init_13": 37.71132148308982,
    "soc_init_14": 37.71132148308982,
    "cost": 1.2727298681464454,
    "device": "bPB00055",
    "cycle_start_time": "2021-11-08T03:59:15+00:00"
}