{
    "soc_min": 2,
    "soc_max": 98,
    "r1": 0.01978533901068665,
    "c1": 1999664.6877210622,
    "ir_a": 0.005425955745623521,
    "ir_b": 0.13262718243003738,
    "ir_c": 0.0010458911231121244,
    "ir_d": 0.09996569164153515,
    "ir_e": 0.9995963309554288,
    "no_cells": 14,
    "cell_temp_init": 36.87884728052681,
    "amb_temp_celsius": 28.00031548902597,
    "bat_cell_cap": 66.0,
    "sohc_init_1": 45.00610373268508,
    "sohc_init_2": 45.00610373268508,
    "sohc_init_3": 45.00610373268508,
    "sohc_init_4": 45.00610373268508,
    "sohc_init_5": 45.00610373268508,
    "sohc_init_6": 45.00610373268508,
    "sohc_init_7": 45.00610373268508,
    "sohc_init_8": 45.00610373268508,
    "sohc_init_9": 45.00610373268508,
    "sohc_init_10": 45.00610373268508,
    "sohc_init_11": 45.00610373268508,
    "sohc_init_12": 45.00610373268508,
    "sohc_init_13": 45.00610373268508,
    "sohc_init_14": 45.00610373268508,
    "sohr_init_1": 1.6325736770020969,
    "sohr_init_2": 1.6325736770020969,
    "sohr_init_3": 1.6325736770020969,
    "sohr_init_4": 1.6325736770020969,
    "sohr_init_5": 1.6325736770020969,
    "sohr_init_6": 1.6325736770020969,
    "sohr_init_7": 1.6325736770020969,
    "sohr_init_8": 1.6325736770020969,
    "sohr_init_9": 1.6325736770020969,
    "sohr_init_10": 1.6325736770020969,
    "sohr_init_11": 1.6325736770020969,
    "sohr_init_12": 1.6325736770020969,
    "sohr_init_13": 1.6325736770020969,
    "sohr_init_14": 1.6325736770020969,
    "soc_init_1": 14.962865858341054,
    "soc_init_2": 14.962865858341054,
    "soc_init_3": 14.962865858341054,
    "soc_init_4": 14.962865858341054,
    "soc_init_5": 14.962865858341054,
    "soc_init_6": 14.962865858341054,
    "soc_init_7": 14.962865858341054,
    "soc_init_8": 14.962865858341054,
    "soc_init_9": 14.962865858341054,
    "soc_init_10": 14.962865858341054,
    "soc_init_11": 14.962865858341054,
    "soc_init_12": 14.962865858341054,
    "soc_init_13": 14.962865858341054,
    "soc_init_14": 14.962865858341054,
    "cost": 0.6464768461542578,
    "device": "bPB00055",
    "cycle_start_time": "2022-10-26T21:22:51+00:00"
}