{
    "soc_min": 2,
    "soc_max": 98,
    "r1": 0.001620971688867528,
    "c1": 102812.69906983347,
    "ir_a": 0.00030429296674242375,
    "ir_b": 0.12904219444624337,
    "ir_c": 0.001287338522873395,
    "ir_d": 0.04627927567608585,
    "ir_e": 0.1117748808132646,
    "no_cells": 14,
    "cell_temp_init": 36.00109821912252,
    "amb_temp_celsius": 28.002717637088598,
    "bat_cell_cap": 66.0,
    "sohc_init_1": 49.80585377944719,
    "sohc_init_2": 49.80585377944719,
    "sohc_init_3": 49.80585377944719,
    "sohc_init_4": 49.80585377944719,
    "sohc_init_5": 49.80585377944719,
    "sohc_init_6": 49.80585377944719,
    "sohc_init_7": 49.80585377944719,
    "sohc_init_8": 49.80585377944719,
    "sohc_init_9": 49.80585377944719,
    "sohc_init_10": 49.80585377944719,
    "sohc_init_11": 49.80585377944719,
    "sohc_init_12": 49.80585377944719,
    "sohc_init_13": 49.80585377944719,
    "sohc_init_14": 49.80585377944719,
    "sohr_init_1": 1.9639979312602815,
    "sohr_init_2": 1.9639979312602815,
    "sohr_init_3": 1.9639979312602815,
    "sohr_init_4": 1.9639979312602815,
    "sohr_init_5": 1.9639979312602815,
    "sohr_init_6": 1.9639979312602815,
    "sohr_init_7": 1.9639979312602815,
    "sohr_init_8": 1.9639979312602815,
    "sohr_init_9": 1.9639979312602815,
    "sohr_init_10": 1.9639979312602815,
    "sohr_init_11": 1.9639979312602815,
    "sohr_init_12": 1.9639979312602815,
    "sohr_init_13": 1.9639979312602815,
    "sohr_init_14": 1.9639979312602815,
    "soc_init_1": 23.949662336738637,
    "soc_init_2": 23.949662336738637,
    "soc_init_3": 23.949662336738637,
    "soc_init_4": 23.949662336738637,
    "soc_init_5": 23.949662336738637,
    "soc_init_6": 23.949662336738637,
    "soc_init_7": 23.949662336738637,
    "soc_init_8": 23.949662336738637,
    "soc_init_9": 23.949662336738637,
    "soc_init_10": 23.949662336738637,
    "soc_init_11": 23.949662336738637,
    "soc_init_12": 23.949662336738637,
    "soc_init_13": 23.949662336738637,
    "soc_init_14": 23.949662336738637,
    "cost": 0.5143901374805573,
    "device": "bPB00055",
    "cycle_start_time": "2022-11-03T03:58:58+00:00"
}