{
    "soc_min": 2,
    "soc_max": 98,
    "r1": 0.004265232876524551,
    "c1": 1057100.3125711589,
    "ir_a": 0.005726133649244728,
    "ir_b": 0.1810426677867273,
    "ir_c": 0.0009380743987705219,
    "ir_d": 0.051000084549688116,
    "ir_e": 0.25972351955971557,
    "no_cells": 14,
    "cell_temp_init": 41.00284567961046,
    "amb_temp_celsius": 33.01806325863421,
    "bat_cell_cap": 66.0,
    "sohc_init_1": 53.29652925932018,
    "sohc_init_2": 53.29652925932018,
    "sohc_init_3": 53.29652925932018,
    "sohc_init_4": 53.29652925932018,
    "sohc_init_5": 53.29652925932018,
    "sohc_init_6": 53.29652925932018,
    "sohc_init_7": 53.29652925932018,
    "sohc_init_8": 53.29652925932018,
    "sohc_init_9": 53.29652925932018,
    "sohc_init_10": 53.29652925932018,
    "sohc_init_11": 53.29652925932018,
    "sohc_init_12": 53.29652925932018,
    "sohc_init_13": 53.29652925932018,
    "sohc_init_14": 53.29652925932018,
    "sohr_init_1": 2.0235849049230135,
    "sohr_init_2": 2.0235849049230135,
    "sohr_init_3": 2.0235849049230135,
    "sohr_init_4": 2.0235849049230135,
    "sohr_init_5": 2.0235849049230135,
    "sohr_init_6": 2.0235849049230135,
    "sohr_init_7": 2.0235849049230135,
    "sohr_init_8": 2.0235849049230135,
    "sohr_init_9": 2.0235849049230135,
    "sohr_init_10": 2.0235849049230135,
    "sohr_init_11": 2.0235849049230135,
    "sohr_init_12": 2.0235849049230135,
    "sohr_init_13": 2.0235849049230135,
    "sohr_init_14": 2.0235849049230135,
    "soc_init_1": 22.94523983156403,
    "soc_init_2": 22.94523983156403,
    "soc_init_3": 22.94523983156403,
    "soc_init_4": 22.94523983156403,
    "soc_init_5": 22.94523983156403,
    "soc_init_6": 22.94523983156403,
    "soc_init_7": 22.94523983156403,
    "soc_init_8": 22.94523983156403,
    "soc_init_9": 22.94523983156403,
    "soc_init_10": 22.94523983156403,
    "soc_init_11": 22.94523983156403,
    "soc_init_12": 22.94523983156403,
    "soc_init_13": 22.94523983156403,
    "soc_init_14": 22.94523983156403,
    "cost": 0.6963746403701765,
    "device": "bPB00055",
    "cycle_start_time": "2022-08-25T20:24:58+00:00"
}