{
    "soc_min": 2,
    "soc_max": 98,
    "r1": 0.019565909923421484,
    "c1": 1999916.2481177342,
    "ir_a": 0.009566082116844642,
    "ir_b": 0.10161979931032612,
    "ir_c": 0.0021635100151085732,
    "ir_d": 0.010073219972248318,
    "ir_e": 0.04857873883420818,
    "no_cells": 14,
    "cell_temp_init": 36.00032417978851,
    "amb_temp_celsius": 28.002411606791014,
    "bat_cell_cap": 66.0,
    "sohc_init_1": 67.71788071077158,
    "sohc_init_2": 67.71788071077158,
    "sohc_init_3": 67.71788071077158,
    "sohc_init_4": 67.71788071077158,
    "sohc_init_5": 67.71788071077158,
    "sohc_init_6": 67.71788071077158,
    "sohc_init_7": 67.71788071077158,
    "sohc_init_8": 67.71788071077158,
    "sohc_init_9": 67.71788071077158,
    "sohc_init_10": 67.71788071077158,
    "sohc_init_11": 67.71788071077158,
    "sohc_init_12": 67.71788071077158,
    "sohc_init_13": 67.71788071077158,
    "sohc_init_14": 67.71788071077158,
    "sohr_init_1": 1.1161018342907831,
    "sohr_init_2": 1.1161018342907831,
    "sohr_init_3": 1.1161018342907831,
    "sohr_init_4": 1.1161018342907831,
    "sohr_init_5": 1.1161018342907831,
    "sohr_init_6": 1.1161018342907831,
    "sohr_init_7": 1.1161018342907831,
    "sohr_init_8": 1.1161018342907831,
    "sohr_init_9": 1.1161018342907831,
    "sohr_init_10": 1.1161018342907831,
    "sohr_init_11": 1.1161018342907831,
    "sohr_init_12": 1.1161018342907831,
    "sohr_init_13": 1.1161018342907831,
    "sohr_init_14": 1.1161018342907831,
    "soc_init_1": 9.869115747043328,
    "soc_init_2": 9.869115747043328,
    "soc_init_3": 9.869115747043328,
    "soc_init_4": 9.869115747043328,
    "soc_init_5": 9.869115747043328,
    "soc_init_6": 9.869115747043328,
    "soc_init_7": 9.869115747043328,
    "soc_init_8": 9.869115747043328,
    "soc_init_9": 9.869115747043328,
    "soc_init_10": 9.869115747043328,
    "soc_init_11": 9.869115747043328,
    "soc_init_12": 9.869115747043328,
    "soc_init_13": 9.869115747043328,
    "soc_init_14": 9.869115747043328,
    "cost": 0.17040600290046004,
    "device": "bPB00055",
    "cycle_start_time": "2021-11-12T20:07:35+00:00"
}