{
    "soc_min": 2,
    "soc_max": 98,
    "r1": 0.00010148354474342546,
    "c1": 1280923.6149106137,
    "ir_a": 0.005060080637056595,
    "ir_b": 0.13267349792388292,
    "ir_c": 0.005318063252479117,
    "ir_d": 0.09999257785788206,
    "ir_e": 0.9999175551473838,
    "no_cells": 14,
    "cell_temp_init": 42.00131818257157,
    "amb_temp_celsius": 34.00148659221035,
    "bat_cell_cap": 66.0,
    "sohc_init_1": 70.68932560700355,
    "sohc_init_2": 70.68932560700355,
    "sohc_init_3": 70.68932560700355,
    "sohc_init_4": 70.68932560700355,
    "sohc_init_5": 70.68932560700355,
    "sohc_init_6": 70.68932560700355,
    "sohc_init_7": 70.68932560700355,
    "sohc_init_8": 70.68932560700355,
    "sohc_init_9": 70.68932560700355,
    "sohc_init_10": 70.68932560700355,
    "sohc_init_11": 70.68932560700355,
    "sohc_init_12": 70.68932560700355,
    "sohc_init_13": 70.68932560700355,
    "sohc_init_14": 70.68932560700355,
    "sohr_init_1": 2.9993515236480315,
    "sohr_init_2": 2.9993515236480315,
    "sohr_init_3": 2.9993515236480315,
    "sohr_init_4": 2.9993515236480315,
    "sohr_init_5": 2.9993515236480315,
    "sohr_init_6": 2.9993515236480315,
    "sohr_init_7": 2.9993515236480315,
    "sohr_init_8": 2.9993515236480315,
    "sohr_init_9": 2.9993515236480315,
    "sohr_init_10": 2.9993515236480315,
    "sohr_init_11": 2.9993515236480315,
    "sohr_init_12": 2.9993515236480315,
    "sohr_init_13": 2.9993515236480315,
    "sohr_init_14": 2.9993515236480315,
    "soc_init_1": 3.0094813868588797,
    "soc_init_2": 3.0094813868588797,
    "soc_init_3": 3.0094813868588797,
    "soc_init_4": 3.0094813868588797,
    "soc_init_5": 3.0094813868588797,
    "soc_init_6": 3.0094813868588797,
    "soc_init_7": 3.0094813868588797,
    "soc_init_8": 3.0094813868588797,
    "soc_init_9": 3.0094813868588797,
    "soc_init_10": 3.0094813868588797,
    "soc_init_11": 3.0094813868588797,
    "soc_init_12": 3.0094813868588797,
    "soc_init_13": 3.0094813868588797,
    "soc_init_14": 3.0094813868588797,
    "cost": 1.2078767723388548,
    "device": "bPB00055",
    "cycle_start_time": "2022-07-06T11:26:02+00:00"
}