{
    "soc_min": 2,
    "soc_max": 98,
    "r1": 0.00037545758285008893,
    "c1": 1101246.0168146621,
    "ir_a": 0.0020182076506371728,
    "ir_b": 0.18062227288443222,
    "ir_c": 0.001749157623515966,
    "ir_d": 0.0790211790761735,
    "ir_e": 0.9955156714637982,
    "no_cells": 14,
    "cell_temp_init": 36.00002318252772,
    "amb_temp_celsius": 28.00065800819502,
    "bat_cell_cap": 66.0,
    "sohc_init_1": 49.43780472182223,
    "sohc_init_2": 49.43780472182223,
    "sohc_init_3": 49.43780472182223,
    "sohc_init_4": 49.43780472182223,
    "sohc_init_5": 49.43780472182223,
    "sohc_init_6": 49.43780472182223,
    "sohc_init_7": 49.43780472182223,
    "sohc_init_8": 49.43780472182223,
    "sohc_init_9": 49.43780472182223,
    "sohc_init_10": 49.43780472182223,
    "sohc_init_11": 49.43780472182223,
    "sohc_init_12": 49.43780472182223,
    "sohc_init_13": 49.43780472182223,
    "sohc_init_14": 49.43780472182223,
    "sohr_init_1": 2.1250869916260617,
    "sohr_init_2": 2.1250869916260617,
    "sohr_init_3": 2.1250869916260617,
    "sohr_init_4": 2.1250869916260617,
    "sohr_init_5": 2.1250869916260617,
    "sohr_init_6": 2.1250869916260617,
    "sohr_init_7": 2.1250869916260617,
    "sohr_init_8": 2.1250869916260617,
    "sohr_init_9": 2.1250869916260617,
    "sohr_init_10": 2.1250869916260617,
    "sohr_init_11": 2.1250869916260617,
    "sohr_init_12": 2.1250869916260617,
    "sohr_init_13": 2.1250869916260617,
    "sohr_init_14": 2.1250869916260617,
    "soc_init_1": 23.497553325854355,
    "soc_init_2": 23.497553325854355,
    "soc_init_3": 23.497553325854355,
    "soc_init_4": 23.497553325854355,
    "soc_init_5": 23.497553325854355,
    "soc_init_6": 23.497553325854355,
    "soc_init_7": 23.497553325854355,
    "soc_init_8": 23.497553325854355,
    "soc_init_9": 23.497553325854355,
    "soc_init_10": 23.497553325854355,
    "soc_init_11": 23.497553325854355,
    "soc_init_12": 23.497553325854355,
    "soc_init_13": 23.497553325854355,
    "soc_init_14": 23.497553325854355,
    "cost": 0.5400578909763194,
    "device": "bPB00055",
    "cycle_start_time": "2022-11-03T07:46:06+00:00"
}