{
    "soc_min": 2,
    "soc_max": 98,
    "r1": 0.0005715423745475945,
    "c1": 813361.8327338776,
    "ir_a": 0.0039492065068178405,
    "ir_b": 0.17263367446746822,
    "ir_c": 0.0015100102144671845,
    "ir_d": 0.05052587865951811,
    "ir_e": 0.4316988687689568,
    "no_cells": 14,
    "cell_temp_init": 36.000116537296066,
    "amb_temp_celsius": 28.000321975715426,
    "bat_cell_cap": 66.0,
    "sohc_init_1": 48.883966250390465,
    "sohc_init_2": 48.883966250390465,
    "sohc_init_3": 48.883966250390465,
    "sohc_init_4": 48.883966250390465,
    "sohc_init_5": 48.883966250390465,
    "sohc_init_6": 48.883966250390465,
    "sohc_init_7": 48.883966250390465,
    "sohc_init_8": 48.883966250390465,
    "sohc_init_9": 48.883966250390465,
    "sohc_init_10": 48.883966250390465,
    "sohc_init_11": 48.883966250390465,
    "sohc_init_12": 48.883966250390465,
    "sohc_init_13": 48.883966250390465,
    "sohc_init_14": 48.883966250390465,
    "sohr_init_1": 2.359801058279556,
    "sohr_init_2": 2.359801058279556,
    "sohr_init_3": 2.359801058279556,
    "sohr_init_4": 2.359801058279556,
    "sohr_init_5": 2.359801058279556,
    "sohr_init_6": 2.359801058279556,
    "sohr_init_7": 2.359801058279556,
    "sohr_init_8": 2.359801058279556,
    "sohr_init_9": 2.359801058279556,
    "sohr_init_10": 2.359801058279556,
    "sohr_init_11": 2.359801058279556,
    "sohr_init_12": 2.359801058279556,
    "sohr_init_13": 2.359801058279556,
    "sohr_init_14": 2.359801058279556,
    "soc_init_1": 25.738585368651936,
    "soc_init_2": 25.738585368651936,
    "soc_init_3": 25.738585368651936,
    "soc_init_4": 25.738585368651936,
    "soc_init_5": 25.738585368651936,
    "soc_init_6": 25.738585368651936,
    "soc_init_7": 25.738585368651936,
    "soc_init_8": 25.738585368651936,
    "soc_init_9": 25.738585368651936,
    "soc_init_10": 25.738585368651936,
    "soc_init_11": 25.738585368651936,
    "soc_init_12": 25.738585368651936,
    "soc_init_13": 25.738585368651936,
    "soc_init_14": 25.738585368651936,
    "cost": 0.5657108276938503,
    "device": "bPB00055",
    "cycle_start_time": "2022-11-12T07:07:03+00:00"
}