{
    "soc_min": 2,
    "soc_max": 98,
    "r1": 0.0025597067362842607,
    "c1": 1361764.2198617691,
    "ir_a": 0.0019853211939957435,
    "ir_b": 0.13691587580925796,
    "ir_c": 0.0002250772971387489,
    "ir_d": 0.07326989646069063,
    "ir_e": 0.8008849934787657,
    "no_cells": 14,
    "cell_temp_init": 42.112565632384616,
    "amb_temp_celsius": 38.893401726845724,
    "bat_cell_cap": 66.0,
    "sohc_init_1": 49.74394798197113,
    "sohc_init_2": 49.74394798197113,
    "sohc_init_3": 49.74394798197113,
    "sohc_init_4": 49.74394798197113,
    "sohc_init_5": 49.74394798197113,
    "sohc_init_6": 49.74394798197113,
    "sohc_init_7": 49.74394798197113,
    "sohc_init_8": 49.74394798197113,
    "sohc_init_9": 49.74394798197113,
    "sohc_init_10": 49.74394798197113,
    "sohc_init_11": 49.74394798197113,
    "sohc_init_12": 49.74394798197113,
    "sohc_init_13": 49.74394798197113,
    "sohc_init_14": 49.74394798197113,
    "sohr_init_1": 2.5335930196022964,
    "sohr_init_2": 2.5335930196022964,
    "sohr_init_3": 2.5335930196022964,
    "sohr_init_4": 2.5335930196022964,
    "sohr_init_5": 2.5335930196022964,
    "sohr_init_6": 2.5335930196022964,
    "sohr_init_7": 2.5335930196022964,
    "sohr_init_8": 2.5335930196022964,
    "sohr_init_9": 2.5335930196022964,
    "sohr_init_10": 2.5335930196022964,
    "sohr_init_11": 2.5335930196022964,
    "sohr_init_12": 2.5335930196022964,
    "sohr_init_13": 2.5335930196022964,
    "sohr_init_14": 2.5335930196022964,
    "soc_init_1": 32.24869765007341,
    "soc_init_2": 32.24869765007341,
    "soc_init_3": 32.24869765007341,
    "soc_init_4": 32.24869765007341,
    "soc_init_5": 32.24869765007341,
    "soc_init_6": 32.24869765007341,
    "soc_init_7": 32.24869765007341,
    "soc_init_8": 32.24869765007341,
    "soc_init_9": 32.24869765007341,
    "soc_init_10": 32.24869765007341,
    "soc_init_11": 32.24869765007341,
    "soc_init_12": 32.24869765007341,
    "soc_init_13": 32.24869765007341,
    "soc_init_14": 32.24869765007341,
    "cost": 0.5730624362264316,
    "device": "bPB00055",
    "cycle_start_time": "2022-08-18T09:13:29+00:00"
}