{
    "soc_min": 2,
    "soc_max": 98,
    "r1": 0.0015121476777811864,
    "c1": 101800.75425087099,
    "ir_a": 0.004433189607909309,
    "ir_b": 0.18007822697884907,
    "ir_c": 0.0016553825461134144,
    "ir_d": 0.04754802852141103,
    "ir_e": 0.45476749221851,
    "no_cells": 14,
    "cell_temp_init": 36.00004280875589,
    "amb_temp_celsius": 28.000892158476617,
    "bat_cell_cap": 66.0,
    "sohc_init_1": 48.54914122706527,
    "sohc_init_2": 48.54914122706527,
    "sohc_init_3": 48.54914122706527,
    "sohc_init_4": 48.54914122706527,
    "sohc_init_5": 48.54914122706527,
    "sohc_init_6": 48.54914122706527,
    "sohc_init_7": 48.54914122706527,
    "sohc_init_8": 48.54914122706527,
    "sohc_init_9": 48.54914122706527,
    "sohc_init_10": 48.54914122706527,
    "sohc_init_11": 48.54914122706527,
    "sohc_init_12": 48.54914122706527,
    "sohc_init_13": 48.54914122706527,
    "sohc_init_14": 48.54914122706527,
    "sohr_init_1": 1.580475036995888,
    "sohr_init_2": 1.580475036995888,
    "sohr_init_3": 1.580475036995888,
    "sohr_init_4": 1.580475036995888,
    "sohr_init_5": 1.580475036995888,
    "sohr_init_6": 1.580475036995888,
    "sohr_init_7": 1.580475036995888,
    "sohr_init_8": 1.580475036995888,
    "sohr_init_9": 1.580475036995888,
    "sohr_init_10": 1.580475036995888,
    "sohr_init_11": 1.580475036995888,
    "sohr_init_12": 1.580475036995888,
    "sohr_init_13": 1.580475036995888,
    "sohr_init_14": 1.580475036995888,
    "soc_init_1": 25.90366264586065,
    "soc_init_2": 25.90366264586065,
    "soc_init_3": 25.90366264586065,
    "soc_init_4": 25.90366264586065,
    "soc_init_5": 25.90366264586065,
    "soc_init_6": 25.90366264586065,
    "soc_init_7": 25.90366264586065,
    "soc_init_8": 25.90366264586065,
    "soc_init_9": 25.90366264586065,
    "soc_init_10": 25.90366264586065,
    "soc_init_11": 25.90366264586065,
    "soc_init_12": 25.90366264586065,
    "soc_init_13": 25.90366264586065,
    "soc_init_14": 25.90366264586065,
    "cost": 0.5744262416555381,
    "device": "bPB00055",
    "cycle_start_time": "2022-11-12T22:18:54+00:00"
}