{
    "soc_min": 2,
    "soc_max": 98,
    "r1": 0.0007319316817740737,
    "c1": 109341.15395791303,
    "ir_a": 0.0001001137361130312,
    "ir_b": 0.10707921637141699,
    "ir_c": 0.0019402179946753039,
    "ir_d": 0.05786362278463854,
    "ir_e": 0.38691537125755915,
    "no_cells": 14,
    "cell_temp_init": 36.00008534663668,
    "amb_temp_celsius": 28.00328966071723,
    "bat_cell_cap": 66.0,
    "sohc_init_1": 48.652185348008224,
    "sohc_init_2": 48.652185348008224,
    "sohc_init_3": 48.652185348008224,
    "sohc_init_4": 48.652185348008224,
    "sohc_init_5": 48.652185348008224,
    "sohc_init_6": 48.652185348008224,
    "sohc_init_7": 48.652185348008224,
    "sohc_init_8": 48.652185348008224,
    "sohc_init_9": 48.652185348008224,
    "sohc_init_10": 48.652185348008224,
    "sohc_init_11": 48.652185348008224,
    "sohc_init_12": 48.652185348008224,
    "sohc_init_13": 48.652185348008224,
    "sohc_init_14": 48.652185348008224,
    "sohr_init_1": 1.7157628305747417,
    "sohr_init_2": 1.7157628305747417,
    "sohr_init_3": 1.7157628305747417,
    "sohr_init_4": 1.7157628305747417,
    "sohr_init_5": 1.7157628305747417,
    "sohr_init_6": 1.7157628305747417,
    "sohr_init_7": 1.7157628305747417,
    "sohr_init_8": 1.7157628305747417,
    "sohr_init_9": 1.7157628305747417,
    "sohr_init_10": 1.7157628305747417,
    "sohr_init_11": 1.7157628305747417,
    "sohr_init_12": 1.7157628305747417,
    "sohr_init_13": 1.7157628305747417,
    "sohr_init_14": 1.7157628305747417,
    "soc_init_1": 25.870792647974774,
    "soc_init_2": 25.870792647974774,
    "soc_init_3": 25.870792647974774,
    "soc_init_4": 25.870792647974774,
    "soc_init_5": 25.870792647974774,
    "soc_init_6": 25.870792647974774,
    "soc_init_7": 25.870792647974774,
    "soc_init_8": 25.870792647974774,
    "soc_init_9": 25.870792647974774,
    "soc_init_10": 25.870792647974774,
    "soc_init_11": 25.870792647974774,
    "soc_init_12": 25.870792647974774,
    "soc_init_13": 25.870792647974774,
    "soc_init_14": 25.870792647974774,
    "cost": 0.55638831074368,
    "device": "bPB00055",
    "cycle_start_time": "2022-11-12T10:53:58+00:00"
}