{
    "soc_min": 2,
    "soc_max": 98,
    "r1": 0.006761109775399841,
    "c1": 1999891.0033314119,
    "ir_a": 0.008598909154541375,
    "ir_b": 0.19779951307861332,
    "ir_c": 0.0030813188978918386,
    "ir_d": 0.09978637940335404,
    "ir_e": 0.5490188195189392,
    "no_cells": 14,
    "cell_temp_init": 35.001667951777826,
    "amb_temp_celsius": 27.00097050434182,
    "bat_cell_cap": 66.0,
    "sohc_init_1": 54.633450029220654,
    "sohc_init_2": 54.633450029220654,
    "sohc_init_3": 54.633450029220654,
    "sohc_init_4": 54.633450029220654,
    "sohc_init_5": 54.633450029220654,
    "sohc_init_6": 54.633450029220654,
    "sohc_init_7": 54.633450029220654,
    "sohc_init_8": 54.633450029220654,
    "sohc_init_9": 54.633450029220654,
    "sohc_init_10": 54.633450029220654,
    "sohc_init_11": 54.633450029220654,
    "sohc_init_12": 54.633450029220654,
    "sohc_init_13": 54.633450029220654,
    "sohc_init_14": 54.633450029220654,
    "sohr_init_1": 1.3479798378499082,
    "sohr_init_2": 1.3479798378499082,
    "sohr_init_3": 1.3479798378499082,
    "sohr_init_4": 1.3479798378499082,
    "sohr_init_5": 1.3479798378499082,
    "sohr_init_6": 1.3479798378499082,
    "sohr_init_7": 1.3479798378499082,
    "sohr_init_8": 1.3479798378499082,
    "sohr_init_9": 1.3479798378499082,
    "sohr_init_10": 1.3479798378499082,
    "sohr_init_11": 1.3479798378499082,
    "sohr_init_12": 1.3479798378499082,
    "sohr_init_13": 1.3479798378499082,
    "sohr_init_14": 1.3479798378499082,
    "soc_init_1": 25.43702370844543,
    "soc_init_2": 25.43702370844543,
    "soc_init_3": 25.43702370844543,
    "soc_init_4": 25.43702370844543,
    "soc_init_5": 25.43702370844543,
    "soc_init_6": 25.43702370844543,
    "soc_init_7": 25.43702370844543,
    "soc_init_8": 25.43702370844543,
    "soc_init_9": 25.43702370844543,
    "soc_init_10": 25.43702370844543,
    "soc_init_11": 25.43702370844543,
    "soc_init_12": 25.43702370844543,
    "soc_init_13": 25.43702370844543,
    "soc_init_14": 25.43702370844543,
    "cost": 0.5663027989105934,
    "device": "bPB00055",
    "cycle_start_time": "2022-11-08T04:26:29+00:00"
}