{
    "soc_min": 2,
    "soc_max": 98,
    "r1": 0.008175395588396932,
    "c1": 268339.5331197913,
    "ir_a": 0.009709106693618545,
    "ir_b": 0.16583703174247874,
    "ir_c": 0.001474737558732031,
    "ir_d": 0.09761593197342648,
    "ir_e": 0.9984937453431619,
    "no_cells": 14,
    "cell_temp_init": 40.00033971496253,
    "amb_temp_celsius": 40.331879301133284,
    "bat_cell_cap": 66.0,
    "sohc_init_1": 45.00960836832448,
    "sohc_init_2": 45.00960836832448,
    "sohc_init_3": 45.00960836832448,
    "sohc_init_4": 45.00960836832448,
    "sohc_init_5": 45.00960836832448,
    "sohc_init_6": 45.00960836832448,
    "sohc_init_7": 45.00960836832448,
    "sohc_init_8": 45.00960836832448,
    "sohc_init_9": 45.00960836832448,
    "sohc_init_10": 45.00960836832448,
    "sohc_init_11": 45.00960836832448,
    "sohc_init_12": 45.00960836832448,
    "sohc_init_13": 45.00960836832448,
    "sohc_init_14": 45.00960836832448,
    "sohr_init_1": 2.6872979000956647,
    "sohr_init_2": 2.6872979000956647,
    "sohr_init_3": 2.6872979000956647,
    "sohr_init_4": 2.6872979000956647,
    "sohr_init_5": 2.6872979000956647,
    "sohr_init_6": 2.6872979000956647,
    "sohr_init_7": 2.6872979000956647,
    "sohr_init_8": 2.6872979000956647,
    "sohr_init_9": 2.6872979000956647,
    "sohr_init_10": 2.6872979000956647,
    "sohr_init_11": 2.6872979000956647,
    "sohr_init_12": 2.6872979000956647,
    "sohr_init_13": 2.6872979000956647,
    "sohr_init_14": 2.6872979000956647,
    "soc_init_1": 3.2699686030742856,
    "soc_init_2": 3.2699686030742856,
    "soc_init_3": 3.2699686030742856,
    "soc_init_4": 3.2699686030742856,
    "soc_init_5": 3.2699686030742856,
    "soc_init_6": 3.2699686030742856,
    "soc_init_7": 3.2699686030742856,
    "soc_init_8": 3.2699686030742856,
    "soc_init_9": 3.2699686030742856,
    "soc_init_10": 3.2699686030742856,
    "soc_init_11": 3.2699686030742856,
    "soc_init_12": 3.2699686030742856,
    "soc_init_13": 3.2699686030742856,
    "soc_init_14": 3.2699686030742856,
    "cost": 1.1198663162098919,
    "device": "bPB00055",
    "cycle_start_time": "2021-11-09T20:33:07+00:00"
}