{
    "soc_min": 2,
    "soc_max": 98,
    "r1": 0.001331121113996255,
    "c1": 149268.07490265946,
    "ir_a": 0.0003732202248256322,
    "ir_b": 0.19490004785295303,
    "ir_c": 0.0013371855281672513,
    "ir_d": 0.013580491308796891,
    "ir_e": 0.9917442485969747,
    "no_cells": 14,
    "cell_temp_init": 36.00069628785223,
    "amb_temp_celsius": 28.00250417370262,
    "bat_cell_cap": 66.0,
    "sohc_init_1": 50.0689012957381,
    "sohc_init_2": 50.0689012957381,
    "sohc_init_3": 50.0689012957381,
    "sohc_init_4": 50.0689012957381,
    "sohc_init_5": 50.0689012957381,
    "sohc_init_6": 50.0689012957381,
    "sohc_init_7": 50.0689012957381,
    "sohc_init_8": 50.0689012957381,
    "sohc_init_9": 50.0689012957381,
    "sohc_init_10": 50.0689012957381,
    "sohc_init_11": 50.0689012957381,
    "sohc_init_12": 50.0689012957381,
    "sohc_init_13": 50.0689012957381,
    "sohc_init_14": 50.0689012957381,
    "sohr_init_1": 2.0881883096612786,
    "sohr_init_2": 2.0881883096612786,
    "sohr_init_3": 2.0881883096612786,
    "sohr_init_4": 2.0881883096612786,
    "sohr_init_5": 2.0881883096612786,
    "sohr_init_6": 2.0881883096612786,
    "sohr_init_7": 2.0881883096612786,
    "sohr_init_8": 2.0881883096612786,
    "sohr_init_9": 2.0881883096612786,
    "sohr_init_10": 2.0881883096612786,
    "sohr_init_11": 2.0881883096612786,
    "sohr_init_12": 2.0881883096612786,
    "sohr_init_13": 2.0881883096612786,
    "sohr_init_14": 2.0881883096612786,
    "soc_init_1": 25.130084608894734,
    "soc_init_2": 25.130084608894734,
    "soc_init_3": 25.130084608894734,
    "soc_init_4": 25.130084608894734,
    "soc_init_5": 25.130084608894734,
    "soc_init_6": 25.130084608894734,
    "soc_init_7": 25.130084608894734,
    "soc_init_8": 25.130084608894734,
    "soc_init_9": 25.130084608894734,
    "soc_init_10": 25.130084608894734,
    "soc_init_11": 25.130084608894734,
    "soc_init_12": 25.130084608894734,
    "soc_init_13": 25.130084608894734,
    "soc_init_14": 25.130084608894734,
    "cost": 0.5617473309234146,
    "device": "bPB00055",
    "cycle_start_time": "2022-11-04T02:45:38+00:00"
}