{
    "soc_min": 2,
    "soc_max": 98,
    "r1": 0.01992458103823882,
    "c1": 1999420.203486787,
    "ir_a": 0.00867645615756772,
    "ir_b": 0.10657213307657457,
    "ir_c": 0.001578092373923248,
    "ir_d": 0.08068800329710087,
    "ir_e": 0.9807026016566197,
    "no_cells": 14,
    "cell_temp_init": 35.03972039929831,
    "amb_temp_celsius": 27.001086347836804,
    "bat_cell_cap": 66.0,
    "sohc_init_1": 68.766260738996,
    "sohc_init_2": 68.766260738996,
    "sohc_init_3": 68.766260738996,
    "sohc_init_4": 68.766260738996,
    "sohc_init_5": 68.766260738996,
    "sohc_init_6": 68.766260738996,
    "sohc_init_7": 68.766260738996,
    "sohc_init_8": 68.766260738996,
    "sohc_init_9": 68.766260738996,
    "sohc_init_10": 68.766260738996,
    "sohc_init_11": 68.766260738996,
    "sohc_init_12": 68.766260738996,
    "sohc_init_13": 68.766260738996,
    "sohc_init_14": 68.766260738996,
    "sohr_init_1": 1.6369625764638938,
    "sohr_init_2": 1.6369625764638938,
    "sohr_init_3": 1.6369625764638938,
    "sohr_init_4": 1.6369625764638938,
    "sohr_init_5": 1.6369625764638938,
    "sohr_init_6": 1.6369625764638938,
    "sohr_init_7": 1.6369625764638938,
    "sohr_init_8": 1.6369625764638938,
    "sohr_init_9": 1.6369625764638938,
    "sohr_init_10": 1.6369625764638938,
    "sohr_init_11": 1.6369625764638938,
    "sohr_init_12": 1.6369625764638938,
    "sohr_init_13": 1.6369625764638938,
    "sohr_init_14": 1.6369625764638938,
    "soc_init_1": 9.985975506277939,
    "soc_init_2": 9.985975506277939,
    "soc_init_3": 9.985975506277939,
    "soc_init_4": 9.985975506277939,
    "soc_init_5": 9.985975506277939,
    "soc_init_6": 9.985975506277939,
    "soc_init_7": 9.985975506277939,
    "soc_init_8": 9.985975506277939,
    "soc_init_9": 9.985975506277939,
    "soc_init_10": 9.985975506277939,
    "soc_init_11": 9.985975506277939,
    "soc_init_12": 9.985975506277939,
    "soc_init_13": 9.985975506277939,
    "soc_init_14": 9.985975506277939,
    "cost": 0.22831459201253737,
    "device": "bPB00055",
    "cycle_start_time": "2021-11-07T07:59:48+00:00"
}