{
    "soc_min": 2,
    "soc_max": 98,
    "r1": 0.00012176142356662126,
    "c1": 101325.13446774287,
    "ir_a": 0.009767331501154285,
    "ir_b": 0.05199061313251403,
    "ir_c": 0.0024617586020926766,
    "ir_d": 0.09998603620717296,
    "ir_e": 0.9998418102260653,
    "no_cells": 14,
    "cell_temp_init": 34.00013059784749,
    "amb_temp_celsius": 26.02812966138941,
    "bat_cell_cap": 66.0,
    "sohc_init_1": 45.01267046430457,
    "sohc_init_2": 45.01267046430457,
    "sohc_init_3": 45.01267046430457,
    "sohc_init_4": 45.01267046430457,
    "sohc_init_5": 45.01267046430457,
    "sohc_init_6": 45.01267046430457,
    "sohc_init_7": 45.01267046430457,
    "sohc_init_8": 45.01267046430457,
    "sohc_init_9": 45.01267046430457,
    "sohc_init_10": 45.01267046430457,
    "sohc_init_11": 45.01267046430457,
    "sohc_init_12": 45.01267046430457,
    "sohc_init_13": 45.01267046430457,
    "sohc_init_14": 45.01267046430457,
    "sohr_init_1": 2.999778490637574,
    "sohr_init_2": 2.999778490637574,
    "sohr_init_3": 2.999778490637574,
    "sohr_init_4": 2.999778490637574,
    "sohr_init_5": 2.999778490637574,
    "sohr_init_6": 2.999778490637574,
    "sohr_init_7": 2.999778490637574,
    "sohr_init_8": 2.999778490637574,
    "sohr_init_9": 2.999778490637574,
    "sohr_init_10": 2.999778490637574,
    "sohr_init_11": 2.999778490637574,
    "sohr_init_12": 2.999778490637574,
    "sohr_init_13": 2.999778490637574,
    "sohr_init_14": 2.999778490637574,
    "soc_init_1": 3.072896741691055,
    "soc_init_2": 3.072896741691055,
    "soc_init_3": 3.072896741691055,
    "soc_init_4": 3.072896741691055,
    "soc_init_5": 3.072896741691055,
    "soc_init_6": 3.072896741691055,
    "soc_init_7": 3.072896741691055,
    "soc_init_8": 3.072896741691055,
    "soc_init_9": 3.072896741691055,
    "soc_init_10": 3.072896741691055,
    "soc_init_11": 3.072896741691055,
    "soc_init_12": 3.072896741691055,
    "soc_init_13": 3.072896741691055,
    "soc_init_14": 3.072896741691055,
    "cost": 0.8059028746901646,
    "device": "bPB00055",
    "cycle_start_time": "2022-11-07T11:17:23+00:00"
}