{
    "soc_min": 2,
    "soc_max": 98,
    "r1": 0.010392437064744011,
    "c1": 1999962.9064722867,
    "ir_a": 0.008406844080848281,
    "ir_b": 0.08078312827967743,
    "ir_c": 0.0009489177557730162,
    "ir_d": 0.05202288989501859,
    "ir_e": 0.01150280885903992,
    "no_cells": 14,
    "cell_temp_init": 38.00215398761669,
    "amb_temp_celsius": 30.001022740392525,
    "bat_cell_cap": 66.0,
    "sohc_init_1": 66.414564349439,
    "sohc_init_2": 66.414564349439,
    "sohc_init_3": 66.414564349439,
    "sohc_init_4": 66.414564349439,
    "sohc_init_5": 66.414564349439,
    "sohc_init_6": 66.414564349439,
    "sohc_init_7": 66.414564349439,
    "sohc_init_8": 66.414564349439,
    "sohc_init_9": 66.414564349439,
    "sohc_init_10": 66.414564349439,
    "sohc_init_11": 66.414564349439,
    "sohc_init_12": 66.414564349439,
    "sohc_init_13": 66.414564349439,
    "sohc_init_14": 66.414564349439,
    "sohr_init_1": 1.744813754342291,
    "sohr_init_2": 1.744813754342291,
    "sohr_init_3": 1.744813754342291,
    "sohr_init_4": 1.744813754342291,
    "sohr_init_5": 1.744813754342291,
    "sohr_init_6": 1.744813754342291,
    "sohr_init_7": 1.744813754342291,
    "sohr_init_8": 1.744813754342291,
    "sohr_init_9": 1.744813754342291,
    "sohr_init_10": 1.744813754342291,
    "sohr_init_11": 1.744813754342291,
    "sohr_init_12": 1.744813754342291,
    "sohr_init_13": 1.744813754342291,
    "sohr_init_14": 1.744813754342291,
    "soc_init_1": 11.00065950259991,
    "soc_init_2": 11.00065950259991,
    "soc_init_3": 11.00065950259991,
    "soc_init_4": 11.00065950259991,
    "soc_init_5": 11.00065950259991,
    "soc_init_6": 11.00065950259991,
    "soc_init_7": 11.00065950259991,
    "soc_init_8": 11.00065950259991,
    "soc_init_9": 11.00065950259991,
    "soc_init_10": 11.00065950259991,
    "soc_init_11": 11.00065950259991,
    "soc_init_12": 11.00065950259991,
    "soc_init_13": 11.00065950259991,
    "soc_init_14": 11.00065950259991,
    "cost": 0.25185160633750386,
    "device": "bPB00055",
    "cycle_start_time": "2021-11-12T23:37:08+00:00"
}