{
    "soc_min": 2,
    "soc_max": 98,
    "r1": 0.011005153131342597,
    "c1": 1998203.0765618556,
    "ir_a": 0.0012557791118926755,
    "ir_b": 0.1906297481117704,
    "ir_c": 1.0168123723540381e-05,
    "ir_d": 0.09982655826532548,
    "ir_e": 0.9035323790416531,
    "no_cells": 14,
    "cell_temp_init": 42.02906585861301,
    "amb_temp_celsius": 34.00001029392718,
    "bat_cell_cap": 66.0,
    "sohc_init_1": 63.92523917072642,
    "sohc_init_2": 63.92523917072642,
    "sohc_init_3": 63.92523917072642,
    "sohc_init_4": 63.92523917072642,
    "sohc_init_5": 63.92523917072642,
    "sohc_init_6": 63.92523917072642,
    "sohc_init_7": 63.92523917072642,
    "sohc_init_8": 63.92523917072642,
    "sohc_init_9": 63.92523917072642,
    "sohc_init_10": 63.92523917072642,
    "sohc_init_11": 63.92523917072642,
    "sohc_init_12": 63.92523917072642,
    "sohc_init_13": 63.92523917072642,
    "sohc_init_14": 63.92523917072642,
    "sohr_init_1": 2.306699179428292,
    "sohr_init_2": 2.306699179428292,
    "sohr_init_3": 2.306699179428292,
    "sohr_init_4": 2.306699179428292,
    "sohr_init_5": 2.306699179428292,
    "sohr_init_6": 2.306699179428292,
    "sohr_init_7": 2.306699179428292,
    "sohr_init_8": 2.306699179428292,
    "sohr_init_9": 2.306699179428292,
    "sohr_init_10": 2.306699179428292,
    "sohr_init_11": 2.306699179428292,
    "sohr_init_12": 2.306699179428292,
    "sohr_init_13": 2.306699179428292,
    "sohr_init_14": 2.306699179428292,
    "soc_init_1": 43.0484569482363,
    "soc_init_2": 43.0484569482363,
    "soc_init_3": 43.0484569482363,
    "soc_init_4": 43.0484569482363,
    "soc_init_5": 43.0484569482363,
    "soc_init_6": 43.0484569482363,
    "soc_init_7": 43.0484569482363,
    "soc_init_8": 43.0484569482363,
    "soc_init_9": 43.0484569482363,
    "soc_init_10": 43.0484569482363,
    "soc_init_11": 43.0484569482363,
    "soc_init_12": 43.0484569482363,
    "soc_init_13": 43.0484569482363,
    "soc_init_14": 43.0484569482363,
    "cost": 1.071974898676915,
    "device": "bPB00055",
    "cycle_start_time": "2022-09-04T20:59:54+00:00"
}