{
    "soc_min": 2,
    "soc_max": 98,
    "r1": 0.019902046643241307,
    "c1": 1999712.1260973907,
    "ir_a": 0.0004130238676481249,
    "ir_b": 0.12238923669411107,
    "ir_c": 0.00011508685767871379,
    "ir_d": 0.09950213068863545,
    "ir_e": 0.9998534676389573,
    "no_cells": 14,
    "cell_temp_init": 42.084891384856746,
    "amb_temp_celsius": 34.11016201534859,
    "bat_cell_cap": 66.0,
    "sohc_init_1": 45.07859575883565,
    "sohc_init_2": 45.07859575883565,
    "sohc_init_3": 45.07859575883565,
    "sohc_init_4": 45.07859575883565,
    "sohc_init_5": 45.07859575883565,
    "sohc_init_6": 45.07859575883565,
    "sohc_init_7": 45.07859575883565,
    "sohc_init_8": 45.07859575883565,
    "sohc_init_9": 45.07859575883565,
    "sohc_init_10": 45.07859575883565,
    "sohc_init_11": 45.07859575883565,
    "sohc_init_12": 45.07859575883565,
    "sohc_init_13": 45.07859575883565,
    "sohc_init_14": 45.07859575883565,
    "sohr_init_1": 2.7059042261387862,
    "sohr_init_2": 2.7059042261387862,
    "sohr_init_3": 2.7059042261387862,
    "sohr_init_4": 2.7059042261387862,
    "sohr_init_5": 2.7059042261387862,
    "sohr_init_6": 2.7059042261387862,
    "sohr_init_7": 2.7059042261387862,
    "sohr_init_8": 2.7059042261387862,
    "sohr_init_9": 2.7059042261387862,
    "sohr_init_10": 2.7059042261387862,
    "sohr_init_11": 2.7059042261387862,
    "sohr_init_12": 2.7059042261387862,
    "sohr_init_13": 2.7059042261387862,
    "sohr_init_14": 2.7059042261387862,
    "soc_init_1": 16.648748200897487,
    "soc_init_2": 16.648748200897487,
    "soc_init_3": 16.648748200897487,
    "soc_init_4": 16.648748200897487,
    "soc_init_5": 16.648748200897487,
    "soc_init_6": 16.648748200897487,
    "soc_init_7": 16.648748200897487,
    "soc_init_8": 16.648748200897487,
    "soc_init_9": 16.648748200897487,
    "soc_init_10": 16.648748200897487,
    "soc_init_11": 16.648748200897487,
    "soc_init_12": 16.648748200897487,
    "soc_init_13": 16.648748200897487,
    "soc_init_14": 16.648748200897487,
    "cost": 0.7733429631526703,
    "device": "bPB00055",
    "cycle_start_time": "2022-09-07T22:43:13+00:00"
}