{
    "soc_min": 2,
    "soc_max": 98,
    "r1": 0.006420477453349859,
    "c1": 887392.0767773194,
    "ir_a": 0.0038597990684448844,
    "ir_b": 0.07599840861504038,
    "ir_c": 6.5025245901026e-05,
    "ir_d": 0.09998990823639592,
    "ir_e": 0.9985027122829284,
    "no_cells": 14,
    "cell_temp_init": 38.17682252427507,
    "amb_temp_celsius": 29.04062878522038,
    "bat_cell_cap": 66.0,
    "sohc_init_1": 76.85982110349333,
    "sohc_init_2": 76.85982110349333,
    "sohc_init_3": 76.85982110349333,
    "sohc_init_4": 76.85982110349333,
    "sohc_init_5": 76.85982110349333,
    "sohc_init_6": 76.85982110349333,
    "sohc_init_7": 76.85982110349333,
    "sohc_init_8": 76.85982110349333,
    "sohc_init_9": 76.85982110349333,
    "sohc_init_10": 76.85982110349333,
    "sohc_init_11": 76.85982110349333,
    "sohc_init_12": 76.85982110349333,
    "sohc_init_13": 76.85982110349333,
    "sohc_init_14": 76.85982110349333,
    "sohr_init_1": 2.9996923986850286,
    "sohr_init_2": 2.9996923986850286,
    "sohr_init_3": 2.9996923986850286,
    "sohr_init_4": 2.9996923986850286,
    "sohr_init_5": 2.9996923986850286,
    "sohr_init_6": 2.9996923986850286,
    "sohr_init_7": 2.9996923986850286,
    "sohr_init_8": 2.9996923986850286,
    "sohr_init_9": 2.9996923986850286,
    "sohr_init_10": 2.9996923986850286,
    "sohr_init_11": 2.9996923986850286,
    "sohr_init_12": 2.9996923986850286,
    "sohr_init_13": 2.9996923986850286,
    "sohr_init_14": 2.9996923986850286,
    "soc_init_1": 38.43045588386737,
    "soc_init_2": 38.43045588386737,
    "soc_init_3": 38.43045588386737,
    "soc_init_4": 38.43045588386737,
    "soc_init_5": 38.43045588386737,
    "soc_init_6": 38.43045588386737,
    "soc_init_7": 38.43045588386737,
    "soc_init_8": 38.43045588386737,
    "soc_init_9": 38.43045588386737,
    "soc_init_10": 38.43045588386737,
    "soc_init_11": 38.43045588386737,
    "soc_init_12": 38.43045588386737,
    "soc_init_13": 38.43045588386737,
    "soc_init_14": 38.43045588386737,
    "cost": 0.3614177815576286,
    "device": "bPB00055",
    "cycle_start_time": "2021-10-03T19:37:53+00:00"
}