{
    "soc_min": 2,
    "soc_max": 98,
    "r1": 0.0008878720360103611,
    "c1": 411969.6646405359,
    "ir_a": 0.0036426691296070272,
    "ir_b": 0.17031504077110396,
    "ir_c": 0.0017751859380744552,
    "ir_d": 0.05658984961239661,
    "ir_e": 0.7683434232535675,
    "no_cells": 14,
    "cell_temp_init": 35.00270167010002,
    "amb_temp_celsius": 27.00156861049466,
    "bat_cell_cap": 66.0,
    "sohc_init_1": 49.69592269062955,
    "sohc_init_2": 49.69592269062955,
    "sohc_init_3": 49.69592269062955,
    "sohc_init_4": 49.69592269062955,
    "sohc_init_5": 49.69592269062955,
    "sohc_init_6": 49.69592269062955,
    "sohc_init_7": 49.69592269062955,
    "sohc_init_8": 49.69592269062955,
    "sohc_init_9": 49.69592269062955,
    "sohc_init_10": 49.69592269062955,
    "sohc_init_11": 49.69592269062955,
    "sohc_init_12": 49.69592269062955,
    "sohc_init_13": 49.69592269062955,
    "sohc_init_14": 49.69592269062955,
    "sohr_init_1": 2.105087785191484,
    "sohr_init_2": 2.105087785191484,
    "sohr_init_3": 2.105087785191484,
    "sohr_init_4": 2.105087785191484,
    "sohr_init_5": 2.105087785191484,
    "sohr_init_6": 2.105087785191484,
    "sohr_init_7": 2.105087785191484,
    "sohr_init_8": 2.105087785191484,
    "sohr_init_9": 2.105087785191484,
    "sohr_init_10": 2.105087785191484,
    "sohr_init_11": 2.105087785191484,
    "sohr_init_12": 2.105087785191484,
    "sohr_init_13": 2.105087785191484,
    "sohr_init_14": 2.105087785191484,
    "soc_init_1": 24.2971642480404,
    "soc_init_2": 24.2971642480404,
    "soc_init_3": 24.2971642480404,
    "soc_init_4": 24.2971642480404,
    "soc_init_5": 24.2971642480404,
    "soc_init_6": 24.2971642480404,
    "soc_init_7": 24.2971642480404,
    "soc_init_8": 24.2971642480404,
    "soc_init_9": 24.2971642480404,
    "soc_init_10": 24.2971642480404,
    "soc_init_11": 24.2971642480404,
    "soc_init_12": 24.2971642480404,
    "soc_init_13": 24.2971642480404,
    "soc_init_14": 24.2971642480404,
    "cost": 0.5290708668244678,
    "device": "bPB00055",
    "cycle_start_time": "2022-11-06T15:59:51+00:00"
}