{
    "soc_min": 2,
    "soc_max": 98,
    "r1": 0.0010924801641535025,
    "c1": 225606.09298804775,
    "ir_a": 0.003020922189890539,
    "ir_b": 0.19916805651956548,
    "ir_c": 0.00161628749633176,
    "ir_d": 0.0243605900371515,
    "ir_e": 0.650393840926134,
    "no_cells": 14,
    "cell_temp_init": 36.00001579291207,
    "amb_temp_celsius": 28.000209945840723,
    "bat_cell_cap": 66.0,
    "sohc_init_1": 50.58202753111584,
    "sohc_init_2": 50.58202753111584,
    "sohc_init_3": 50.58202753111584,
    "sohc_init_4": 50.58202753111584,
    "sohc_init_5": 50.58202753111584,
    "sohc_init_6": 50.58202753111584,
    "sohc_init_7": 50.58202753111584,
    "sohc_init_8": 50.58202753111584,
    "sohc_init_9": 50.58202753111584,
    "sohc_init_10": 50.58202753111584,
    "sohc_init_11": 50.58202753111584,
    "sohc_init_12": 50.58202753111584,
    "sohc_init_13": 50.58202753111584,
    "sohc_init_14": 50.58202753111584,
    "sohr_init_1": 1.8776553272415721,
    "sohr_init_2": 1.8776553272415721,
    "sohr_init_3": 1.8776553272415721,
    "sohr_init_4": 1.8776553272415721,
    "sohr_init_5": 1.8776553272415721,
    "sohr_init_6": 1.8776553272415721,
    "sohr_init_7": 1.8776553272415721,
    "sohr_init_8": 1.8776553272415721,
    "sohr_init_9": 1.8776553272415721,
    "sohr_init_10": 1.8776553272415721,
    "sohr_init_11": 1.8776553272415721,
    "sohr_init_12": 1.8776553272415721,
    "sohr_init_13": 1.8776553272415721,
    "sohr_init_14": 1.8776553272415721,
    "soc_init_1": 22.887027028505155,
    "soc_init_2": 22.887027028505155,
    "soc_init_3": 22.887027028505155,
    "soc_init_4": 22.887027028505155,
    "soc_init_5": 22.887027028505155,
    "soc_init_6": 22.887027028505155,
    "soc_init_7": 22.887027028505155,
    "soc_init_8": 22.887027028505155,
    "soc_init_9": 22.887027028505155,
    "soc_init_10": 22.887027028505155,
    "soc_init_11": 22.887027028505155,
    "soc_init_12": 22.887027028505155,
    "soc_init_13": 22.887027028505155,
    "soc_init_14": 22.887027028505155,
    "cost": 0.5041509339967871,
    "device": "bPB00055",
    "cycle_start_time": "2022-10-26T17:36:42+00:00"
}