{
    "soc_min": 2,
    "soc_max": 98,
    "r1": 0.0005201733165418834,
    "c1": 776058.0550531027,
    "ir_a": 0.0003393656333859176,
    "ir_b": 0.14237079620892537,
    "ir_c": 0.002057207083578903,
    "ir_d": 0.03140807555764757,
    "ir_e": 0.09257894906966825,
    "no_cells": 14,
    "cell_temp_init": 37.00012862877483,
    "amb_temp_celsius": 29.000909275280105,
    "bat_cell_cap": 66.0,
    "sohc_init_1": 47.928316549804926,
    "sohc_init_2": 47.928316549804926,
    "sohc_init_3": 47.928316549804926,
    "sohc_init_4": 47.928316549804926,
    "sohc_init_5": 47.928316549804926,
    "sohc_init_6": 47.928316549804926,
    "sohc_init_7": 47.928316549804926,
    "sohc_init_8": 47.928316549804926,
    "sohc_init_9": 47.928316549804926,
    "sohc_init_10": 47.928316549804926,
    "sohc_init_11": 47.928316549804926,
    "sohc_init_12": 47.928316549804926,
    "sohc_init_13": 47.928316549804926,
    "sohc_init_14": 47.928316549804926,
    "sohr_init_1": 1.5185586687690829,
    "sohr_init_2": 1.5185586687690829,
    "sohr_init_3": 1.5185586687690829,
    "sohr_init_4": 1.5185586687690829,
    "sohr_init_5": 1.5185586687690829,
    "sohr_init_6": 1.5185586687690829,
    "sohr_init_7": 1.5185586687690829,
    "sohr_init_8": 1.5185586687690829,
    "sohr_init_9": 1.5185586687690829,
    "sohr_init_10": 1.5185586687690829,
    "sohr_init_11": 1.5185586687690829,
    "sohr_init_12": 1.5185586687690829,
    "sohr_init_13": 1.5185586687690829,
    "sohr_init_14": 1.5185586687690829,
    "soc_init_1": 27.53331287129327,
    "soc_init_2": 27.53331287129327,
    "soc_init_3": 27.53331287129327,
    "soc_init_4": 27.53331287129327,
    "soc_init_5": 27.53331287129327,
    "soc_init_6": 27.53331287129327,
    "soc_init_7": 27.53331287129327,
    "soc_init_8": 27.53331287129327,
    "soc_init_9": 27.53331287129327,
    "soc_init_10": 27.53331287129327,
    "soc_init_11": 27.53331287129327,
    "soc_init_12": 27.53331287129327,
    "soc_init_13": 27.53331287129327,
    "soc_init_14": 27.53331287129327,
    "cost": 0.665137433560088,
    "device": "bPB00055",
    "cycle_start_time": "2022-11-17T01:56:07+00:00"
}