{
    "soc_min": 2,
    "soc_max": 98,
    "r1": 0.019980093909741866,
    "c1": 1999107.2694689713,
    "ir_a": 0.002268760990697344,
    "ir_b": 0.19614239871469416,
    "ir_c": 0.0016250186871531545,
    "ir_d": 0.010209705243569723,
    "ir_e": 0.021692689738009065,
    "no_cells": 14,
    "cell_temp_init": 32.00004059692368,
    "amb_temp_celsius": 24.000163837785312,
    "bat_cell_cap": 66.0,
    "sohc_init_1": 67.06827188759718,
    "sohc_init_2": 67.06827188759718,
    "sohc_init_3": 67.06827188759718,
    "sohc_init_4": 67.06827188759718,
    "sohc_init_5": 67.06827188759718,
    "sohc_init_6": 67.06827188759718,
    "sohc_init_7": 67.06827188759718,
    "sohc_init_8": 67.06827188759718,
    "sohc_init_9": 67.06827188759718,
    "sohc_init_10": 67.06827188759718,
    "sohc_init_11": 67.06827188759718,
    "sohc_init_12": 67.06827188759718,
    "sohc_init_13": 67.06827188759718,
    "sohc_init_14": 67.06827188759718,
    "sohr_init_1": 1.8401647667355507,
    "sohr_init_2": 1.8401647667355507,
    "sohr_init_3": 1.8401647667355507,
    "sohr_init_4": 1.8401647667355507,
    "sohr_init_5": 1.8401647667355507,
    "sohr_init_6": 1.8401647667355507,
    "sohr_init_7": 1.8401647667355507,
    "sohr_init_8": 1.8401647667355507,
    "sohr_init_9": 1.8401647667355507,
    "sohr_init_10": 1.8401647667355507,
    "sohr_init_11": 1.8401647667355507,
    "sohr_init_12": 1.8401647667355507,
    "sohr_init_13": 1.8401647667355507,
    "sohr_init_14": 1.8401647667355507,
    "soc_init_1": 10.774371372183058,
    "soc_init_2": 10.774371372183058,
    "soc_init_3": 10.774371372183058,
    "soc_init_4": 10.774371372183058,
    "soc_init_5": 10.774371372183058,
    "soc_init_6": 10.774371372183058,
    "soc_init_7": 10.774371372183058,
    "soc_init_8": 10.774371372183058,
    "soc_init_9": 10.774371372183058,
    "soc_init_10": 10.774371372183058,
    "soc_init_11": 10.774371372183058,
    "soc_init_12": 10.774371372183058,
    "soc_init_13": 10.774371372183058,
    "soc_init_14": 10.774371372183058,
    "cost": 0.3197306860370301,
    "device": "bPB00055",
    "cycle_start_time": "2021-11-23T09:55:06+00:00"
}