{
    "soc_min": 2,
    "soc_max": 98,
    "r1": 0.010288035462277703,
    "c1": 1999874.9273853796,
    "ir_a": 0.007149038962789709,
    "ir_b": 0.03004229963403915,
    "ir_c": 0.00015088268897029758,
    "ir_d": 0.09543467063527653,
    "ir_e": 0.8792305045425435,
    "no_cells": 14,
    "cell_temp_init": 36.00014224541606,
    "amb_temp_celsius": 28.0010822460883,
    "bat_cell_cap": 66.0,
    "sohc_init_1": 54.25536636209635,
    "sohc_init_2": 54.25536636209635,
    "sohc_init_3": 54.25536636209635,
    "sohc_init_4": 54.25536636209635,
    "sohc_init_5": 54.25536636209635,
    "sohc_init_6": 54.25536636209635,
    "sohc_init_7": 54.25536636209635,
    "sohc_init_8": 54.25536636209635,
    "sohc_init_9": 54.25536636209635,
    "sohc_init_10": 54.25536636209635,
    "sohc_init_11": 54.25536636209635,
    "sohc_init_12": 54.25536636209635,
    "sohc_init_13": 54.25536636209635,
    "sohc_init_14": 54.25536636209635,
    "sohr_init_1": 2.1025730872231367,
    "sohr_init_2": 2.1025730872231367,
    "sohr_init_3": 2.1025730872231367,
    "sohr_init_4": 2.1025730872231367,
    "sohr_init_5": 2.1025730872231367,
    "sohr_init_6": 2.1025730872231367,
    "sohr_init_7": 2.1025730872231367,
    "sohr_init_8": 2.1025730872231367,
    "sohr_init_9": 2.1025730872231367,
    "sohr_init_10": 2.1025730872231367,
    "sohr_init_11": 2.1025730872231367,
    "sohr_init_12": 2.1025730872231367,
    "sohr_init_13": 2.1025730872231367,
    "sohr_init_14": 2.1025730872231367,
    "soc_init_1": 25.445809066950908,
    "soc_init_2": 25.445809066950908,
    "soc_init_3": 25.445809066950908,
    "soc_init_4": 25.445809066950908,
    "soc_init_5": 25.445809066950908,
    "soc_init_6": 25.445809066950908,
    "soc_init_7": 25.445809066950908,
    "soc_init_8": 25.445809066950908,
    "soc_init_9": 25.445809066950908,
    "soc_init_10": 25.445809066950908,
    "soc_init_11": 25.445809066950908,
    "soc_init_12": 25.445809066950908,
    "soc_init_13": 25.445809066950908,
    "soc_init_14": 25.445809066950908,
    "cost": 0.6058060414103535,
    "device": "bPB00055",
    "cycle_start_time": "2022-11-13T09:45:37+00:00"
}