{
    "soc_min": 2,
    "soc_max": 98,
    "r1": 0.00010583789550583643,
    "c1": 1098926.9193253312,
    "ir_a": 0.009807417005811262,
    "ir_b": 0.07172058541453284,
    "ir_c": 0.0005904998426631547,
    "ir_d": 0.04134382795414351,
    "ir_e": 0.12134306122387757,
    "no_cells": 14,
    "cell_temp_init": 34.364920606282006,
    "amb_temp_celsius": 26.004794103321725,
    "bat_cell_cap": 66.0,
    "sohc_init_1": 58.2253648497983,
    "sohc_init_2": 58.2253648497983,
    "sohc_init_3": 58.2253648497983,
    "sohc_init_4": 58.2253648497983,
    "sohc_init_5": 58.2253648497983,
    "sohc_init_6": 58.2253648497983,
    "sohc_init_7": 58.2253648497983,
    "sohc_init_8": 58.2253648497983,
    "sohc_init_9": 58.2253648497983,
    "sohc_init_10": 58.2253648497983,
    "sohc_init_11": 58.2253648497983,
    "sohc_init_12": 58.2253648497983,
    "sohc_init_13": 58.2253648497983,
    "sohc_init_14": 58.2253648497983,
    "sohr_init_1": 2.623570184788915,
    "sohr_init_2": 2.623570184788915,
    "sohr_init_3": 2.623570184788915,
    "sohr_init_4": 2.623570184788915,
    "sohr_init_5": 2.623570184788915,
    "sohr_init_6": 2.623570184788915,
    "sohr_init_7": 2.623570184788915,
    "sohr_init_8": 2.623570184788915,
    "sohr_init_9": 2.623570184788915,
    "sohr_init_10": 2.623570184788915,
    "sohr_init_11": 2.623570184788915,
    "sohr_init_12": 2.623570184788915,
    "sohr_init_13": 2.623570184788915,
    "sohr_init_14": 2.623570184788915,
    "soc_init_1": 11.064334939238067,
    "soc_init_2": 11.064334939238067,
    "soc_init_3": 11.064334939238067,
    "soc_init_4": 11.064334939238067,
    "soc_init_5": 11.064334939238067,
    "soc_init_6": 11.064334939238067,
    "soc_init_7": 11.064334939238067,
    "soc_init_8": 11.064334939238067,
    "soc_init_9": 11.064334939238067,
    "soc_init_10": 11.064334939238067,
    "soc_init_11": 11.064334939238067,
    "soc_init_12": 11.064334939238067,
    "soc_init_13": 11.064334939238067,
    "soc_init_14": 11.064334939238067,
    "cost": 0.13124720220091013,
    "device": "bPB00055",
    "cycle_start_time": "2021-11-03T17:21:03+00:00"
}