{
    "soc_min": 2,
    "soc_max": 98,
    "r1": 0.000869317346123669,
    "c1": 228464.2831648473,
    "ir_a": 0.0014190205723191827,
    "ir_b": 0.11778238975528356,
    "ir_c": 0.001860339138445559,
    "ir_d": 0.04522649599891924,
    "ir_e": 0.4819638452369094,
    "no_cells": 14,
    "cell_temp_init": 36.000012790296374,
    "amb_temp_celsius": 28.00003675383607,
    "bat_cell_cap": 66.0,
    "sohc_init_1": 49.23790699199543,
    "sohc_init_2": 49.23790699199543,
    "sohc_init_3": 49.23790699199543,
    "sohc_init_4": 49.23790699199543,
    "sohc_init_5": 49.23790699199543,
    "sohc_init_6": 49.23790699199543,
    "sohc_init_7": 49.23790699199543,
    "sohc_init_8": 49.23790699199543,
    "sohc_init_9": 49.23790699199543,
    "sohc_init_10": 49.23790699199543,
    "sohc_init_11": 49.23790699199543,
    "sohc_init_12": 49.23790699199543,
    "sohc_init_13": 49.23790699199543,
    "sohc_init_14": 49.23790699199543,
    "sohr_init_1": 1.7219997417032045,
    "sohr_init_2": 1.7219997417032045,
    "sohr_init_3": 1.7219997417032045,
    "sohr_init_4": 1.7219997417032045,
    "sohr_init_5": 1.7219997417032045,
    "sohr_init_6": 1.7219997417032045,
    "sohr_init_7": 1.7219997417032045,
    "sohr_init_8": 1.7219997417032045,
    "sohr_init_9": 1.7219997417032045,
    "sohr_init_10": 1.7219997417032045,
    "sohr_init_11": 1.7219997417032045,
    "sohr_init_12": 1.7219997417032045,
    "sohr_init_13": 1.7219997417032045,
    "sohr_init_14": 1.7219997417032045,
    "soc_init_1": 25.72331681732694,
    "soc_init_2": 25.72331681732694,
    "soc_init_3": 25.72331681732694,
    "soc_init_4": 25.72331681732694,
    "soc_init_5": 25.72331681732694,
    "soc_init_6": 25.72331681732694,
    "soc_init_7": 25.72331681732694,
    "soc_init_8": 25.72331681732694,
    "soc_init_9": 25.72331681732694,
    "soc_init_10": 25.72331681732694,
    "soc_init_11": 25.72331681732694,
    "soc_init_12": 25.72331681732694,
    "soc_init_13": 25.72331681732694,
    "soc_init_14": 25.72331681732694,
    "cost": 0.5274080721753616,
    "device": "bPB00055",
    "cycle_start_time": "2022-11-10T17:15:19+00:00"
}