{
    "soc_min": 2,
    "soc_max": 98,
    "r1": 0.008200498425663822,
    "c1": 1992867.5117896618,
    "ir_a": 0.003966953047928739,
    "ir_b": 0.05153459245371175,
    "ir_c": 0.000993449729875625,
    "ir_d": 0.07068259514410494,
    "ir_e": 0.3244556324293461,
    "no_cells": 14,
    "cell_temp_init": 36.0003198954878,
    "amb_temp_celsius": 28.000273951938702,
    "bat_cell_cap": 66.0,
    "sohc_init_1": 54.45746890628832,
    "sohc_init_2": 54.45746890628832,
    "sohc_init_3": 54.45746890628832,
    "sohc_init_4": 54.45746890628832,
    "sohc_init_5": 54.45746890628832,
    "sohc_init_6": 54.45746890628832,
    "sohc_init_7": 54.45746890628832,
    "sohc_init_8": 54.45746890628832,
    "sohc_init_9": 54.45746890628832,
    "sohc_init_10": 54.45746890628832,
    "sohc_init_11": 54.45746890628832,
    "sohc_init_12": 54.45746890628832,
    "sohc_init_13": 54.45746890628832,
    "sohc_init_14": 54.45746890628832,
    "sohr_init_1": 2.839116470841887,
    "sohr_init_2": 2.839116470841887,
    "sohr_init_3": 2.839116470841887,
    "sohr_init_4": 2.839116470841887,
    "sohr_init_5": 2.839116470841887,
    "sohr_init_6": 2.839116470841887,
    "sohr_init_7": 2.839116470841887,
    "sohr_init_8": 2.839116470841887,
    "sohr_init_9": 2.839116470841887,
    "sohr_init_10": 2.839116470841887,
    "sohr_init_11": 2.839116470841887,
    "sohr_init_12": 2.839116470841887,
    "sohr_init_13": 2.839116470841887,
    "sohr_init_14": 2.839116470841887,
    "soc_init_1": 26.511509071213087,
    "soc_init_2": 26.511509071213087,
    "soc_init_3": 26.511509071213087,
    "soc_init_4": 26.511509071213087,
    "soc_init_5": 26.511509071213087,
    "soc_init_6": 26.511509071213087,
    "soc_init_7": 26.511509071213087,
    "soc_init_8": 26.511509071213087,
    "soc_init_9": 26.511509071213087,
    "soc_init_10": 26.511509071213087,
    "soc_init_11": 26.511509071213087,
    "soc_init_12": 26.511509071213087,
    "soc_init_13": 26.511509071213087,
    "soc_init_14": 26.511509071213087,
    "cost": 0.5866386317167263,
    "device": "bPB00055",
    "cycle_start_time": "2022-11-12T14:44:22+00:00"
}