{
    "soc_min": 2,
    "soc_max": 98,
    "r1": 0.009090351875859543,
    "c1": 689240.1535524442,
    "ir_a": 0.001919871177268356,
    "ir_b": 0.13908020635027693,
    "ir_c": 1.574885847931255e-05,
    "ir_d": 0.09259025776083193,
    "ir_e": 0.9813806864359005,
    "no_cells": 14,
    "cell_temp_init": 45.88292234046536,
    "amb_temp_celsius": 34.009611205159445,
    "bat_cell_cap": 66.0,
    "sohc_init_1": 52.534144777688205,
    "sohc_init_2": 52.534144777688205,
    "sohc_init_3": 52.534144777688205,
    "sohc_init_4": 52.534144777688205,
    "sohc_init_5": 52.534144777688205,
    "sohc_init_6": 52.534144777688205,
    "sohc_init_7": 52.534144777688205,
    "sohc_init_8": 52.534144777688205,
    "sohc_init_9": 52.534144777688205,
    "sohc_init_10": 52.534144777688205,
    "sohc_init_11": 52.534144777688205,
    "sohc_init_12": 52.534144777688205,
    "sohc_init_13": 52.534144777688205,
    "sohc_init_14": 52.534144777688205,
    "sohr_init_1": 2.66028246794735,
    "sohr_init_2": 2.66028246794735,
    "sohr_init_3": 2.66028246794735,
    "sohr_init_4": 2.66028246794735,
    "sohr_init_5": 2.66028246794735,
    "sohr_init_6": 2.66028246794735,
    "sohr_init_7": 2.66028246794735,
    "sohr_init_8": 2.66028246794735,
    "sohr_init_9": 2.66028246794735,
    "sohr_init_10": 2.66028246794735,
    "sohr_init_11": 2.66028246794735,
    "sohr_init_12": 2.66028246794735,
    "sohr_init_13": 2.66028246794735,
    "sohr_init_14": 2.66028246794735,
    "soc_init_1": 96.77484310493337,
    "soc_init_2": 96.77484310493337,
    "soc_init_3": 96.77484310493337,
    "soc_init_4": 96.77484310493337,
    "soc_init_5": 96.77484310493337,
    "soc_init_6": 96.77484310493337,
    "soc_init_7": 96.77484310493337,
    "soc_init_8": 96.77484310493337,
    "soc_init_9": 96.77484310493337,
    "soc_init_10": 96.77484310493337,
    "soc_init_11": 96.77484310493337,
    "soc_init_12": 96.77484310493337,
    "soc_init_13": 96.77484310493337,
    "soc_init_14": 96.77484310493337,
    "cost": 1.8267818227481192,
    "device": "bPB00055",
    "cycle_start_time": "2022-09-01T19:01:19+00:00"
}