{
    "soc_min": 2,
    "soc_max": 98,
    "r1": 0.018928155374991373,
    "c1": 1989006.2547754892,
    "ir_a": 0.002564823464033885,
    "ir_b": 0.07147581580875303,
    "ir_c": 0.00023109906878487758,
    "ir_d": 0.08668697349292523,
    "ir_e": 0.7329022857070723,
    "no_cells": 14,
    "cell_temp_init": 42.11741479868528,
    "amb_temp_celsius": 34.03516188012936,
    "bat_cell_cap": 66.0,
    "sohc_init_1": 52.130166743206225,
    "sohc_init_2": 52.130166743206225,
    "sohc_init_3": 52.130166743206225,
    "sohc_init_4": 52.130166743206225,
    "sohc_init_5": 52.130166743206225,
    "sohc_init_6": 52.130166743206225,
    "sohc_init_7": 52.130166743206225,
    "sohc_init_8": 52.130166743206225,
    "sohc_init_9": 52.130166743206225,
    "sohc_init_10": 52.130166743206225,
    "sohc_init_11": 52.130166743206225,
    "sohc_init_12": 52.130166743206225,
    "sohc_init_13": 52.130166743206225,
    "sohc_init_14": 52.130166743206225,
    "sohr_init_1": 1.7960377925210276,
    "sohr_init_2": 1.7960377925210276,
    "sohr_init_3": 1.7960377925210276,
    "sohr_init_4": 1.7960377925210276,
    "sohr_init_5": 1.7960377925210276,
    "sohr_init_6": 1.7960377925210276,
    "sohr_init_7": 1.7960377925210276,
    "sohr_init_8": 1.7960377925210276,
    "sohr_init_9": 1.7960377925210276,
    "sohr_init_10": 1.7960377925210276,
    "sohr_init_11": 1.7960377925210276,
    "sohr_init_12": 1.7960377925210276,
    "sohr_init_13": 1.7960377925210276,
    "sohr_init_14": 1.7960377925210276,
    "soc_init_1": 26.78071303219969,
    "soc_init_2": 26.78071303219969,
    "soc_init_3": 26.78071303219969,
    "soc_init_4": 26.78071303219969,
    "soc_init_5": 26.78071303219969,
    "soc_init_6": 26.78071303219969,
    "soc_init_7": 26.78071303219969,
    "soc_init_8": 26.78071303219969,
    "soc_init_9": 26.78071303219969,
    "soc_init_10": 26.78071303219969,
    "soc_init_11": 26.78071303219969,
    "soc_init_12": 26.78071303219969,
    "soc_init_13": 26.78071303219969,
    "soc_init_14": 26.78071303219969,
    "cost": 0.909762767043758,
    "device": "bPB00055",
    "cycle_start_time": "2022-09-11T21:23:21+00:00"
}