{
    "soc_min": 2,
    "soc_max": 98,
    "r1": 0.01950213009644862,
    "c1": 1828454.019198438,
    "ir_a": 0.00956121488039763,
    "ir_b": 0.04125624277033603,
    "ir_c": 0.004103074546576355,
    "ir_d": 0.09999269878742982,
    "ir_e": 0.999918078538553,
    "no_cells": 14,
    "cell_temp_init": 42.010644366847345,
    "amb_temp_celsius": 39.408712320361246,
    "bat_cell_cap": 66.0,
    "sohc_init_1": 62.99100772151847,
    "sohc_init_2": 62.99100772151847,
    "sohc_init_3": 62.99100772151847,
    "sohc_init_4": 62.99100772151847,
    "sohc_init_5": 62.99100772151847,
    "sohc_init_6": 62.99100772151847,
    "sohc_init_7": 62.99100772151847,
    "sohc_init_8": 62.99100772151847,
    "sohc_init_9": 62.99100772151847,
    "sohc_init_10": 62.99100772151847,
    "sohc_init_11": 62.99100772151847,
    "sohc_init_12": 62.99100772151847,
    "sohc_init_13": 62.99100772151847,
    "sohc_init_14": 62.99100772151847,
    "sohr_init_1": 2.979203478542657,
    "sohr_init_2": 2.979203478542657,
    "sohr_init_3": 2.979203478542657,
    "sohr_init_4": 2.979203478542657,
    "sohr_init_5": 2.979203478542657,
    "sohr_init_6": 2.979203478542657,
    "sohr_init_7": 2.979203478542657,
    "sohr_init_8": 2.979203478542657,
    "sohr_init_9": 2.979203478542657,
    "sohr_init_10": 2.979203478542657,
    "sohr_init_11": 2.979203478542657,
    "sohr_init_12": 2.979203478542657,
    "sohr_init_13": 2.979203478542657,
    "sohr_init_14": 2.979203478542657,
    "soc_init_1": 3.537557887730169,
    "soc_init_2": 3.537557887730169,
    "soc_init_3": 3.537557887730169,
    "soc_init_4": 3.537557887730169,
    "soc_init_5": 3.537557887730169,
    "soc_init_6": 3.537557887730169,
    "soc_init_7": 3.537557887730169,
    "soc_init_8": 3.537557887730169,
    "soc_init_9": 3.537557887730169,
    "soc_init_10": 3.537557887730169,
    "soc_init_11": 3.537557887730169,
    "soc_init_12": 3.537557887730169,
    "soc_init_13": 3.537557887730169,
    "soc_init_14": 3.537557887730169,
    "cost": 2.391612624127264,
    "device": "bPB00055",
    "cycle_start_time": "2021-07-20T15:32:14+00:00"
}