{
    "soc_min": 2,
    "soc_max": 98,
    "r1": 0.0014833616832718279,
    "c1": 108611.85666406575,
    "ir_a": 0.0011941447599862663,
    "ir_b": 0.19147735810725533,
    "ir_c": 0.0014032916302606287,
    "ir_d": 0.06105274544064139,
    "ir_e": 0.5405002047686933,
    "no_cells": 14,
    "cell_temp_init": 36.00006215825812,
    "amb_temp_celsius": 28.00128155019726,
    "bat_cell_cap": 66.0,
    "sohc_init_1": 49.300788008790256,
    "sohc_init_2": 49.300788008790256,
    "sohc_init_3": 49.300788008790256,
    "sohc_init_4": 49.300788008790256,
    "sohc_init_5": 49.300788008790256,
    "sohc_init_6": 49.300788008790256,
    "sohc_init_7": 49.300788008790256,
    "sohc_init_8": 49.300788008790256,
    "sohc_init_9": 49.300788008790256,
    "sohc_init_10": 49.300788008790256,
    "sohc_init_11": 49.300788008790256,
    "sohc_init_12": 49.300788008790256,
    "sohc_init_13": 49.300788008790256,
    "sohc_init_14": 49.300788008790256,
    "sohr_init_1": 1.8810136847374324,
    "sohr_init_2": 1.8810136847374324,
    "sohr_init_3": 1.8810136847374324,
    "sohr_init_4": 1.8810136847374324,
    "sohr_init_5": 1.8810136847374324,
    "sohr_init_6": 1.8810136847374324,
    "sohr_init_7": 1.8810136847374324,
    "sohr_init_8": 1.8810136847374324,
    "sohr_init_9": 1.8810136847374324,
    "sohr_init_10": 1.8810136847374324,
    "sohr_init_11": 1.8810136847374324,
    "sohr_init_12": 1.8810136847374324,
    "sohr_init_13": 1.8810136847374324,
    "sohr_init_14": 1.8810136847374324,
    "soc_init_1": 25.81147432609956,
    "soc_init_2": 25.81147432609956,
    "soc_init_3": 25.81147432609956,
    "soc_init_4": 25.81147432609956,
    "soc_init_5": 25.81147432609956,
    "soc_init_6": 25.81147432609956,
    "soc_init_7": 25.81147432609956,
    "soc_init_8": 25.81147432609956,
    "soc_init_9": 25.81147432609956,
    "soc_init_10": 25.81147432609956,
    "soc_init_11": 25.81147432609956,
    "soc_init_12": 25.81147432609956,
    "soc_init_13": 25.81147432609956,
    "soc_init_14": 25.81147432609956,
    "cost": 0.5477956069734622,
    "device": "bPB00055",
    "cycle_start_time": "2022-11-11T08:17:23+00:00"
}