{
    "soc_min": 2,
    "soc_max": 98,
    "r1": 0.006647242895580279,
    "c1": 1934622.2257134006,
    "ir_a": 0.002779354305766025,
    "ir_b": 0.025766396652409644,
    "ir_c": 0.00027484253886529236,
    "ir_d": 0.08716577456509625,
    "ir_e": 0.45996982032553807,
    "no_cells": 14,
    "cell_temp_init": 41.31886065445084,
    "amb_temp_celsius": 33.007424603586145,
    "bat_cell_cap": 66.0,
    "sohc_init_1": 53.14155621788622,
    "sohc_init_2": 53.14155621788622,
    "sohc_init_3": 53.14155621788622,
    "sohc_init_4": 53.14155621788622,
    "sohc_init_5": 53.14155621788622,
    "sohc_init_6": 53.14155621788622,
    "sohc_init_7": 53.14155621788622,
    "sohc_init_8": 53.14155621788622,
    "sohc_init_9": 53.14155621788622,
    "sohc_init_10": 53.14155621788622,
    "sohc_init_11": 53.14155621788622,
    "sohc_init_12": 53.14155621788622,
    "sohc_init_13": 53.14155621788622,
    "sohc_init_14": 53.14155621788622,
    "sohr_init_1": 1.4495327915512692,
    "sohr_init_2": 1.4495327915512692,
    "sohr_init_3": 1.4495327915512692,
    "sohr_init_4": 1.4495327915512692,
    "sohr_init_5": 1.4495327915512692,
    "sohr_init_6": 1.4495327915512692,
    "sohr_init_7": 1.4495327915512692,
    "sohr_init_8": 1.4495327915512692,
    "sohr_init_9": 1.4495327915512692,
    "sohr_init_10": 1.4495327915512692,
    "sohr_init_11": 1.4495327915512692,
    "sohr_init_12": 1.4495327915512692,
    "sohr_init_13": 1.4495327915512692,
    "sohr_init_14": 1.4495327915512692,
    "soc_init_1": 92.7522775730618,
    "soc_init_2": 92.7522775730618,
    "soc_init_3": 92.7522775730618,
    "soc_init_4": 92.7522775730618,
    "soc_init_5": 92.7522775730618,
    "soc_init_6": 92.7522775730618,
    "soc_init_7": 92.7522775730618,
    "soc_init_8": 92.7522775730618,
    "soc_init_9": 92.7522775730618,
    "soc_init_10": 92.7522775730618,
    "soc_init_11": 92.7522775730618,
    "soc_init_12": 92.7522775730618,
    "soc_init_13": 92.7522775730618,
    "soc_init_14": 92.7522775730618,
    "cost": 0.6475208907505117,
    "device": "bPB00055",
    "cycle_start_time": "2022-08-19T13:10:58+00:00"
}