{
    "soc_min": 2,
    "soc_max": 98,
    "r1": 0.00047166183053059705,
    "c1": 455413.8642562553,
    "ir_a": 0.0030526988101268067,
    "ir_b": 0.08743544679115557,
    "ir_c": 0.0015063615596098872,
    "ir_d": 0.010631691051833621,
    "ir_e": 0.026234005192936963,
    "no_cells": 14,
    "cell_temp_init": 36.00093706209857,
    "amb_temp_celsius": 28.006497631307465,
    "bat_cell_cap": 66.0,
    "sohc_init_1": 58.767277245399725,
    "sohc_init_2": 58.767277245399725,
    "sohc_init_3": 58.767277245399725,
    "sohc_init_4": 58.767277245399725,
    "sohc_init_5": 58.767277245399725,
    "sohc_init_6": 58.767277245399725,
    "sohc_init_7": 58.767277245399725,
    "sohc_init_8": 58.767277245399725,
    "sohc_init_9": 58.767277245399725,
    "sohc_init_10": 58.767277245399725,
    "sohc_init_11": 58.767277245399725,
    "sohc_init_12": 58.767277245399725,
    "sohc_init_13": 58.767277245399725,
    "sohc_init_14": 58.767277245399725,
    "sohr_init_1": 1.1794018317211297,
    "sohr_init_2": 1.1794018317211297,
    "sohr_init_3": 1.1794018317211297,
    "sohr_init_4": 1.1794018317211297,
    "sohr_init_5": 1.1794018317211297,
    "sohr_init_6": 1.1794018317211297,
    "sohr_init_7": 1.1794018317211297,
    "sohr_init_8": 1.1794018317211297,
    "sohr_init_9": 1.1794018317211297,
    "sohr_init_10": 1.1794018317211297,
    "sohr_init_11": 1.1794018317211297,
    "sohr_init_12": 1.1794018317211297,
    "sohr_init_13": 1.1794018317211297,
    "sohr_init_14": 1.1794018317211297,
    "soc_init_1": 11.223740265928736,
    "soc_init_2": 11.223740265928736,
    "soc_init_3": 11.223740265928736,
    "soc_init_4": 11.223740265928736,
    "soc_init_5": 11.223740265928736,
    "soc_init_6": 11.223740265928736,
    "soc_init_7": 11.223740265928736,
    "soc_init_8": 11.223740265928736,
    "soc_init_9": 11.223740265928736,
    "soc_init_10": 11.223740265928736,
    "soc_init_11": 11.223740265928736,
    "soc_init_12": 11.223740265928736,
    "soc_init_13": 11.223740265928736,
    "soc_init_14": 11.223740265928736,
    "cost": 0.2674930709887805,
    "device": "bPB00055",
    "cycle_start_time": "2021-11-09T13:20:56+00:00"
}