{
    "soc_min": 2,
    "soc_max": 98,
    "r1": 0.0008229673621052893,
    "c1": 217461.72847321344,
    "ir_a": 0.004025381059504838,
    "ir_b": 0.16120264726125355,
    "ir_c": 0.0021023836221560114,
    "ir_d": 0.013554019301983555,
    "ir_e": 0.46276049660108476,
    "no_cells": 14,
    "cell_temp_init": 36.00037710264829,
    "amb_temp_celsius": 28.000504320300482,
    "bat_cell_cap": 66.0,
    "sohc_init_1": 48.65131680177501,
    "sohc_init_2": 48.65131680177501,
    "sohc_init_3": 48.65131680177501,
    "sohc_init_4": 48.65131680177501,
    "sohc_init_5": 48.65131680177501,
    "sohc_init_6": 48.65131680177501,
    "sohc_init_7": 48.65131680177501,
    "sohc_init_8": 48.65131680177501,
    "sohc_init_9": 48.65131680177501,
    "sohc_init_10": 48.65131680177501,
    "sohc_init_11": 48.65131680177501,
    "sohc_init_12": 48.65131680177501,
    "sohc_init_13": 48.65131680177501,
    "sohc_init_14": 48.65131680177501,
    "sohr_init_1": 1.5272356867991939,
    "sohr_init_2": 1.5272356867991939,
    "sohr_init_3": 1.5272356867991939,
    "sohr_init_4": 1.5272356867991939,
    "sohr_init_5": 1.5272356867991939,
    "sohr_init_6": 1.5272356867991939,
    "sohr_init_7": 1.5272356867991939,
    "sohr_init_8": 1.5272356867991939,
    "sohr_init_9": 1.5272356867991939,
    "sohr_init_10": 1.5272356867991939,
    "sohr_init_11": 1.5272356867991939,
    "sohr_init_12": 1.5272356867991939,
    "sohr_init_13": 1.5272356867991939,
    "sohr_init_14": 1.5272356867991939,
    "soc_init_1": 25.395435652129247,
    "soc_init_2": 25.395435652129247,
    "soc_init_3": 25.395435652129247,
    "soc_init_4": 25.395435652129247,
    "soc_init_5": 25.395435652129247,
    "soc_init_6": 25.395435652129247,
    "soc_init_7": 25.395435652129247,
    "soc_init_8": 25.395435652129247,
    "soc_init_9": 25.395435652129247,
    "soc_init_10": 25.395435652129247,
    "soc_init_11": 25.395435652129247,
    "soc_init_12": 25.395435652129247,
    "soc_init_13": 25.395435652129247,
    "soc_init_14": 25.395435652129247,
    "cost": 0.5305771889121639,
    "device": "bPB00055",
    "cycle_start_time": "2022-11-10T13:30:41+00:00"
}