{
    "soc_min": 2,
    "soc_max": 98,
    "r1": 0.0005051577759479041,
    "c1": 668602.8300173816,
    "ir_a": 0.003708491737923863,
    "ir_b": 0.1874146258528564,
    "ir_c": 0.0015930883975348784,
    "ir_d": 0.04286343372042209,
    "ir_e": 0.45179236946274465,
    "no_cells": 14,
    "cell_temp_init": 36.00019024240087,
    "amb_temp_celsius": 28.000833460081257,
    "bat_cell_cap": 66.0,
    "sohc_init_1": 48.602830047351034,
    "sohc_init_2": 48.602830047351034,
    "sohc_init_3": 48.602830047351034,
    "sohc_init_4": 48.602830047351034,
    "sohc_init_5": 48.602830047351034,
    "sohc_init_6": 48.602830047351034,
    "sohc_init_7": 48.602830047351034,
    "sohc_init_8": 48.602830047351034,
    "sohc_init_9": 48.602830047351034,
    "sohc_init_10": 48.602830047351034,
    "sohc_init_11": 48.602830047351034,
    "sohc_init_12": 48.602830047351034,
    "sohc_init_13": 48.602830047351034,
    "sohc_init_14": 48.602830047351034,
    "sohr_init_1": 2.236819451915494,
    "sohr_init_2": 2.236819451915494,
    "sohr_init_3": 2.236819451915494,
    "sohr_init_4": 2.236819451915494,
    "sohr_init_5": 2.236819451915494,
    "sohr_init_6": 2.236819451915494,
    "sohr_init_7": 2.236819451915494,
    "sohr_init_8": 2.236819451915494,
    "sohr_init_9": 2.236819451915494,
    "sohr_init_10": 2.236819451915494,
    "sohr_init_11": 2.236819451915494,
    "sohr_init_12": 2.236819451915494,
    "sohr_init_13": 2.236819451915494,
    "sohr_init_14": 2.236819451915494,
    "soc_init_1": 27.61990586872811,
    "soc_init_2": 27.61990586872811,
    "soc_init_3": 27.61990586872811,
    "soc_init_4": 27.61990586872811,
    "soc_init_5": 27.61990586872811,
    "soc_init_6": 27.61990586872811,
    "soc_init_7": 27.61990586872811,
    "soc_init_8": 27.61990586872811,
    "soc_init_9": 27.61990586872811,
    "soc_init_10": 27.61990586872811,
    "soc_init_11": 27.61990586872811,
    "soc_init_12": 27.61990586872811,
    "soc_init_13": 27.61990586872811,
    "soc_init_14": 27.61990586872811,
    "cost": 0.5313330579831234,
    "device": "bPB00055",
    "cycle_start_time": "2022-11-15T23:15:03+00:00"
}