{
    "soc_min": 2,
    "soc_max": 98,
    "r1": 0.007760141238800481,
    "c1": 260895.9444474375,
    "ir_a": 0.0001293507852325714,
    "ir_b": 0.18451691000383397,
    "ir_c": 0.0012990720701125977,
    "ir_d": 0.08690080840018448,
    "ir_e": 0.8127477705419405,
    "no_cells": 14,
    "cell_temp_init": 38.00313485878737,
    "amb_temp_celsius": 32.683739993091585,
    "bat_cell_cap": 66.0,
    "sohc_init_1": 45.006550514123674,
    "sohc_init_2": 45.006550514123674,
    "sohc_init_3": 45.006550514123674,
    "sohc_init_4": 45.006550514123674,
    "sohc_init_5": 45.006550514123674,
    "sohc_init_6": 45.006550514123674,
    "sohc_init_7": 45.006550514123674,
    "sohc_init_8": 45.006550514123674,
    "sohc_init_9": 45.006550514123674,
    "sohc_init_10": 45.006550514123674,
    "sohc_init_11": 45.006550514123674,
    "sohc_init_12": 45.006550514123674,
    "sohc_init_13": 45.006550514123674,
    "sohc_init_14": 45.006550514123674,
    "sohr_init_1": 2.336343461673174,
    "sohr_init_2": 2.336343461673174,
    "sohr_init_3": 2.336343461673174,
    "sohr_init_4": 2.336343461673174,
    "sohr_init_5": 2.336343461673174,
    "sohr_init_6": 2.336343461673174,
    "sohr_init_7": 2.336343461673174,
    "sohr_init_8": 2.336343461673174,
    "sohr_init_9": 2.336343461673174,
    "sohr_init_10": 2.336343461673174,
    "sohr_init_11": 2.336343461673174,
    "sohr_init_12": 2.336343461673174,
    "sohr_init_13": 2.336343461673174,
    "sohr_init_14": 2.336343461673174,
    "soc_init_1": 7.318832979883969,
    "soc_init_2": 7.318832979883969,
    "soc_init_3": 7.318832979883969,
    "soc_init_4": 7.318832979883969,
    "soc_init_5": 7.318832979883969,
    "soc_init_6": 7.318832979883969,
    "soc_init_7": 7.318832979883969,
    "soc_init_8": 7.318832979883969,
    "soc_init_9": 7.318832979883969,
    "soc_init_10": 7.318832979883969,
    "soc_init_11": 7.318832979883969,
    "soc_init_12": 7.318832979883969,
    "soc_init_13": 7.318832979883969,
    "soc_init_14": 7.318832979883969,
    "cost": 0.6148953010665181,
    "device": "bPB00055",
    "cycle_start_time": "2021-11-02T01:30:52+00:00"
}