{
    "soc_min": 2,
    "soc_max": 98,
    "r1": 0.00018243300726560106,
    "c1": 558631.9843914041,
    "ir_a": 0.0038404775874581708,
    "ir_b": 0.16911304185990247,
    "ir_c": 0.008207696912035304,
    "ir_d": 0.06526943150000677,
    "ir_e": 0.2391519102949978,
    "no_cells": 14,
    "cell_temp_init": 43.004988606218284,
    "amb_temp_celsius": 36.79892011604068,
    "bat_cell_cap": 66.0,
    "sohc_init_1": 45.047147014633644,
    "sohc_init_2": 45.047147014633644,
    "sohc_init_3": 45.047147014633644,
    "sohc_init_4": 45.047147014633644,
    "sohc_init_5": 45.047147014633644,
    "sohc_init_6": 45.047147014633644,
    "sohc_init_7": 45.047147014633644,
    "sohc_init_8": 45.047147014633644,
    "sohc_init_9": 45.047147014633644,
    "sohc_init_10": 45.047147014633644,
    "sohc_init_11": 45.047147014633644,
    "sohc_init_12": 45.047147014633644,
    "sohc_init_13": 45.047147014633644,
    "sohc_init_14": 45.047147014633644,
    "sohr_init_1": 1.6103290439218465,
    "sohr_init_2": 1.6103290439218465,
    "sohr_init_3": 1.6103290439218465,
    "sohr_init_4": 1.6103290439218465,
    "sohr_init_5": 1.6103290439218465,
    "sohr_init_6": 1.6103290439218465,
    "sohr_init_7": 1.6103290439218465,
    "sohr_init_8": 1.6103290439218465,
    "sohr_init_9": 1.6103290439218465,
    "sohr_init_10": 1.6103290439218465,
    "sohr_init_11": 1.6103290439218465,
    "sohr_init_12": 1.6103290439218465,
    "sohr_init_13": 1.6103290439218465,
    "sohr_init_14": 1.6103290439218465,
    "soc_init_1": 5.463161089859612,
    "soc_init_2": 5.463161089859612,
    "soc_init_3": 5.463161089859612,
    "soc_init_4": 5.463161089859612,
    "soc_init_5": 5.463161089859612,
    "soc_init_6": 5.463161089859612,
    "soc_init_7": 5.463161089859612,
    "soc_init_8": 5.463161089859612,
    "soc_init_9": 5.463161089859612,
    "soc_init_10": 5.463161089859612,
    "soc_init_11": 5.463161089859612,
    "soc_init_12": 5.463161089859612,
    "soc_init_13": 5.463161089859612,
    "soc_init_14": 5.463161089859612,
    "cost": 1.7176504685442509,
    "device": "bPB00055",
    "cycle_start_time": "2022-07-27T22:27:56+00:00"
}