{
    "soc_min": 2,
    "soc_max": 98,
    "r1": 0.0010898972912552795,
    "c1": 297491.64114781824,
    "ir_a": 0.00369163169744866,
    "ir_b": 0.19613508773872312,
    "ir_c": 0.001752210284246709,
    "ir_d": 0.020801961374078803,
    "ir_e": 0.6886865936065303,
    "no_cells": 14,
    "cell_temp_init": 36.00024178109322,
    "amb_temp_celsius": 28.000743078281218,
    "bat_cell_cap": 66.0,
    "sohc_init_1": 49.29956158058957,
    "sohc_init_2": 49.29956158058957,
    "sohc_init_3": 49.29956158058957,
    "sohc_init_4": 49.29956158058957,
    "sohc_init_5": 49.29956158058957,
    "sohc_init_6": 49.29956158058957,
    "sohc_init_7": 49.29956158058957,
    "sohc_init_8": 49.29956158058957,
    "sohc_init_9": 49.29956158058957,
    "sohc_init_10": 49.29956158058957,
    "sohc_init_11": 49.29956158058957,
    "sohc_init_12": 49.29956158058957,
    "sohc_init_13": 49.29956158058957,
    "sohc_init_14": 49.29956158058957,
    "sohr_init_1": 1.7504288781594983,
    "sohr_init_2": 1.7504288781594983,
    "sohr_init_3": 1.7504288781594983,
    "sohr_init_4": 1.7504288781594983,
    "sohr_init_5": 1.7504288781594983,
    "sohr_init_6": 1.7504288781594983,
    "sohr_init_7": 1.7504288781594983,
    "sohr_init_8": 1.7504288781594983,
    "sohr_init_9": 1.7504288781594983,
    "sohr_init_10": 1.7504288781594983,
    "sohr_init_11": 1.7504288781594983,
    "sohr_init_12": 1.7504288781594983,
    "sohr_init_13": 1.7504288781594983,
    "sohr_init_14": 1.7504288781594983,
    "soc_init_1": 26.986504953241447,
    "soc_init_2": 26.986504953241447,
    "soc_init_3": 26.986504953241447,
    "soc_init_4": 26.986504953241447,
    "soc_init_5": 26.986504953241447,
    "soc_init_6": 26.986504953241447,
    "soc_init_7": 26.986504953241447,
    "soc_init_8": 26.986504953241447,
    "soc_init_9": 26.986504953241447,
    "soc_init_10": 26.986504953241447,
    "soc_init_11": 26.986504953241447,
    "soc_init_12": 26.986504953241447,
    "soc_init_13": 26.986504953241447,
    "soc_init_14": 26.986504953241447,
    "cost": 0.5323389177093163,
    "device": "bPB00055",
    "cycle_start_time": "2022-11-14T20:12:14+00:00"
}