{
    "soc_min": 2,
    "soc_max": 98,
    "r1": 0.01999173724238173,
    "c1": 1999891.0034985812,
    "ir_a": 0.007160173952715953,
    "ir_b": 0.19999920840137173,
    "ir_c": 0.0016759489276165736,
    "ir_d": 0.09995975661598733,
    "ir_e": 0.5366499968489791,
    "no_cells": 14,
    "cell_temp_init": 33.00018904643167,
    "amb_temp_celsius": 25.000260526188747,
    "bat_cell_cap": 66.0,
    "sohc_init_1": 65.43882183772621,
    "sohc_init_2": 65.43882183772621,
    "sohc_init_3": 65.43882183772621,
    "sohc_init_4": 65.43882183772621,
    "sohc_init_5": 65.43882183772621,
    "sohc_init_6": 65.43882183772621,
    "sohc_init_7": 65.43882183772621,
    "sohc_init_8": 65.43882183772621,
    "sohc_init_9": 65.43882183772621,
    "sohc_init_10": 65.43882183772621,
    "sohc_init_11": 65.43882183772621,
    "sohc_init_12": 65.43882183772621,
    "sohc_init_13": 65.43882183772621,
    "sohc_init_14": 65.43882183772621,
    "sohr_init_1": 1.7238442399075036,
    "sohr_init_2": 1.7238442399075036,
    "sohr_init_3": 1.7238442399075036,
    "sohr_init_4": 1.7238442399075036,
    "sohr_init_5": 1.7238442399075036,
    "sohr_init_6": 1.7238442399075036,
    "sohr_init_7": 1.7238442399075036,
    "sohr_init_8": 1.7238442399075036,
    "sohr_init_9": 1.7238442399075036,
    "sohr_init_10": 1.7238442399075036,
    "sohr_init_11": 1.7238442399075036,
    "sohr_init_12": 1.7238442399075036,
    "sohr_init_13": 1.7238442399075036,
    "sohr_init_14": 1.7238442399075036,
    "soc_init_1": 10.132122079427848,
    "soc_init_2": 10.132122079427848,
    "soc_init_3": 10.132122079427848,
    "soc_init_4": 10.132122079427848,
    "soc_init_5": 10.132122079427848,
    "soc_init_6": 10.132122079427848,
    "soc_init_7": 10.132122079427848,
    "soc_init_8": 10.132122079427848,
    "soc_init_9": 10.132122079427848,
    "soc_init_10": 10.132122079427848,
    "soc_init_11": 10.132122079427848,
    "soc_init_12": 10.132122079427848,
    "soc_init_13": 10.132122079427848,
    "soc_init_14": 10.132122079427848,
    "cost": 0.2932112709269238,
    "device": "bPB00055",
    "cycle_start_time": "2021-11-23T06:32:03+00:00"
}