{
    "soc_min": 2,
    "soc_max": 98,
    "r1": 0.0011295146784206394,
    "c1": 201310.5937208806,
    "ir_a": 0.005603240366993665,
    "ir_b": 0.17890248139157242,
    "ir_c": 0.0014102512989903723,
    "ir_d": 0.08892750544685253,
    "ir_e": 0.014252689154895856,
    "no_cells": 14,
    "cell_temp_init": 35.001646461430745,
    "amb_temp_celsius": 27.00119510208548,
    "bat_cell_cap": 66.0,
    "sohc_init_1": 50.23234688111668,
    "sohc_init_2": 50.23234688111668,
    "sohc_init_3": 50.23234688111668,
    "sohc_init_4": 50.23234688111668,
    "sohc_init_5": 50.23234688111668,
    "sohc_init_6": 50.23234688111668,
    "sohc_init_7": 50.23234688111668,
    "sohc_init_8": 50.23234688111668,
    "sohc_init_9": 50.23234688111668,
    "sohc_init_10": 50.23234688111668,
    "sohc_init_11": 50.23234688111668,
    "sohc_init_12": 50.23234688111668,
    "sohc_init_13": 50.23234688111668,
    "sohc_init_14": 50.23234688111668,
    "sohr_init_1": 2.4578040970675716,
    "sohr_init_2": 2.4578040970675716,
    "sohr_init_3": 2.4578040970675716,
    "sohr_init_4": 2.4578040970675716,
    "sohr_init_5": 2.4578040970675716,
    "sohr_init_6": 2.4578040970675716,
    "sohr_init_7": 2.4578040970675716,
    "sohr_init_8": 2.4578040970675716,
    "sohr_init_9": 2.4578040970675716,
    "sohr_init_10": 2.4578040970675716,
    "sohr_init_11": 2.4578040970675716,
    "sohr_init_12": 2.4578040970675716,
    "sohr_init_13": 2.4578040970675716,
    "sohr_init_14": 2.4578040970675716,
    "soc_init_1": 24.60546579044728,
    "soc_init_2": 24.60546579044728,
    "soc_init_3": 24.60546579044728,
    "soc_init_4": 24.60546579044728,
    "soc_init_5": 24.60546579044728,
    "soc_init_6": 24.60546579044728,
    "soc_init_7": 24.60546579044728,
    "soc_init_8": 24.60546579044728,
    "soc_init_9": 24.60546579044728,
    "soc_init_10": 24.60546579044728,
    "soc_init_11": 24.60546579044728,
    "soc_init_12": 24.60546579044728,
    "soc_init_13": 24.60546579044728,
    "soc_init_14": 24.60546579044728,
    "cost": 0.5148579122148138,
    "device": "bPB00055",
    "cycle_start_time": "2022-11-06T00:35:57+00:00"
}