{
    "soc_min": 2,
    "soc_max": 98,
    "r1": 0.0014835390234258165,
    "c1": 101174.10829607802,
    "ir_a": 0.0002718326116762242,
    "ir_b": 0.0930766273542604,
    "ir_c": 0.0013585330103351733,
    "ir_d": 0.022328290269464555,
    "ir_e": 0.8544730265325436,
    "no_cells": 14,
    "cell_temp_init": 36.00010804410098,
    "amb_temp_celsius": 28.000908000635444,
    "bat_cell_cap": 66.0,
    "sohc_init_1": 48.92394132605117,
    "sohc_init_2": 48.92394132605117,
    "sohc_init_3": 48.92394132605117,
    "sohc_init_4": 48.92394132605117,
    "sohc_init_5": 48.92394132605117,
    "sohc_init_6": 48.92394132605117,
    "sohc_init_7": 48.92394132605117,
    "sohc_init_8": 48.92394132605117,
    "sohc_init_9": 48.92394132605117,
    "sohc_init_10": 48.92394132605117,
    "sohc_init_11": 48.92394132605117,
    "sohc_init_12": 48.92394132605117,
    "sohc_init_13": 48.92394132605117,
    "sohc_init_14": 48.92394132605117,
    "sohr_init_1": 1.915462377830281,
    "sohr_init_2": 1.915462377830281,
    "sohr_init_3": 1.915462377830281,
    "sohr_init_4": 1.915462377830281,
    "sohr_init_5": 1.915462377830281,
    "sohr_init_6": 1.915462377830281,
    "sohr_init_7": 1.915462377830281,
    "sohr_init_8": 1.915462377830281,
    "sohr_init_9": 1.915462377830281,
    "sohr_init_10": 1.915462377830281,
    "sohr_init_11": 1.915462377830281,
    "sohr_init_12": 1.915462377830281,
    "sohr_init_13": 1.915462377830281,
    "sohr_init_14": 1.915462377830281,
    "soc_init_1": 27.94522020474248,
    "soc_init_2": 27.94522020474248,
    "soc_init_3": 27.94522020474248,
    "soc_init_4": 27.94522020474248,
    "soc_init_5": 27.94522020474248,
    "soc_init_6": 27.94522020474248,
    "soc_init_7": 27.94522020474248,
    "soc_init_8": 27.94522020474248,
    "soc_init_9": 27.94522020474248,
    "soc_init_10": 27.94522020474248,
    "soc_init_11": 27.94522020474248,
    "soc_init_12": 27.94522020474248,
    "soc_init_13": 27.94522020474248,
    "soc_init_14": 27.94522020474248,
    "cost": 0.5250216437251793,
    "device": "bPB00055",
    "cycle_start_time": "2022-11-16T03:04:12+00:00"
}