{
    "soc_min": 2,
    "soc_max": 98,
    "r1": 0.01980814568536491,
    "c1": 1992944.3663885097,
    "ir_a": 0.0032151413584752078,
    "ir_b": 0.042738334003691376,
    "ir_c": 0.00018048309684740653,
    "ir_d": 0.010595451584047217,
    "ir_e": 0.05608087307417091,
    "no_cells": 14,
    "cell_temp_init": 39.0036689749921,
    "amb_temp_celsius": 34.96742852241136,
    "bat_cell_cap": 66.0,
    "sohc_init_1": 64.41922262142637,
    "sohc_init_2": 64.41922262142637,
    "sohc_init_3": 64.41922262142637,
    "sohc_init_4": 64.41922262142637,
    "sohc_init_5": 64.41922262142637,
    "sohc_init_6": 64.41922262142637,
    "sohc_init_7": 64.41922262142637,
    "sohc_init_8": 64.41922262142637,
    "sohc_init_9": 64.41922262142637,
    "sohc_init_10": 64.41922262142637,
    "sohc_init_11": 64.41922262142637,
    "sohc_init_12": 64.41922262142637,
    "sohc_init_13": 64.41922262142637,
    "sohc_init_14": 64.41922262142637,
    "sohr_init_1": 1.5512682864088614,
    "sohr_init_2": 1.5512682864088614,
    "sohr_init_3": 1.5512682864088614,
    "sohr_init_4": 1.5512682864088614,
    "sohr_init_5": 1.5512682864088614,
    "sohr_init_6": 1.5512682864088614,
    "sohr_init_7": 1.5512682864088614,
    "sohr_init_8": 1.5512682864088614,
    "sohr_init_9": 1.5512682864088614,
    "sohr_init_10": 1.5512682864088614,
    "sohr_init_11": 1.5512682864088614,
    "sohr_init_12": 1.5512682864088614,
    "sohr_init_13": 1.5512682864088614,
    "sohr_init_14": 1.5512682864088614,
    "soc_init_1": 13.938926402324894,
    "soc_init_2": 13.938926402324894,
    "soc_init_3": 13.938926402324894,
    "soc_init_4": 13.938926402324894,
    "soc_init_5": 13.938926402324894,
    "soc_init_6": 13.938926402324894,
    "soc_init_7": 13.938926402324894,
    "soc_init_8": 13.938926402324894,
    "soc_init_9": 13.938926402324894,
    "soc_init_10": 13.938926402324894,
    "soc_init_11": 13.938926402324894,
    "soc_init_12": 13.938926402324894,
    "soc_init_13": 13.938926402324894,
    "soc_init_14": 13.938926402324894,
    "cost": 0.5800552211576143,
    "device": "bPB00055",
    "cycle_start_time": "2021-11-04T00:18:09+00:00"
}