{
    "soc_min": 2,
    "soc_max": 98,
    "r1": 0.000792399022880524,
    "c1": 477530.31202623877,
    "ir_a": 0.00030618468764134527,
    "ir_b": 0.1643058715891903,
    "ir_c": 0.0017847692371216603,
    "ir_d": 0.014135181533829162,
    "ir_e": 0.020243510266794405,
    "no_cells": 14,
    "cell_temp_init": 36.00001117705249,
    "amb_temp_celsius": 28.001242249514043,
    "bat_cell_cap": 66.0,
    "sohc_init_1": 49.09128514327378,
    "sohc_init_2": 49.09128514327378,
    "sohc_init_3": 49.09128514327378,
    "sohc_init_4": 49.09128514327378,
    "sohc_init_5": 49.09128514327378,
    "sohc_init_6": 49.09128514327378,
    "sohc_init_7": 49.09128514327378,
    "sohc_init_8": 49.09128514327378,
    "sohc_init_9": 49.09128514327378,
    "sohc_init_10": 49.09128514327378,
    "sohc_init_11": 49.09128514327378,
    "sohc_init_12": 49.09128514327378,
    "sohc_init_13": 49.09128514327378,
    "sohc_init_14": 49.09128514327378,
    "sohr_init_1": 1.8932415659243058,
    "sohr_init_2": 1.8932415659243058,
    "sohr_init_3": 1.8932415659243058,
    "sohr_init_4": 1.8932415659243058,
    "sohr_init_5": 1.8932415659243058,
    "sohr_init_6": 1.8932415659243058,
    "sohr_init_7": 1.8932415659243058,
    "sohr_init_8": 1.8932415659243058,
    "sohr_init_9": 1.8932415659243058,
    "sohr_init_10": 1.8932415659243058,
    "sohr_init_11": 1.8932415659243058,
    "sohr_init_12": 1.8932415659243058,
    "sohr_init_13": 1.8932415659243058,
    "sohr_init_14": 1.8932415659243058,
    "soc_init_1": 26.298488448336713,
    "soc_init_2": 26.298488448336713,
    "soc_init_3": 26.298488448336713,
    "soc_init_4": 26.298488448336713,
    "soc_init_5": 26.298488448336713,
    "soc_init_6": 26.298488448336713,
    "soc_init_7": 26.298488448336713,
    "soc_init_8": 26.298488448336713,
    "soc_init_9": 26.298488448336713,
    "soc_init_10": 26.298488448336713,
    "soc_init_11": 26.298488448336713,
    "soc_init_12": 26.298488448336713,
    "soc_init_13": 26.298488448336713,
    "soc_init_14": 26.298488448336713,
    "cost": 0.5494492892996347,
    "device": "bPB00055",
    "cycle_start_time": "2022-11-13T21:13:34+00:00"
}