{
    "soc_min": 2,
    "soc_max": 98,
    "r1": 0.0009226554038797833,
    "c1": 301467.6805101127,
    "ir_a": 0.0001296906766564582,
    "ir_b": 0.16649566143069985,
    "ir_c": 0.002899836773871635,
    "ir_d": 0.08980205506357972,
    "ir_e": 0.9455827515811046,
    "no_cells": 14,
    "cell_temp_init": 36.00022370927933,
    "amb_temp_celsius": 28.000686566819596,
    "bat_cell_cap": 66.0,
    "sohc_init_1": 49.215285861646095,
    "sohc_init_2": 49.215285861646095,
    "sohc_init_3": 49.215285861646095,
    "sohc_init_4": 49.215285861646095,
    "sohc_init_5": 49.215285861646095,
    "sohc_init_6": 49.215285861646095,
    "sohc_init_7": 49.215285861646095,
    "sohc_init_8": 49.215285861646095,
    "sohc_init_9": 49.215285861646095,
    "sohc_init_10": 49.215285861646095,
    "sohc_init_11": 49.215285861646095,
    "sohc_init_12": 49.215285861646095,
    "sohc_init_13": 49.215285861646095,
    "sohc_init_14": 49.215285861646095,
    "sohr_init_1": 1.1097502240017654,
    "sohr_init_2": 1.1097502240017654,
    "sohr_init_3": 1.1097502240017654,
    "sohr_init_4": 1.1097502240017654,
    "sohr_init_5": 1.1097502240017654,
    "sohr_init_6": 1.1097502240017654,
    "sohr_init_7": 1.1097502240017654,
    "sohr_init_8": 1.1097502240017654,
    "sohr_init_9": 1.1097502240017654,
    "sohr_init_10": 1.1097502240017654,
    "sohr_init_11": 1.1097502240017654,
    "sohr_init_12": 1.1097502240017654,
    "sohr_init_13": 1.1097502240017654,
    "sohr_init_14": 1.1097502240017654,
    "soc_init_1": 23.19934232777762,
    "soc_init_2": 23.19934232777762,
    "soc_init_3": 23.19934232777762,
    "soc_init_4": 23.19934232777762,
    "soc_init_5": 23.19934232777762,
    "soc_init_6": 23.19934232777762,
    "soc_init_7": 23.19934232777762,
    "soc_init_8": 23.19934232777762,
    "soc_init_9": 23.19934232777762,
    "soc_init_10": 23.19934232777762,
    "soc_init_11": 23.19934232777762,
    "soc_init_12": 23.19934232777762,
    "soc_init_13": 23.19934232777762,
    "soc_init_14": 23.19934232777762,
    "cost": 0.554828577035397,
    "device": "bPB00055",
    "cycle_start_time": "2022-11-04T06:35:17+00:00"
}