{
    "soc_min": 2,
    "soc_max": 98,
    "r1": 0.0006083513825034663,
    "c1": 645216.3918877231,
    "ir_a": 0.0056605570262030815,
    "ir_b": 0.16719786058056543,
    "ir_c": 0.0015159722274451057,
    "ir_d": 0.05051117651300133,
    "ir_e": 0.9096893897000266,
    "no_cells": 14,
    "cell_temp_init": 36.000387969117284,
    "amb_temp_celsius": 28.00054548574193,
    "bat_cell_cap": 66.0,
    "sohc_init_1": 49.230820501957325,
    "sohc_init_2": 49.230820501957325,
    "sohc_init_3": 49.230820501957325,
    "sohc_init_4": 49.230820501957325,
    "sohc_init_5": 49.230820501957325,
    "sohc_init_6": 49.230820501957325,
    "sohc_init_7": 49.230820501957325,
    "sohc_init_8": 49.230820501957325,
    "sohc_init_9": 49.230820501957325,
    "sohc_init_10": 49.230820501957325,
    "sohc_init_11": 49.230820501957325,
    "sohc_init_12": 49.230820501957325,
    "sohc_init_13": 49.230820501957325,
    "sohc_init_14": 49.230820501957325,
    "sohr_init_1": 2.337488336928188,
    "sohr_init_2": 2.337488336928188,
    "sohr_init_3": 2.337488336928188,
    "sohr_init_4": 2.337488336928188,
    "sohr_init_5": 2.337488336928188,
    "sohr_init_6": 2.337488336928188,
    "sohr_init_7": 2.337488336928188,
    "sohr_init_8": 2.337488336928188,
    "sohr_init_9": 2.337488336928188,
    "sohr_init_10": 2.337488336928188,
    "sohr_init_11": 2.337488336928188,
    "sohr_init_12": 2.337488336928188,
    "sohr_init_13": 2.337488336928188,
    "sohr_init_14": 2.337488336928188,
    "soc_init_1": 24.20325874206186,
    "soc_init_2": 24.20325874206186,
    "soc_init_3": 24.20325874206186,
    "soc_init_4": 24.20325874206186,
    "soc_init_5": 24.20325874206186,
    "soc_init_6": 24.20325874206186,
    "soc_init_7": 24.20325874206186,
    "soc_init_8": 24.20325874206186,
    "soc_init_9": 24.20325874206186,
    "soc_init_10": 24.20325874206186,
    "soc_init_11": 24.20325874206186,
    "soc_init_12": 24.20325874206186,
    "soc_init_13": 24.20325874206186,
    "soc_init_14": 24.20325874206186,
    "cost": 0.5441138439957717,
    "device": "bPB00055",
    "cycle_start_time": "2022-11-05T09:13:35+00:00"
}