{
    "soc_min": 2,
    "soc_max": 98,
    "r1": 0.001462210765623598,
    "c1": 1365644.6811065886,
    "ir_a": 0.004233190684201618,
    "ir_b": 0.08396059306952935,
    "ir_c": 0.002424552945633823,
    "ir_d": 0.05097033983632193,
    "ir_e": 0.46131681605625735,
    "no_cells": 14,
    "cell_temp_init": 41.00125634974352,
    "amb_temp_celsius": 33.00268527654094,
    "bat_cell_cap": 66.0,
    "sohc_init_1": 45.003566715661904,
    "sohc_init_2": 45.003566715661904,
    "sohc_init_3": 45.003566715661904,
    "sohc_init_4": 45.003566715661904,
    "sohc_init_5": 45.003566715661904,
    "sohc_init_6": 45.003566715661904,
    "sohc_init_7": 45.003566715661904,
    "sohc_init_8": 45.003566715661904,
    "sohc_init_9": 45.003566715661904,
    "sohc_init_10": 45.003566715661904,
    "sohc_init_11": 45.003566715661904,
    "sohc_init_12": 45.003566715661904,
    "sohc_init_13": 45.003566715661904,
    "sohc_init_14": 45.003566715661904,
    "sohr_init_1": 2.272873739915298,
    "sohr_init_2": 2.272873739915298,
    "sohr_init_3": 2.272873739915298,
    "sohr_init_4": 2.272873739915298,
    "sohr_init_5": 2.272873739915298,
    "sohr_init_6": 2.272873739915298,
    "sohr_init_7": 2.272873739915298,
    "sohr_init_8": 2.272873739915298,
    "sohr_init_9": 2.272873739915298,
    "sohr_init_10": 2.272873739915298,
    "sohr_init_11": 2.272873739915298,
    "sohr_init_12": 2.272873739915298,
    "sohr_init_13": 2.272873739915298,
    "sohr_init_14": 2.272873739915298,
    "soc_init_1": 3.302006217360846,
    "soc_init_2": 3.302006217360846,
    "soc_init_3": 3.302006217360846,
    "soc_init_4": 3.302006217360846,
    "soc_init_5": 3.302006217360846,
    "soc_init_6": 3.302006217360846,
    "soc_init_7": 3.302006217360846,
    "soc_init_8": 3.302006217360846,
    "soc_init_9": 3.302006217360846,
    "soc_init_10": 3.302006217360846,
    "soc_init_11": 3.302006217360846,
    "soc_init_12": 3.302006217360846,
    "soc_init_13": 3.302006217360846,
    "soc_init_14": 3.302006217360846,
    "cost": 0.9962343233770328,
    "device": "bPB00055",
    "cycle_start_time": "2021-11-13T13:50:22+00:00"
}