{
    "soc_min": 2,
    "soc_max": 98,
    "r1": 0.0015865129215364003,
    "c1": 100738.49124863988,
    "ir_a": 0.0008890412296818997,
    "ir_b": 0.1888426425454205,
    "ir_c": 0.001154885736315816,
    "ir_d": 0.01039999133174635,
    "ir_e": 0.9965657542831293,
    "no_cells": 14,
    "cell_temp_init": 36.00002758127057,
    "amb_temp_celsius": 28.00060031067033,
    "bat_cell_cap": 66.0,
    "sohc_init_1": 48.949659508351445,
    "sohc_init_2": 48.949659508351445,
    "sohc_init_3": 48.949659508351445,
    "sohc_init_4": 48.949659508351445,
    "sohc_init_5": 48.949659508351445,
    "sohc_init_6": 48.949659508351445,
    "sohc_init_7": 48.949659508351445,
    "sohc_init_8": 48.949659508351445,
    "sohc_init_9": 48.949659508351445,
    "sohc_init_10": 48.949659508351445,
    "sohc_init_11": 48.949659508351445,
    "sohc_init_12": 48.949659508351445,
    "sohc_init_13": 48.949659508351445,
    "sohc_init_14": 48.949659508351445,
    "sohr_init_1": 2.22487158885581,
    "sohr_init_2": 2.22487158885581,
    "sohr_init_3": 2.22487158885581,
    "sohr_init_4": 2.22487158885581,
    "sohr_init_5": 2.22487158885581,
    "sohr_init_6": 2.22487158885581,
    "sohr_init_7": 2.22487158885581,
    "sohr_init_8": 2.22487158885581,
    "sohr_init_9": 2.22487158885581,
    "sohr_init_10": 2.22487158885581,
    "sohr_init_11": 2.22487158885581,
    "sohr_init_12": 2.22487158885581,
    "sohr_init_13": 2.22487158885581,
    "sohr_init_14": 2.22487158885581,
    "soc_init_1": 26.12931158692269,
    "soc_init_2": 26.12931158692269,
    "soc_init_3": 26.12931158692269,
    "soc_init_4": 26.12931158692269,
    "soc_init_5": 26.12931158692269,
    "soc_init_6": 26.12931158692269,
    "soc_init_7": 26.12931158692269,
    "soc_init_8": 26.12931158692269,
    "soc_init_9": 26.12931158692269,
    "soc_init_10": 26.12931158692269,
    "soc_init_11": 26.12931158692269,
    "soc_init_12": 26.12931158692269,
    "soc_init_13": 26.12931158692269,
    "soc_init_14": 26.12931158692269,
    "cost": 0.5746790649401553,
    "device": "bPB00055",
    "cycle_start_time": "2022-11-13T13:33:30+00:00"
}