{
    "soc_min": 2,
    "soc_max": 98,
    "r1": 0.013739222813328943,
    "c1": 1999777.4178149363,
    "ir_a": 0.0057701961185359415,
    "ir_b": 0.19887552844553708,
    "ir_c": 0.0012846333990109149,
    "ir_d": 0.09073727375383762,
    "ir_e": 0.9977787931807629,
    "no_cells": 14,
    "cell_temp_init": 36.00014442397828,
    "amb_temp_celsius": 28.000297113694888,
    "bat_cell_cap": 66.0,
    "sohc_init_1": 55.772690927666424,
    "sohc_init_2": 55.772690927666424,
    "sohc_init_3": 55.772690927666424,
    "sohc_init_4": 55.772690927666424,
    "sohc_init_5": 55.772690927666424,
    "sohc_init_6": 55.772690927666424,
    "sohc_init_7": 55.772690927666424,
    "sohc_init_8": 55.772690927666424,
    "sohc_init_9": 55.772690927666424,
    "sohc_init_10": 55.772690927666424,
    "sohc_init_11": 55.772690927666424,
    "sohc_init_12": 55.772690927666424,
    "sohc_init_13": 55.772690927666424,
    "sohc_init_14": 55.772690927666424,
    "sohr_init_1": 2.9929426780992667,
    "sohr_init_2": 2.9929426780992667,
    "sohr_init_3": 2.9929426780992667,
    "sohr_init_4": 2.9929426780992667,
    "sohr_init_5": 2.9929426780992667,
    "sohr_init_6": 2.9929426780992667,
    "sohr_init_7": 2.9929426780992667,
    "sohr_init_8": 2.9929426780992667,
    "sohr_init_9": 2.9929426780992667,
    "sohr_init_10": 2.9929426780992667,
    "sohr_init_11": 2.9929426780992667,
    "sohr_init_12": 2.9929426780992667,
    "sohr_init_13": 2.9929426780992667,
    "sohr_init_14": 2.9929426780992667,
    "soc_init_1": 25.019563372108145,
    "soc_init_2": 25.019563372108145,
    "soc_init_3": 25.019563372108145,
    "soc_init_4": 25.019563372108145,
    "soc_init_5": 25.019563372108145,
    "soc_init_6": 25.019563372108145,
    "soc_init_7": 25.019563372108145,
    "soc_init_8": 25.019563372108145,
    "soc_init_9": 25.019563372108145,
    "soc_init_10": 25.019563372108145,
    "soc_init_11": 25.019563372108145,
    "soc_init_12": 25.019563372108145,
    "soc_init_13": 25.019563372108145,
    "soc_init_14": 25.019563372108145,
    "cost": 0.5770253467436116,
    "device": "bPB00055",
    "cycle_start_time": "2022-11-04T14:07:50+00:00"
}