{
    "soc_min": 2,
    "soc_max": 98,
    "r1": 0.0006611410962388648,
    "c1": 1144483.1109249638,
    "ir_a": 0.0012350563848489253,
    "ir_b": 0.18153898374733865,
    "ir_c": 0.002563820075187945,
    "ir_d": 0.052091590815066834,
    "ir_e": 0.32841584681069724,
    "no_cells": 14,
    "cell_temp_init": 42.00190318548681,
    "amb_temp_celsius": 34.01986593969098,
    "bat_cell_cap": 66.0,
    "sohc_init_1": 45.00298125298229,
    "sohc_init_2": 45.00298125298229,
    "sohc_init_3": 45.00298125298229,
    "sohc_init_4": 45.00298125298229,
    "sohc_init_5": 45.00298125298229,
    "sohc_init_6": 45.00298125298229,
    "sohc_init_7": 45.00298125298229,
    "sohc_init_8": 45.00298125298229,
    "sohc_init_9": 45.00298125298229,
    "sohc_init_10": 45.00298125298229,
    "sohc_init_11": 45.00298125298229,
    "sohc_init_12": 45.00298125298229,
    "sohc_init_13": 45.00298125298229,
    "sohc_init_14": 45.00298125298229,
    "sohr_init_1": 1.8528174993931774,
    "sohr_init_2": 1.8528174993931774,
    "sohr_init_3": 1.8528174993931774,
    "sohr_init_4": 1.8528174993931774,
    "sohr_init_5": 1.8528174993931774,
    "sohr_init_6": 1.8528174993931774,
    "sohr_init_7": 1.8528174993931774,
    "sohr_init_8": 1.8528174993931774,
    "sohr_init_9": 1.8528174993931774,
    "sohr_init_10": 1.8528174993931774,
    "sohr_init_11": 1.8528174993931774,
    "sohr_init_12": 1.8528174993931774,
    "sohr_init_13": 1.8528174993931774,
    "sohr_init_14": 1.8528174993931774,
    "soc_init_1": 8.114386554258918,
    "soc_init_2": 8.114386554258918,
    "soc_init_3": 8.114386554258918,
    "soc_init_4": 8.114386554258918,
    "soc_init_5": 8.114386554258918,
    "soc_init_6": 8.114386554258918,
    "soc_init_7": 8.114386554258918,
    "soc_init_8": 8.114386554258918,
    "soc_init_9": 8.114386554258918,
    "soc_init_10": 8.114386554258918,
    "soc_init_11": 8.114386554258918,
    "soc_init_12": 8.114386554258918,
    "soc_init_13": 8.114386554258918,
    "soc_init_14": 8.114386554258918,
    "cost": 1.7900184162305017,
    "device": "bPB00055",
    "cycle_start_time": "2022-09-03T01:31:06+00:00"
}