{
    "soc_min": 2,
    "soc_max": 98,
    "r1": 0.0011523646299299063,
    "c1": 101573.91181872268,
    "ir_a": 0.006732962933333488,
    "ir_b": 0.157884641829209,
    "ir_c": 0.0010744223670234798,
    "ir_d": 0.09468720860042294,
    "ir_e": 0.9863347190530097,
    "no_cells": 14,
    "cell_temp_init": 36.000027076052184,
    "amb_temp_celsius": 28.00047663819064,
    "bat_cell_cap": 66.0,
    "sohc_init_1": 45.92401384153906,
    "sohc_init_2": 45.92401384153906,
    "sohc_init_3": 45.92401384153906,
    "sohc_init_4": 45.92401384153906,
    "sohc_init_5": 45.92401384153906,
    "sohc_init_6": 45.92401384153906,
    "sohc_init_7": 45.92401384153906,
    "sohc_init_8": 45.92401384153906,
    "sohc_init_9": 45.92401384153906,
    "sohc_init_10": 45.92401384153906,
    "sohc_init_11": 45.92401384153906,
    "sohc_init_12": 45.92401384153906,
    "sohc_init_13": 45.92401384153906,
    "sohc_init_14": 45.92401384153906,
    "sohr_init_1": 2.712814603355535,
    "sohr_init_2": 2.712814603355535,
    "sohr_init_3": 2.712814603355535,
    "sohr_init_4": 2.712814603355535,
    "sohr_init_5": 2.712814603355535,
    "sohr_init_6": 2.712814603355535,
    "sohr_init_7": 2.712814603355535,
    "sohr_init_8": 2.712814603355535,
    "sohr_init_9": 2.712814603355535,
    "sohr_init_10": 2.712814603355535,
    "sohr_init_11": 2.712814603355535,
    "sohr_init_12": 2.712814603355535,
    "sohr_init_13": 2.712814603355535,
    "sohr_init_14": 2.712814603355535,
    "soc_init_1": 23.972006274733975,
    "soc_init_2": 23.972006274733975,
    "soc_init_3": 23.972006274733975,
    "soc_init_4": 23.972006274733975,
    "soc_init_5": 23.972006274733975,
    "soc_init_6": 23.972006274733975,
    "soc_init_7": 23.972006274733975,
    "soc_init_8": 23.972006274733975,
    "soc_init_9": 23.972006274733975,
    "soc_init_10": 23.972006274733975,
    "soc_init_11": 23.972006274733975,
    "soc_init_12": 23.972006274733975,
    "soc_init_13": 23.972006274733975,
    "soc_init_14": 23.972006274733975,
    "cost": 0.5846877498147194,
    "device": "bPB00055",
    "cycle_start_time": "2022-11-13T17:23:10+00:00"
}