{
    "soc_min": 2,
    "soc_max": 98,
    "r1": 0.009936040401406544,
    "c1": 1999955.7087714195,
    "ir_a": 0.0060663320975161165,
    "ir_b": 0.14773610844210694,
    "ir_c": 0.002949079162126709,
    "ir_d": 0.08035244463487207,
    "ir_e": 0.9709045950866793,
    "no_cells": 14,
    "cell_temp_init": 35.00000121793521,
    "amb_temp_celsius": 27.00877735752269,
    "bat_cell_cap": 66.0,
    "sohc_init_1": 55.5234813776242,
    "sohc_init_2": 55.5234813776242,
    "sohc_init_3": 55.5234813776242,
    "sohc_init_4": 55.5234813776242,
    "sohc_init_5": 55.5234813776242,
    "sohc_init_6": 55.5234813776242,
    "sohc_init_7": 55.5234813776242,
    "sohc_init_8": 55.5234813776242,
    "sohc_init_9": 55.5234813776242,
    "sohc_init_10": 55.5234813776242,
    "sohc_init_11": 55.5234813776242,
    "sohc_init_12": 55.5234813776242,
    "sohc_init_13": 55.5234813776242,
    "sohc_init_14": 55.5234813776242,
    "sohr_init_1": 1.4206896836995808,
    "sohr_init_2": 1.4206896836995808,
    "sohr_init_3": 1.4206896836995808,
    "sohr_init_4": 1.4206896836995808,
    "sohr_init_5": 1.4206896836995808,
    "sohr_init_6": 1.4206896836995808,
    "sohr_init_7": 1.4206896836995808,
    "sohr_init_8": 1.4206896836995808,
    "sohr_init_9": 1.4206896836995808,
    "sohr_init_10": 1.4206896836995808,
    "sohr_init_11": 1.4206896836995808,
    "sohr_init_12": 1.4206896836995808,
    "sohr_init_13": 1.4206896836995808,
    "sohr_init_14": 1.4206896836995808,
    "soc_init_1": 25.191394304984566,
    "soc_init_2": 25.191394304984566,
    "soc_init_3": 25.191394304984566,
    "soc_init_4": 25.191394304984566,
    "soc_init_5": 25.191394304984566,
    "soc_init_6": 25.191394304984566,
    "soc_init_7": 25.191394304984566,
    "soc_init_8": 25.191394304984566,
    "soc_init_9": 25.191394304984566,
    "soc_init_10": 25.191394304984566,
    "soc_init_11": 25.191394304984566,
    "soc_init_12": 25.191394304984566,
    "soc_init_13": 25.191394304984566,
    "soc_init_14": 25.191394304984566,
    "cost": 0.5555050164839447,
    "device": "bPB00055",
    "cycle_start_time": "2022-11-08T00:38:31+00:00"
}