{
    "soc_min": 2,
    "soc_max": 98,
    "r1": 0.016958068059610896,
    "c1": 1999698.6516842293,
    "ir_a": 0.0014727087339631126,
    "ir_b": 0.03360058602132576,
    "ir_c": 0.00032850831539227136,
    "ir_d": 0.06387127541450478,
    "ir_e": 0.015417656224832037,
    "no_cells": 14,
    "cell_temp_init": 42.002507513228444,
    "amb_temp_celsius": 34.00764162562409,
    "bat_cell_cap": 66.0,
    "sohc_init_1": 45.3121552569412,
    "sohc_init_2": 45.3121552569412,
    "sohc_init_3": 45.3121552569412,
    "sohc_init_4": 45.3121552569412,
    "sohc_init_5": 45.3121552569412,
    "sohc_init_6": 45.3121552569412,
    "sohc_init_7": 45.3121552569412,
    "sohc_init_8": 45.3121552569412,
    "sohc_init_9": 45.3121552569412,
    "sohc_init_10": 45.3121552569412,
    "sohc_init_11": 45.3121552569412,
    "sohc_init_12": 45.3121552569412,
    "sohc_init_13": 45.3121552569412,
    "sohc_init_14": 45.3121552569412,
    "sohr_init_1": 1.583214390199075,
    "sohr_init_2": 1.583214390199075,
    "sohr_init_3": 1.583214390199075,
    "sohr_init_4": 1.583214390199075,
    "sohr_init_5": 1.583214390199075,
    "sohr_init_6": 1.583214390199075,
    "sohr_init_7": 1.583214390199075,
    "sohr_init_8": 1.583214390199075,
    "sohr_init_9": 1.583214390199075,
    "sohr_init_10": 1.583214390199075,
    "sohr_init_11": 1.583214390199075,
    "sohr_init_12": 1.583214390199075,
    "sohr_init_13": 1.583214390199075,
    "sohr_init_14": 1.583214390199075,
    "soc_init_1": 7.740377686520321,
    "soc_init_2": 7.740377686520321,
    "soc_init_3": 7.740377686520321,
    "soc_init_4": 7.740377686520321,
    "soc_init_5": 7.740377686520321,
    "soc_init_6": 7.740377686520321,
    "soc_init_7": 7.740377686520321,
    "soc_init_8": 7.740377686520321,
    "soc_init_9": 7.740377686520321,
    "soc_init_10": 7.740377686520321,
    "soc_init_11": 7.740377686520321,
    "soc_init_12": 7.740377686520321,
    "soc_init_13": 7.740377686520321,
    "soc_init_14": 7.740377686520321,
    "cost": 0.7517477511374594,
    "device": "bPB00055",
    "cycle_start_time": "2022-09-06T14:18:38+00:00"
}