{
    "soc_min": 2,
    "soc_max": 98,
    "r1": 0.0033307562038886714,
    "c1": 1990136.726957047,
    "ir_a": 0.004681889078817393,
    "ir_b": 0.046611584294003694,
    "ir_c": 0.00011427907896607899,
    "ir_d": 0.09745435297880879,
    "ir_e": 0.2353377721549291,
    "no_cells": 14,
    "cell_temp_init": 42.5113296154489,
    "amb_temp_celsius": 34.002551561267914,
    "bat_cell_cap": 66.0,
    "sohc_init_1": 53.97016518791587,
    "sohc_init_2": 53.97016518791587,
    "sohc_init_3": 53.97016518791587,
    "sohc_init_4": 53.97016518791587,
    "sohc_init_5": 53.97016518791587,
    "sohc_init_6": 53.97016518791587,
    "sohc_init_7": 53.97016518791587,
    "sohc_init_8": 53.97016518791587,
    "sohc_init_9": 53.97016518791587,
    "sohc_init_10": 53.97016518791587,
    "sohc_init_11": 53.97016518791587,
    "sohc_init_12": 53.97016518791587,
    "sohc_init_13": 53.97016518791587,
    "sohc_init_14": 53.97016518791587,
    "sohr_init_1": 1.4802136779539687,
    "sohr_init_2": 1.4802136779539687,
    "sohr_init_3": 1.4802136779539687,
    "sohr_init_4": 1.4802136779539687,
    "sohr_init_5": 1.4802136779539687,
    "sohr_init_6": 1.4802136779539687,
    "sohr_init_7": 1.4802136779539687,
    "sohr_init_8": 1.4802136779539687,
    "sohr_init_9": 1.4802136779539687,
    "sohr_init_10": 1.4802136779539687,
    "sohr_init_11": 1.4802136779539687,
    "sohr_init_12": 1.4802136779539687,
    "sohr_init_13": 1.4802136779539687,
    "sohr_init_14": 1.4802136779539687,
    "soc_init_1": 3.0062411378772524,
    "soc_init_2": 3.0062411378772524,
    "soc_init_3": 3.0062411378772524,
    "soc_init_4": 3.0062411378772524,
    "soc_init_5": 3.0062411378772524,
    "soc_init_6": 3.0062411378772524,
    "soc_init_7": 3.0062411378772524,
    "soc_init_8": 3.0062411378772524,
    "soc_init_9": 3.0062411378772524,
    "soc_init_10": 3.0062411378772524,
    "soc_init_11": 3.0062411378772524,
    "soc_init_12": 3.0062411378772524,
    "soc_init_13": 3.0062411378772524,
    "soc_init_14": 3.0062411378772524,
    "cost": 0.3188669238952213,
    "device": "bPB00055",
    "cycle_start_time": "2022-08-04T10:09:34+00:00"
}