{
    "soc_min": 2,
    "soc_max": 98,
    "r1": 0.0014186309393287991,
    "c1": 101507.88378153398,
    "ir_a": 0.0020766437606899706,
    "ir_b": 0.18451221626197847,
    "ir_c": 0.0012486403226395946,
    "ir_d": 0.026690097823619474,
    "ir_e": 0.5056149996433214,
    "no_cells": 14,
    "cell_temp_init": 36.00112188789599,
    "amb_temp_celsius": 28.00026471343272,
    "bat_cell_cap": 66.0,
    "sohc_init_1": 49.200512110646706,
    "sohc_init_2": 49.200512110646706,
    "sohc_init_3": 49.200512110646706,
    "sohc_init_4": 49.200512110646706,
    "sohc_init_5": 49.200512110646706,
    "sohc_init_6": 49.200512110646706,
    "sohc_init_7": 49.200512110646706,
    "sohc_init_8": 49.200512110646706,
    "sohc_init_9": 49.200512110646706,
    "sohc_init_10": 49.200512110646706,
    "sohc_init_11": 49.200512110646706,
    "sohc_init_12": 49.200512110646706,
    "sohc_init_13": 49.200512110646706,
    "sohc_init_14": 49.200512110646706,
    "sohr_init_1": 2.1556977614340083,
    "sohr_init_2": 2.1556977614340083,
    "sohr_init_3": 2.1556977614340083,
    "sohr_init_4": 2.1556977614340083,
    "sohr_init_5": 2.1556977614340083,
    "sohr_init_6": 2.1556977614340083,
    "sohr_init_7": 2.1556977614340083,
    "sohr_init_8": 2.1556977614340083,
    "sohr_init_9": 2.1556977614340083,
    "sohr_init_10": 2.1556977614340083,
    "sohr_init_11": 2.1556977614340083,
    "sohr_init_12": 2.1556977614340083,
    "sohr_init_13": 2.1556977614340083,
    "sohr_init_14": 2.1556977614340083,
    "soc_init_1": 26.19009135558676,
    "soc_init_2": 26.19009135558676,
    "soc_init_3": 26.19009135558676,
    "soc_init_4": 26.19009135558676,
    "soc_init_5": 26.19009135558676,
    "soc_init_6": 26.19009135558676,
    "soc_init_7": 26.19009135558676,
    "soc_init_8": 26.19009135558676,
    "soc_init_9": 26.19009135558676,
    "soc_init_10": 26.19009135558676,
    "soc_init_11": 26.19009135558676,
    "soc_init_12": 26.19009135558676,
    "soc_init_13": 26.19009135558676,
    "soc_init_14": 26.19009135558676,
    "cost": 0.5602274494951516,
    "device": "bPB00055",
    "cycle_start_time": "2022-11-10T02:03:58+00:00"
}