{
    "soc_min": 2,
    "soc_max": 98,
    "r1": 0.001556154565740208,
    "c1": 101744.91811735857,
    "ir_a": 0.00025041926133634437,
    "ir_b": 0.17855636215868573,
    "ir_c": 0.0018476865152735143,
    "ir_d": 0.06621804862440589,
    "ir_e": 0.086388506243284,
    "no_cells": 14,
    "cell_temp_init": 36.00028206104797,
    "amb_temp_celsius": 28.00005321887365,
    "bat_cell_cap": 66.0,
    "sohc_init_1": 49.91035350691758,
    "sohc_init_2": 49.91035350691758,
    "sohc_init_3": 49.91035350691758,
    "sohc_init_4": 49.91035350691758,
    "sohc_init_5": 49.91035350691758,
    "sohc_init_6": 49.91035350691758,
    "sohc_init_7": 49.91035350691758,
    "sohc_init_8": 49.91035350691758,
    "sohc_init_9": 49.91035350691758,
    "sohc_init_10": 49.91035350691758,
    "sohc_init_11": 49.91035350691758,
    "sohc_init_12": 49.91035350691758,
    "sohc_init_13": 49.91035350691758,
    "sohc_init_14": 49.91035350691758,
    "sohr_init_1": 1.3857826335467904,
    "sohr_init_2": 1.3857826335467904,
    "sohr_init_3": 1.3857826335467904,
    "sohr_init_4": 1.3857826335467904,
    "sohr_init_5": 1.3857826335467904,
    "sohr_init_6": 1.3857826335467904,
    "sohr_init_7": 1.3857826335467904,
    "sohr_init_8": 1.3857826335467904,
    "sohr_init_9": 1.3857826335467904,
    "sohr_init_10": 1.3857826335467904,
    "sohr_init_11": 1.3857826335467904,
    "sohr_init_12": 1.3857826335467904,
    "sohr_init_13": 1.3857826335467904,
    "sohr_init_14": 1.3857826335467904,
    "soc_init_1": 22.790771032534323,
    "soc_init_2": 22.790771032534323,
    "soc_init_3": 22.790771032534323,
    "soc_init_4": 22.790771032534323,
    "soc_init_5": 22.790771032534323,
    "soc_init_6": 22.790771032534323,
    "soc_init_7": 22.790771032534323,
    "soc_init_8": 22.790771032534323,
    "soc_init_9": 22.790771032534323,
    "soc_init_10": 22.790771032534323,
    "soc_init_11": 22.790771032534323,
    "soc_init_12": 22.790771032534323,
    "soc_init_13": 22.790771032534323,
    "soc_init_14": 22.790771032534323,
    "cost": 0.5256019351352603,
    "device": "bPB00055",
    "cycle_start_time": "2022-10-31T23:09:40+00:00"
}