{
    "soc_min": 2,
    "soc_max": 98,
    "r1": 0.01982244050084111,
    "c1": 1999415.585470932,
    "ir_a": 0.0025445650303241,
    "ir_b": 0.03525029066324318,
    "ir_c": 0.00043033369408397695,
    "ir_d": 0.011648395697287173,
    "ir_e": 0.0116323295536062,
    "no_cells": 14,
    "cell_temp_init": 37.001394327510056,
    "amb_temp_celsius": 29.082361551834165,
    "bat_cell_cap": 66.0,
    "sohc_init_1": 66.91717840181123,
    "sohc_init_2": 66.91717840181123,
    "sohc_init_3": 66.91717840181123,
    "sohc_init_4": 66.91717840181123,
    "sohc_init_5": 66.91717840181123,
    "sohc_init_6": 66.91717840181123,
    "sohc_init_7": 66.91717840181123,
    "sohc_init_8": 66.91717840181123,
    "sohc_init_9": 66.91717840181123,
    "sohc_init_10": 66.91717840181123,
    "sohc_init_11": 66.91717840181123,
    "sohc_init_12": 66.91717840181123,
    "sohc_init_13": 66.91717840181123,
    "sohc_init_14": 66.91717840181123,
    "sohr_init_1": 1.9638478651186209,
    "sohr_init_2": 1.9638478651186209,
    "sohr_init_3": 1.9638478651186209,
    "sohr_init_4": 1.9638478651186209,
    "sohr_init_5": 1.9638478651186209,
    "sohr_init_6": 1.9638478651186209,
    "sohr_init_7": 1.9638478651186209,
    "sohr_init_8": 1.9638478651186209,
    "sohr_init_9": 1.9638478651186209,
    "sohr_init_10": 1.9638478651186209,
    "sohr_init_11": 1.9638478651186209,
    "sohr_init_12": 1.9638478651186209,
    "sohr_init_13": 1.9638478651186209,
    "sohr_init_14": 1.9638478651186209,
    "soc_init_1": 12.780409134744563,
    "soc_init_2": 12.780409134744563,
    "soc_init_3": 12.780409134744563,
    "soc_init_4": 12.780409134744563,
    "soc_init_5": 12.780409134744563,
    "soc_init_6": 12.780409134744563,
    "soc_init_7": 12.780409134744563,
    "soc_init_8": 12.780409134744563,
    "soc_init_9": 12.780409134744563,
    "soc_init_10": 12.780409134744563,
    "soc_init_11": 12.780409134744563,
    "soc_init_12": 12.780409134744563,
    "soc_init_13": 12.780409134744563,
    "soc_init_14": 12.780409134744563,
    "cost": 0.3477988177929563,
    "device": "bPB00055",
    "cycle_start_time": "2021-11-03T20:50:36+00:00"
}