{
    "soc_min": 2,
    "soc_max": 98,
    "r1": 0.005394814280333719,
    "c1": 1984267.822375549,
    "ir_a": 0.004115031742255115,
    "ir_b": 0.04707845340911202,
    "ir_c": 1.8620179806411142e-05,
    "ir_d": 0.07616956468002324,
    "ir_e": 0.9486544746192973,
    "no_cells": 14,
    "cell_temp_init": 42.69178501159037,
    "amb_temp_celsius": 34.010606316101466,
    "bat_cell_cap": 66.0,
    "sohc_init_1": 52.8454185902615,
    "sohc_init_2": 52.8454185902615,
    "sohc_init_3": 52.8454185902615,
    "sohc_init_4": 52.8454185902615,
    "sohc_init_5": 52.8454185902615,
    "sohc_init_6": 52.8454185902615,
    "sohc_init_7": 52.8454185902615,
    "sohc_init_8": 52.8454185902615,
    "sohc_init_9": 52.8454185902615,
    "sohc_init_10": 52.8454185902615,
    "sohc_init_11": 52.8454185902615,
    "sohc_init_12": 52.8454185902615,
    "sohc_init_13": 52.8454185902615,
    "sohc_init_14": 52.8454185902615,
    "sohr_init_1": 2.2038266847334844,
    "sohr_init_2": 2.2038266847334844,
    "sohr_init_3": 2.2038266847334844,
    "sohr_init_4": 2.2038266847334844,
    "sohr_init_5": 2.2038266847334844,
    "sohr_init_6": 2.2038266847334844,
    "sohr_init_7": 2.2038266847334844,
    "sohr_init_8": 2.2038266847334844,
    "sohr_init_9": 2.2038266847334844,
    "sohr_init_10": 2.2038266847334844,
    "sohr_init_11": 2.2038266847334844,
    "sohr_init_12": 2.2038266847334844,
    "sohr_init_13": 2.2038266847334844,
    "sohr_init_14": 2.2038266847334844,
    "soc_init_1": 44.29216035209639,
    "soc_init_2": 44.29216035209639,
    "soc_init_3": 44.29216035209639,
    "soc_init_4": 44.29216035209639,
    "soc_init_5": 44.29216035209639,
    "soc_init_6": 44.29216035209639,
    "soc_init_7": 44.29216035209639,
    "soc_init_8": 44.29216035209639,
    "soc_init_9": 44.29216035209639,
    "soc_init_10": 44.29216035209639,
    "soc_init_11": 44.29216035209639,
    "soc_init_12": 44.29216035209639,
    "soc_init_13": 44.29216035209639,
    "soc_init_14": 44.29216035209639,
    "cost": 0.10104201833039538,
    "device": "bPB00055",
    "cycle_start_time": "2022-09-15T05:11:22+00:00"
}