{
    "soc_min": 2,
    "soc_max": 98,
    "r1": 0.0005596058669549475,
    "c1": 832365.2615534721,
    "ir_a": 0.0003395447332326049,
    "ir_b": 0.1479507454634832,
    "ir_c": 0.002247346787952234,
    "ir_d": 0.0940587412773427,
    "ir_e": 0.2297048624375233,
    "no_cells": 14,
    "cell_temp_init": 36.000006566771155,
    "amb_temp_celsius": 28.0003010263542,
    "bat_cell_cap": 66.0,
    "sohc_init_1": 50.029683321516316,
    "sohc_init_2": 50.029683321516316,
    "sohc_init_3": 50.029683321516316,
    "sohc_init_4": 50.029683321516316,
    "sohc_init_5": 50.029683321516316,
    "sohc_init_6": 50.029683321516316,
    "sohc_init_7": 50.029683321516316,
    "sohc_init_8": 50.029683321516316,
    "sohc_init_9": 50.029683321516316,
    "sohc_init_10": 50.029683321516316,
    "sohc_init_11": 50.029683321516316,
    "sohc_init_12": 50.029683321516316,
    "sohc_init_13": 50.029683321516316,
    "sohc_init_14": 50.029683321516316,
    "sohr_init_1": 1.6045116940722866,
    "sohr_init_2": 1.6045116940722866,
    "sohr_init_3": 1.6045116940722866,
    "sohr_init_4": 1.6045116940722866,
    "sohr_init_5": 1.6045116940722866,
    "sohr_init_6": 1.6045116940722866,
    "sohr_init_7": 1.6045116940722866,
    "sohr_init_8": 1.6045116940722866,
    "sohr_init_9": 1.6045116940722866,
    "sohr_init_10": 1.6045116940722866,
    "sohr_init_11": 1.6045116940722866,
    "sohr_init_12": 1.6045116940722866,
    "sohr_init_13": 1.6045116940722866,
    "sohr_init_14": 1.6045116940722866,
    "soc_init_1": 23.006716145323953,
    "soc_init_2": 23.006716145323953,
    "soc_init_3": 23.006716145323953,
    "soc_init_4": 23.006716145323953,
    "soc_init_5": 23.006716145323953,
    "soc_init_6": 23.006716145323953,
    "soc_init_7": 23.006716145323953,
    "soc_init_8": 23.006716145323953,
    "soc_init_9": 23.006716145323953,
    "soc_init_10": 23.006716145323953,
    "soc_init_11": 23.006716145323953,
    "soc_init_12": 23.006716145323953,
    "soc_init_13": 23.006716145323953,
    "soc_init_14": 23.006716145323953,
    "cost": 0.5105365855801967,
    "device": "bPB00055",
    "cycle_start_time": "2022-10-30T12:45:33+00:00"
}