{
    "soc_min": 2,
    "soc_max": 98,
    "r1": 0.0015387312392183936,
    "c1": 106945.57839268587,
    "ir_a": 0.00011057094869102559,
    "ir_b": 0.16164788708972408,
    "ir_c": 0.001599785392665723,
    "ir_d": 0.033956658420999944,
    "ir_e": 0.5023431005472615,
    "no_cells": 14,
    "cell_temp_init": 35.0000150284787,
    "amb_temp_celsius": 27.001753096362936,
    "bat_cell_cap": 66.0,
    "sohc_init_1": 49.625492888129145,
    "sohc_init_2": 49.625492888129145,
    "sohc_init_3": 49.625492888129145,
    "sohc_init_4": 49.625492888129145,
    "sohc_init_5": 49.625492888129145,
    "sohc_init_6": 49.625492888129145,
    "sohc_init_7": 49.625492888129145,
    "sohc_init_8": 49.625492888129145,
    "sohc_init_9": 49.625492888129145,
    "sohc_init_10": 49.625492888129145,
    "sohc_init_11": 49.625492888129145,
    "sohc_init_12": 49.625492888129145,
    "sohc_init_13": 49.625492888129145,
    "sohc_init_14": 49.625492888129145,
    "sohr_init_1": 1.9058979597976466,
    "sohr_init_2": 1.9058979597976466,
    "sohr_init_3": 1.9058979597976466,
    "sohr_init_4": 1.9058979597976466,
    "sohr_init_5": 1.9058979597976466,
    "sohr_init_6": 1.9058979597976466,
    "sohr_init_7": 1.9058979597976466,
    "sohr_init_8": 1.9058979597976466,
    "sohr_init_9": 1.9058979597976466,
    "sohr_init_10": 1.9058979597976466,
    "sohr_init_11": 1.9058979597976466,
    "sohr_init_12": 1.9058979597976466,
    "sohr_init_13": 1.9058979597976466,
    "sohr_init_14": 1.9058979597976466,
    "soc_init_1": 24.909879576388683,
    "soc_init_2": 24.909879576388683,
    "soc_init_3": 24.909879576388683,
    "soc_init_4": 24.909879576388683,
    "soc_init_5": 24.909879576388683,
    "soc_init_6": 24.909879576388683,
    "soc_init_7": 24.909879576388683,
    "soc_init_8": 24.909879576388683,
    "soc_init_9": 24.909879576388683,
    "soc_init_10": 24.909879576388683,
    "soc_init_11": 24.909879576388683,
    "soc_init_12": 24.909879576388683,
    "soc_init_13": 24.909879576388683,
    "soc_init_14": 24.909879576388683,
    "cost": 0.5073011683182357,
    "device": "bPB00055",
    "cycle_start_time": "2022-11-06T12:08:27+00:00"
}