{
    "soc_min": 2,
    "soc_max": 98,
    "r1": 0.019977136467245835,
    "c1": 1998967.9170880863,
    "ir_a": 0.00994903146054063,
    "ir_b": 0.07454809976319526,
    "ir_c": 0.002115402145588291,
    "ir_d": 0.016468532976923977,
    "ir_e": 0.20089429146175716,
    "no_cells": 14,
    "cell_temp_init": 26.140723443763843,
    "amb_temp_celsius": 16.888066133039768,
    "bat_cell_cap": 66.0,
    "sohc_init_1": 71.97151602153161,
    "sohc_init_2": 71.97151602153161,
    "sohc_init_3": 71.97151602153161,
    "sohc_init_4": 71.97151602153161,
    "sohc_init_5": 71.97151602153161,
    "sohc_init_6": 71.97151602153161,
    "sohc_init_7": 71.97151602153161,
    "sohc_init_8": 71.97151602153161,
    "sohc_init_9": 71.97151602153161,
    "sohc_init_10": 71.97151602153161,
    "sohc_init_11": 71.97151602153161,
    "sohc_init_12": 71.97151602153161,
    "sohc_init_13": 71.97151602153161,
    "sohc_init_14": 71.97151602153161,
    "sohr_init_1": 1.4335377807616467,
    "sohr_init_2": 1.4335377807616467,
    "sohr_init_3": 1.4335377807616467,
    "sohr_init_4": 1.4335377807616467,
    "sohr_init_5": 1.4335377807616467,
    "sohr_init_6": 1.4335377807616467,
    "sohr_init_7": 1.4335377807616467,
    "sohr_init_8": 1.4335377807616467,
    "sohr_init_9": 1.4335377807616467,
    "sohr_init_10": 1.4335377807616467,
    "sohr_init_11": 1.4335377807616467,
    "sohr_init_12": 1.4335377807616467,
    "sohr_init_13": 1.4335377807616467,
    "sohr_init_14": 1.4335377807616467,
    "soc_init_1": 11.621226219042365,
    "soc_init_2": 11.621226219042365,
    "soc_init_3": 11.621226219042365,
    "soc_init_4": 11.621226219042365,
    "soc_init_5": 11.621226219042365,
    "soc_init_6": 11.621226219042365,
    "soc_init_7": 11.621226219042365,
    "soc_init_8": 11.621226219042365,
    "soc_init_9": 11.621226219042365,
    "soc_init_10": 11.621226219042365,
    "soc_init_11": 11.621226219042365,
    "soc_init_12": 11.621226219042365,
    "soc_init_13": 11.621226219042365,
    "soc_init_14": 11.621226219042365,
    "cost": 0.11507060058407884,
    "device": "bPB00055",
    "cycle_start_time": "2021-11-01T13:36:07+00:00"
}