{
    "soc_min": 2,
    "soc_max": 98,
    "r1": 0.008628447921667762,
    "c1": 1999982.7524565186,
    "ir_a": 0.0022447200018202488,
    "ir_b": 0.019944911098328362,
    "ir_c": 0.0028482908402451684,
    "ir_d": 0.01946245558171738,
    "ir_e": 0.5850728578462678,
    "no_cells": 14,
    "cell_temp_init": 36.00011947785386,
    "amb_temp_celsius": 28.00014345880494,
    "bat_cell_cap": 66.0,
    "sohc_init_1": 57.40689670893748,
    "sohc_init_2": 57.40689670893748,
    "sohc_init_3": 57.40689670893748,
    "sohc_init_4": 57.40689670893748,
    "sohc_init_5": 57.40689670893748,
    "sohc_init_6": 57.40689670893748,
    "sohc_init_7": 57.40689670893748,
    "sohc_init_8": 57.40689670893748,
    "sohc_init_9": 57.40689670893748,
    "sohc_init_10": 57.40689670893748,
    "sohc_init_11": 57.40689670893748,
    "sohc_init_12": 57.40689670893748,
    "sohc_init_13": 57.40689670893748,
    "sohc_init_14": 57.40689670893748,
    "sohr_init_1": 1.0117881325990765,
    "sohr_init_2": 1.0117881325990765,
    "sohr_init_3": 1.0117881325990765,
    "sohr_init_4": 1.0117881325990765,
    "sohr_init_5": 1.0117881325990765,
    "sohr_init_6": 1.0117881325990765,
    "sohr_init_7": 1.0117881325990765,
    "sohr_init_8": 1.0117881325990765,
    "sohr_init_9": 1.0117881325990765,
    "sohr_init_10": 1.0117881325990765,
    "sohr_init_11": 1.0117881325990765,
    "sohr_init_12": 1.0117881325990765,
    "sohr_init_13": 1.0117881325990765,
    "sohr_init_14": 1.0117881325990765,
    "soc_init_1": 24.966920807634104,
    "soc_init_2": 24.966920807634104,
    "soc_init_3": 24.966920807634104,
    "soc_init_4": 24.966920807634104,
    "soc_init_5": 24.966920807634104,
    "soc_init_6": 24.966920807634104,
    "soc_init_7": 24.966920807634104,
    "soc_init_8": 24.966920807634104,
    "soc_init_9": 24.966920807634104,
    "soc_init_10": 24.966920807634104,
    "soc_init_11": 24.966920807634104,
    "soc_init_12": 24.966920807634104,
    "soc_init_13": 24.966920807634104,
    "soc_init_14": 24.966920807634104,
    "cost": 0.569070027520639,
    "device": "bPB00055",
    "cycle_start_time": "2022-11-01T14:15:15+00:00"
}