{
    "soc_min": 2,
    "soc_max": 98,
    "r1": 0.019991031462792783,
    "c1": 1999935.0486804803,
    "ir_a": 0.007845056866104726,
    "ir_b": 0.11816772836200758,
    "ir_c": 0.000952254745862941,
    "ir_d": 0.09988295987783928,
    "ir_e": 0.999909386960711,
    "no_cells": 14,
    "cell_temp_init": 37.076411535991205,
    "amb_temp_celsius": 29.000519876397874,
    "bat_cell_cap": 66.0,
    "sohc_init_1": 45.00270377765817,
    "sohc_init_2": 45.00270377765817,
    "sohc_init_3": 45.00270377765817,
    "sohc_init_4": 45.00270377765817,
    "sohc_init_5": 45.00270377765817,
    "sohc_init_6": 45.00270377765817,
    "sohc_init_7": 45.00270377765817,
    "sohc_init_8": 45.00270377765817,
    "sohc_init_9": 45.00270377765817,
    "sohc_init_10": 45.00270377765817,
    "sohc_init_11": 45.00270377765817,
    "sohc_init_12": 45.00270377765817,
    "sohc_init_13": 45.00270377765817,
    "sohc_init_14": 45.00270377765817,
    "sohr_init_1": 1.5841436052639155,
    "sohr_init_2": 1.5841436052639155,
    "sohr_init_3": 1.5841436052639155,
    "sohr_init_4": 1.5841436052639155,
    "sohr_init_5": 1.5841436052639155,
    "sohr_init_6": 1.5841436052639155,
    "sohr_init_7": 1.5841436052639155,
    "sohr_init_8": 1.5841436052639155,
    "sohr_init_9": 1.5841436052639155,
    "sohr_init_10": 1.5841436052639155,
    "sohr_init_11": 1.5841436052639155,
    "sohr_init_12": 1.5841436052639155,
    "sohr_init_13": 1.5841436052639155,
    "sohr_init_14": 1.5841436052639155,
    "soc_init_1": 12.932931028765022,
    "soc_init_2": 12.932931028765022,
    "soc_init_3": 12.932931028765022,
    "soc_init_4": 12.932931028765022,
    "soc_init_5": 12.932931028765022,
    "soc_init_6": 12.932931028765022,
    "soc_init_7": 12.932931028765022,
    "soc_init_8": 12.932931028765022,
    "soc_init_9": 12.932931028765022,
    "soc_init_10": 12.932931028765022,
    "soc_init_11": 12.932931028765022,
    "soc_init_12": 12.932931028765022,
    "soc_init_13": 12.932931028765022,
    "soc_init_14": 12.932931028765022,
    "cost": 0.6807696865185212,
    "device": "bPB00055",
    "cycle_start_time": "2022-10-29T02:21:40+00:00"
}