{
    "soc_min": 2,
    "soc_max": 98,
    "r1": 0.00035270494588597937,
    "c1": 467681.64241658413,
    "ir_a": 0.0013269144125789153,
    "ir_b": 0.14374479790885497,
    "ir_c": 8.865758997382462e-05,
    "ir_d": 0.09974273943529056,
    "ir_e": 0.9954187535125028,
    "no_cells": 14,
    "cell_temp_init": 42.005143421365425,
    "amb_temp_celsius": 34.011164893227,
    "bat_cell_cap": 66.0,
    "sohc_init_1": 49.08224060845447,
    "sohc_init_2": 49.08224060845447,
    "sohc_init_3": 49.08224060845447,
    "sohc_init_4": 49.08224060845447,
    "sohc_init_5": 49.08224060845447,
    "sohc_init_6": 49.08224060845447,
    "sohc_init_7": 49.08224060845447,
    "sohc_init_8": 49.08224060845447,
    "sohc_init_9": 49.08224060845447,
    "sohc_init_10": 49.08224060845447,
    "sohc_init_11": 49.08224060845447,
    "sohc_init_12": 49.08224060845447,
    "sohc_init_13": 49.08224060845447,
    "sohc_init_14": 49.08224060845447,
    "sohr_init_1": 1.445500844754523,
    "sohr_init_2": 1.445500844754523,
    "sohr_init_3": 1.445500844754523,
    "sohr_init_4": 1.445500844754523,
    "sohr_init_5": 1.445500844754523,
    "sohr_init_6": 1.445500844754523,
    "sohr_init_7": 1.445500844754523,
    "sohr_init_8": 1.445500844754523,
    "sohr_init_9": 1.445500844754523,
    "sohr_init_10": 1.445500844754523,
    "sohr_init_11": 1.445500844754523,
    "sohr_init_12": 1.445500844754523,
    "sohr_init_13": 1.445500844754523,
    "sohr_init_14": 1.445500844754523,
    "soc_init_1": 19.272417457677182,
    "soc_init_2": 19.272417457677182,
    "soc_init_3": 19.272417457677182,
    "soc_init_4": 19.272417457677182,
    "soc_init_5": 19.272417457677182,
    "soc_init_6": 19.272417457677182,
    "soc_init_7": 19.272417457677182,
    "soc_init_8": 19.272417457677182,
    "soc_init_9": 19.272417457677182,
    "soc_init_10": 19.272417457677182,
    "soc_init_11": 19.272417457677182,
    "soc_init_12": 19.272417457677182,
    "soc_init_13": 19.272417457677182,
    "soc_init_14": 19.272417457677182,
    "cost": 0.7230077602826933,
    "device": "bPB00055",
    "cycle_start_time": "2022-07-07T18:27:37+00:00"
}