{
    "soc_min": 2,
    "soc_max": 98,
    "r1": 0.019007757609130097,
    "c1": 1997796.1110096585,
    "ir_a": 0.0017511285006184762,
    "ir_b": 0.056986393743756726,
    "ir_c": 0.00026331302183145477,
    "ir_d": 0.09682353056330363,
    "ir_e": 0.5307904817958912,
    "no_cells": 14,
    "cell_temp_init": 42.01477687609521,
    "amb_temp_celsius": 36.01693916225988,
    "bat_cell_cap": 66.0,
    "sohc_init_1": 54.25146093068312,
    "sohc_init_2": 54.25146093068312,
    "sohc_init_3": 54.25146093068312,
    "sohc_init_4": 54.25146093068312,
    "sohc_init_5": 54.25146093068312,
    "sohc_init_6": 54.25146093068312,
    "sohc_init_7": 54.25146093068312,
    "sohc_init_8": 54.25146093068312,
    "sohc_init_9": 54.25146093068312,
    "sohc_init_10": 54.25146093068312,
    "sohc_init_11": 54.25146093068312,
    "sohc_init_12": 54.25146093068312,
    "sohc_init_13": 54.25146093068312,
    "sohc_init_14": 54.25146093068312,
    "sohr_init_1": 1.3790177263905763,
    "sohr_init_2": 1.3790177263905763,
    "sohr_init_3": 1.3790177263905763,
    "sohr_init_4": 1.3790177263905763,
    "sohr_init_5": 1.3790177263905763,
    "sohr_init_6": 1.3790177263905763,
    "sohr_init_7": 1.3790177263905763,
    "sohr_init_8": 1.3790177263905763,
    "sohr_init_9": 1.3790177263905763,
    "sohr_init_10": 1.3790177263905763,
    "sohr_init_11": 1.3790177263905763,
    "sohr_init_12": 1.3790177263905763,
    "sohr_init_13": 1.3790177263905763,
    "sohr_init_14": 1.3790177263905763,
    "soc_init_1": 4.179422509574426,
    "soc_init_2": 4.179422509574426,
    "soc_init_3": 4.179422509574426,
    "soc_init_4": 4.179422509574426,
    "soc_init_5": 4.179422509574426,
    "soc_init_6": 4.179422509574426,
    "soc_init_7": 4.179422509574426,
    "soc_init_8": 4.179422509574426,
    "soc_init_9": 4.179422509574426,
    "soc_init_10": 4.179422509574426,
    "soc_init_11": 4.179422509574426,
    "soc_init_12": 4.179422509574426,
    "soc_init_13": 4.179422509574426,
    "soc_init_14": 4.179422509574426,
    "cost": 0.6562929292787537,
    "device": "bPB00055",
    "cycle_start_time": "2022-07-28T05:26:09+00:00"
}