{
    "soc_min": 2,
    "soc_max": 98,
    "r1": 0.0010510952066959598,
    "c1": 166902.91071803833,
    "ir_a": 0.006357287748803014,
    "ir_b": 0.19609517238002955,
    "ir_c": 0.0015214032959849897,
    "ir_d": 0.06546622683233767,
    "ir_e": 0.4441316338890795,
    "no_cells": 14,
    "cell_temp_init": 36.000098976423,
    "amb_temp_celsius": 28.00004726029251,
    "bat_cell_cap": 66.0,
    "sohc_init_1": 48.88974825236359,
    "sohc_init_2": 48.88974825236359,
    "sohc_init_3": 48.88974825236359,
    "sohc_init_4": 48.88974825236359,
    "sohc_init_5": 48.88974825236359,
    "sohc_init_6": 48.88974825236359,
    "sohc_init_7": 48.88974825236359,
    "sohc_init_8": 48.88974825236359,
    "sohc_init_9": 48.88974825236359,
    "sohc_init_10": 48.88974825236359,
    "sohc_init_11": 48.88974825236359,
    "sohc_init_12": 48.88974825236359,
    "sohc_init_13": 48.88974825236359,
    "sohc_init_14": 48.88974825236359,
    "sohr_init_1": 1.9925974711353427,
    "sohr_init_2": 1.9925974711353427,
    "sohr_init_3": 1.9925974711353427,
    "sohr_init_4": 1.9925974711353427,
    "sohr_init_5": 1.9925974711353427,
    "sohr_init_6": 1.9925974711353427,
    "sohr_init_7": 1.9925974711353427,
    "sohr_init_8": 1.9925974711353427,
    "sohr_init_9": 1.9925974711353427,
    "sohr_init_10": 1.9925974711353427,
    "sohr_init_11": 1.9925974711353427,
    "sohr_init_12": 1.9925974711353427,
    "sohr_init_13": 1.9925974711353427,
    "sohr_init_14": 1.9925974711353427,
    "soc_init_1": 26.035653612593638,
    "soc_init_2": 26.035653612593638,
    "soc_init_3": 26.035653612593638,
    "soc_init_4": 26.035653612593638,
    "soc_init_5": 26.035653612593638,
    "soc_init_6": 26.035653612593638,
    "soc_init_7": 26.035653612593638,
    "soc_init_8": 26.035653612593638,
    "soc_init_9": 26.035653612593638,
    "soc_init_10": 26.035653612593638,
    "soc_init_11": 26.035653612593638,
    "soc_init_12": 26.035653612593638,
    "soc_init_13": 26.035653612593638,
    "soc_init_14": 26.035653612593638,
    "cost": 0.554240145136833,
    "device": "bPB00055",
    "cycle_start_time": "2022-11-11T04:31:45+00:00"
}