{
    "soc_min": 2,
    "soc_max": 98,
    "r1": 0.001199751198614035,
    "c1": 224624.09481408005,
    "ir_a": 0.0001857878454104801,
    "ir_b": 0.19673152370661157,
    "ir_c": 0.0010989191613117418,
    "ir_d": 0.039499652287317104,
    "ir_e": 0.5253995673062113,
    "no_cells": 14,
    "cell_temp_init": 36.00040080876157,
    "amb_temp_celsius": 28.00118824896252,
    "bat_cell_cap": 66.0,
    "sohc_init_1": 49.65744860104845,
    "sohc_init_2": 49.65744860104845,
    "sohc_init_3": 49.65744860104845,
    "sohc_init_4": 49.65744860104845,
    "sohc_init_5": 49.65744860104845,
    "sohc_init_6": 49.65744860104845,
    "sohc_init_7": 49.65744860104845,
    "sohc_init_8": 49.65744860104845,
    "sohc_init_9": 49.65744860104845,
    "sohc_init_10": 49.65744860104845,
    "sohc_init_11": 49.65744860104845,
    "sohc_init_12": 49.65744860104845,
    "sohc_init_13": 49.65744860104845,
    "sohc_init_14": 49.65744860104845,
    "sohr_init_1": 2.7427518320861473,
    "sohr_init_2": 2.7427518320861473,
    "sohr_init_3": 2.7427518320861473,
    "sohr_init_4": 2.7427518320861473,
    "sohr_init_5": 2.7427518320861473,
    "sohr_init_6": 2.7427518320861473,
    "sohr_init_7": 2.7427518320861473,
    "sohr_init_8": 2.7427518320861473,
    "sohr_init_9": 2.7427518320861473,
    "sohr_init_10": 2.7427518320861473,
    "sohr_init_11": 2.7427518320861473,
    "sohr_init_12": 2.7427518320861473,
    "sohr_init_13": 2.7427518320861473,
    "sohr_init_14": 2.7427518320861473,
    "soc_init_1": 24.612724937830475,
    "soc_init_2": 24.612724937830475,
    "soc_init_3": 24.612724937830475,
    "soc_init_4": 24.612724937830475,
    "soc_init_5": 24.612724937830475,
    "soc_init_6": 24.612724937830475,
    "soc_init_7": 24.612724937830475,
    "soc_init_8": 24.612724937830475,
    "soc_init_9": 24.612724937830475,
    "soc_init_10": 24.612724937830475,
    "soc_init_11": 24.612724937830475,
    "soc_init_12": 24.612724937830475,
    "soc_init_13": 24.612724937830475,
    "soc_init_14": 24.612724937830475,
    "cost": 0.5617732485075674,
    "device": "bPB00055",
    "cycle_start_time": "2022-11-07T20:45:15+00:00"
}