{
    "soc_min": 2,
    "soc_max": 98,
    "r1": 0.0001750037876005256,
    "c1": 316226.081328123,
    "ir_a": 0.0009004392526816454,
    "ir_b": 0.1569969905188516,
    "ir_c": 0.0022972343838282188,
    "ir_d": 0.05721475801168669,
    "ir_e": 0.6468164231821192,
    "no_cells": 14,
    "cell_temp_init": 36.00016550228121,
    "amb_temp_celsius": 28.001703684618334,
    "bat_cell_cap": 66.0,
    "sohc_init_1": 49.302910989112036,
    "sohc_init_2": 49.302910989112036,
    "sohc_init_3": 49.302910989112036,
    "sohc_init_4": 49.302910989112036,
    "sohc_init_5": 49.302910989112036,
    "sohc_init_6": 49.302910989112036,
    "sohc_init_7": 49.302910989112036,
    "sohc_init_8": 49.302910989112036,
    "sohc_init_9": 49.302910989112036,
    "sohc_init_10": 49.302910989112036,
    "sohc_init_11": 49.302910989112036,
    "sohc_init_12": 49.302910989112036,
    "sohc_init_13": 49.302910989112036,
    "sohc_init_14": 49.302910989112036,
    "sohr_init_1": 1.6926001143995777,
    "sohr_init_2": 1.6926001143995777,
    "sohr_init_3": 1.6926001143995777,
    "sohr_init_4": 1.6926001143995777,
    "sohr_init_5": 1.6926001143995777,
    "sohr_init_6": 1.6926001143995777,
    "sohr_init_7": 1.6926001143995777,
    "sohr_init_8": 1.6926001143995777,
    "sohr_init_9": 1.6926001143995777,
    "sohr_init_10": 1.6926001143995777,
    "sohr_init_11": 1.6926001143995777,
    "sohr_init_12": 1.6926001143995777,
    "sohr_init_13": 1.6926001143995777,
    "sohr_init_14": 1.6926001143995777,
    "soc_init_1": 23.0671087745252,
    "soc_init_2": 23.0671087745252,
    "soc_init_3": 23.0671087745252,
    "soc_init_4": 23.0671087745252,
    "soc_init_5": 23.0671087745252,
    "soc_init_6": 23.0671087745252,
    "soc_init_7": 23.0671087745252,
    "soc_init_8": 23.0671087745252,
    "soc_init_9": 23.0671087745252,
    "soc_init_10": 23.0671087745252,
    "soc_init_11": 23.0671087745252,
    "soc_init_12": 23.0671087745252,
    "soc_init_13": 23.0671087745252,
    "soc_init_14": 23.0671087745252,
    "cost": 0.5345252167301279,
    "device": "bPB00055",
    "cycle_start_time": "2022-10-31T11:42:43+00:00"
}