{
    "soc_min": 2,
    "soc_max": 98,
    "r1": 0.019397272190371864,
    "c1": 1350102.7802987555,
    "ir_a": 0.009215277383015592,
    "ir_b": 0.1926044556755772,
    "ir_c": 0.002647972017375623,
    "ir_d": 0.09939006113422863,
    "ir_e": 0.9982424724206663,
    "no_cells": 14,
    "cell_temp_init": 40.000440294031385,
    "amb_temp_celsius": 42.01820139821858,
    "bat_cell_cap": 66.0,
    "sohc_init_1": 45.00281561258392,
    "sohc_init_2": 45.00281561258392,
    "sohc_init_3": 45.00281561258392,
    "sohc_init_4": 45.00281561258392,
    "sohc_init_5": 45.00281561258392,
    "sohc_init_6": 45.00281561258392,
    "sohc_init_7": 45.00281561258392,
    "sohc_init_8": 45.00281561258392,
    "sohc_init_9": 45.00281561258392,
    "sohc_init_10": 45.00281561258392,
    "sohc_init_11": 45.00281561258392,
    "sohc_init_12": 45.00281561258392,
    "sohc_init_13": 45.00281561258392,
    "sohc_init_14": 45.00281561258392,
    "sohr_init_1": 2.803861767649633,
    "sohr_init_2": 2.803861767649633,
    "sohr_init_3": 2.803861767649633,
    "sohr_init_4": 2.803861767649633,
    "sohr_init_5": 2.803861767649633,
    "sohr_init_6": 2.803861767649633,
    "sohr_init_7": 2.803861767649633,
    "sohr_init_8": 2.803861767649633,
    "sohr_init_9": 2.803861767649633,
    "sohr_init_10": 2.803861767649633,
    "sohr_init_11": 2.803861767649633,
    "sohr_init_12": 2.803861767649633,
    "sohr_init_13": 2.803861767649633,
    "sohr_init_14": 2.803861767649633,
    "soc_init_1": 3.0314666064312568,
    "soc_init_2": 3.0314666064312568,
    "soc_init_3": 3.0314666064312568,
    "soc_init_4": 3.0314666064312568,
    "soc_init_5": 3.0314666064312568,
    "soc_init_6": 3.0314666064312568,
    "soc_init_7": 3.0314666064312568,
    "soc_init_8": 3.0314666064312568,
    "soc_init_9": 3.0314666064312568,
    "soc_init_10": 3.0314666064312568,
    "soc_init_11": 3.0314666064312568,
    "soc_init_12": 3.0314666064312568,
    "soc_init_13": 3.0314666064312568,
    "soc_init_14": 3.0314666064312568,
    "cost": 1.2808323978740637,
    "device": "bPB00055",
    "cycle_start_time": "2021-11-04T16:46:03+00:00"
}