{
    "soc_min": 2,
    "soc_max": 98,
    "r1": 0.003785421216392602,
    "c1": 1998681.2851192558,
    "ir_a": 0.00293556326785761,
    "ir_b": 0.1164704414641589,
    "ir_c": 0.00032747105257529565,
    "ir_d": 0.09997738189195263,
    "ir_e": 0.9998224158576027,
    "no_cells": 14,
    "cell_temp_init": 26.075998335884925,
    "amb_temp_celsius": 25.246812688670886,
    "bat_cell_cap": 66.0,
    "sohc_init_1": 68.60369870581009,
    "sohc_init_2": 68.60369870581009,
    "sohc_init_3": 68.60369870581009,
    "sohc_init_4": 68.60369870581009,
    "sohc_init_5": 68.60369870581009,
    "sohc_init_6": 68.60369870581009,
    "sohc_init_7": 68.60369870581009,
    "sohc_init_8": 68.60369870581009,
    "sohc_init_9": 68.60369870581009,
    "sohc_init_10": 68.60369870581009,
    "sohc_init_11": 68.60369870581009,
    "sohc_init_12": 68.60369870581009,
    "sohc_init_13": 68.60369870581009,
    "sohc_init_14": 68.60369870581009,
    "sohr_init_1": 2.970802634913478,
    "sohr_init_2": 2.970802634913478,
    "sohr_init_3": 2.970802634913478,
    "sohr_init_4": 2.970802634913478,
    "sohr_init_5": 2.970802634913478,
    "sohr_init_6": 2.970802634913478,
    "sohr_init_7": 2.970802634913478,
    "sohr_init_8": 2.970802634913478,
    "sohr_init_9": 2.970802634913478,
    "sohr_init_10": 2.970802634913478,
    "sohr_init_11": 2.970802634913478,
    "sohr_init_12": 2.970802634913478,
    "sohr_init_13": 2.970802634913478,
    "sohr_init_14": 2.970802634913478,
    "soc_init_1": 71.37674753290666,
    "soc_init_2": 71.37674753290666,
    "soc_init_3": 71.37674753290666,
    "soc_init_4": 71.37674753290666,
    "soc_init_5": 71.37674753290666,
    "soc_init_6": 71.37674753290666,
    "soc_init_7": 71.37674753290666,
    "soc_init_8": 71.37674753290666,
    "soc_init_9": 71.37674753290666,
    "soc_init_10": 71.37674753290666,
    "soc_init_11": 71.37674753290666,
    "soc_init_12": 71.37674753290666,
    "soc_init_13": 71.37674753290666,
    "soc_init_14": 71.37674753290666,
    "cost": 0.23671005549361931,
    "device": "bPB00055",
    "cycle_start_time": "2021-07-07T13:37:36+00:00"
}