{
    "soc_min": 2,
    "soc_max": 98,
    "r1": 0.019994270400024418,
    "c1": 1999925.4468272876,
    "ir_a": 0.009141291703464236,
    "ir_b": 0.10592405265262343,
    "ir_c": 0.0024767868290749995,
    "ir_d": 0.07015425855282967,
    "ir_e": 0.8168307273381576,
    "no_cells": 14,
    "cell_temp_init": 35.00126756014817,
    "amb_temp_celsius": 27.00037950394553,
    "bat_cell_cap": 66.0,
    "sohc_init_1": 75.67603051614371,
    "sohc_init_2": 75.67603051614371,
    "sohc_init_3": 75.67603051614371,
    "sohc_init_4": 75.67603051614371,
    "sohc_init_5": 75.67603051614371,
    "sohc_init_6": 75.67603051614371,
    "sohc_init_7": 75.67603051614371,
    "sohc_init_8": 75.67603051614371,
    "sohc_init_9": 75.67603051614371,
    "sohc_init_10": 75.67603051614371,
    "sohc_init_11": 75.67603051614371,
    "sohc_init_12": 75.67603051614371,
    "sohc_init_13": 75.67603051614371,
    "sohc_init_14": 75.67603051614371,
    "sohr_init_1": 1.0471422738288556,
    "sohr_init_2": 1.0471422738288556,
    "sohr_init_3": 1.0471422738288556,
    "sohr_init_4": 1.0471422738288556,
    "sohr_init_5": 1.0471422738288556,
    "sohr_init_6": 1.0471422738288556,
    "sohr_init_7": 1.0471422738288556,
    "sohr_init_8": 1.0471422738288556,
    "sohr_init_9": 1.0471422738288556,
    "sohr_init_10": 1.0471422738288556,
    "sohr_init_11": 1.0471422738288556,
    "sohr_init_12": 1.0471422738288556,
    "sohr_init_13": 1.0471422738288556,
    "sohr_init_14": 1.0471422738288556,
    "soc_init_1": 12.06174480260142,
    "soc_init_2": 12.06174480260142,
    "soc_init_3": 12.06174480260142,
    "soc_init_4": 12.06174480260142,
    "soc_init_5": 12.06174480260142,
    "soc_init_6": 12.06174480260142,
    "soc_init_7": 12.06174480260142,
    "soc_init_8": 12.06174480260142,
    "soc_init_9": 12.06174480260142,
    "soc_init_10": 12.06174480260142,
    "soc_init_11": 12.06174480260142,
    "soc_init_12": 12.06174480260142,
    "soc_init_13": 12.06174480260142,
    "soc_init_14": 12.06174480260142,
    "cost": 0.25624291515992753,
    "device": "bPB00055",
    "cycle_start_time": "2021-10-03T09:50:11+00:00"
}