{
    "soc_min": 2,
    "soc_max": 98,
    "r1": 0.0003510304749427964,
    "c1": 971870.8460272886,
    "ir_a": 0.0038064097854449853,
    "ir_b": 0.18488799171107964,
    "ir_c": 0.001462839105841701,
    "ir_d": 0.06085537588988361,
    "ir_e": 0.9574741073600901,
    "no_cells": 14,
    "cell_temp_init": 36.000026505817985,
    "amb_temp_celsius": 28.00088002666762,
    "bat_cell_cap": 66.0,
    "sohc_init_1": 48.802061670220745,
    "sohc_init_2": 48.802061670220745,
    "sohc_init_3": 48.802061670220745,
    "sohc_init_4": 48.802061670220745,
    "sohc_init_5": 48.802061670220745,
    "sohc_init_6": 48.802061670220745,
    "sohc_init_7": 48.802061670220745,
    "sohc_init_8": 48.802061670220745,
    "sohc_init_9": 48.802061670220745,
    "sohc_init_10": 48.802061670220745,
    "sohc_init_11": 48.802061670220745,
    "sohc_init_12": 48.802061670220745,
    "sohc_init_13": 48.802061670220745,
    "sohc_init_14": 48.802061670220745,
    "sohr_init_1": 2.537430491372174,
    "sohr_init_2": 2.537430491372174,
    "sohr_init_3": 2.537430491372174,
    "sohr_init_4": 2.537430491372174,
    "sohr_init_5": 2.537430491372174,
    "sohr_init_6": 2.537430491372174,
    "sohr_init_7": 2.537430491372174,
    "sohr_init_8": 2.537430491372174,
    "sohr_init_9": 2.537430491372174,
    "sohr_init_10": 2.537430491372174,
    "sohr_init_11": 2.537430491372174,
    "sohr_init_12": 2.537430491372174,
    "sohr_init_13": 2.537430491372174,
    "sohr_init_14": 2.537430491372174,
    "soc_init_1": 25.056120882639284,
    "soc_init_2": 25.056120882639284,
    "soc_init_3": 25.056120882639284,
    "soc_init_4": 25.056120882639284,
    "soc_init_5": 25.056120882639284,
    "soc_init_6": 25.056120882639284,
    "soc_init_7": 25.056120882639284,
    "soc_init_8": 25.056120882639284,
    "soc_init_9": 25.056120882639284,
    "soc_init_10": 25.056120882639284,
    "soc_init_11": 25.056120882639284,
    "soc_init_12": 25.056120882639284,
    "soc_init_13": 25.056120882639284,
    "soc_init_14": 25.056120882639284,
    "cost": 0.529592609471761,
    "device": "bPB00055",
    "cycle_start_time": "2022-11-10T21:01:43+00:00"
}