{
    "soc_min": 2,
    "soc_max": 98,
    "r1": 0.014114221610902967,
    "c1": 1995754.5985478188,
    "ir_a": 0.0001127665187085399,
    "ir_b": 0.19187881065320944,
    "ir_c": 0.0002590409095762511,
    "ir_d": 0.09989990175959361,
    "ir_e": 0.9906089505936639,
    "no_cells": 14,
    "cell_temp_init": 39.46964538991051,
    "amb_temp_celsius": 29.019276457646086,
    "bat_cell_cap": 66.0,
    "sohc_init_1": 66.02131367930669,
    "sohc_init_2": 66.02131367930669,
    "sohc_init_3": 66.02131367930669,
    "sohc_init_4": 66.02131367930669,
    "sohc_init_5": 66.02131367930669,
    "sohc_init_6": 66.02131367930669,
    "sohc_init_7": 66.02131367930669,
    "sohc_init_8": 66.02131367930669,
    "sohc_init_9": 66.02131367930669,
    "sohc_init_10": 66.02131367930669,
    "sohc_init_11": 66.02131367930669,
    "sohc_init_12": 66.02131367930669,
    "sohc_init_13": 66.02131367930669,
    "sohc_init_14": 66.02131367930669,
    "sohr_init_1": 2.9001688661048055,
    "sohr_init_2": 2.9001688661048055,
    "sohr_init_3": 2.9001688661048055,
    "sohr_init_4": 2.9001688661048055,
    "sohr_init_5": 2.9001688661048055,
    "sohr_init_6": 2.9001688661048055,
    "sohr_init_7": 2.9001688661048055,
    "sohr_init_8": 2.9001688661048055,
    "sohr_init_9": 2.9001688661048055,
    "sohr_init_10": 2.9001688661048055,
    "sohr_init_11": 2.9001688661048055,
    "sohr_init_12": 2.9001688661048055,
    "sohr_init_13": 2.9001688661048055,
    "sohr_init_14": 2.9001688661048055,
    "soc_init_1": 26.74963978567982,
    "soc_init_2": 26.74963978567982,
    "soc_init_3": 26.74963978567982,
    "soc_init_4": 26.74963978567982,
    "soc_init_5": 26.74963978567982,
    "soc_init_6": 26.74963978567982,
    "soc_init_7": 26.74963978567982,
    "soc_init_8": 26.74963978567982,
    "soc_init_9": 26.74963978567982,
    "soc_init_10": 26.74963978567982,
    "soc_init_11": 26.74963978567982,
    "soc_init_12": 26.74963978567982,
    "soc_init_13": 26.74963978567982,
    "soc_init_14": 26.74963978567982,
    "cost": 0.41052159638900754,
    "device": "bPB00055",
    "cycle_start_time": "2021-09-11T18:26:51+00:00"
}