{
    "soc_min": 2,
    "soc_max": 98,
    "r1": 0.0010134361430342632,
    "c1": 208759.52111451066,
    "ir_a": 0.005523350566880778,
    "ir_b": 0.19043376855698846,
    "ir_c": 0.0013766450069307482,
    "ir_d": 0.010906984220716974,
    "ir_e": 0.7986274216793335,
    "no_cells": 14,
    "cell_temp_init": 36.000127809928536,
    "amb_temp_celsius": 28.000177052753433,
    "bat_cell_cap": 66.0,
    "sohc_init_1": 49.00685328266913,
    "sohc_init_2": 49.00685328266913,
    "sohc_init_3": 49.00685328266913,
    "sohc_init_4": 49.00685328266913,
    "sohc_init_5": 49.00685328266913,
    "sohc_init_6": 49.00685328266913,
    "sohc_init_7": 49.00685328266913,
    "sohc_init_8": 49.00685328266913,
    "sohc_init_9": 49.00685328266913,
    "sohc_init_10": 49.00685328266913,
    "sohc_init_11": 49.00685328266913,
    "sohc_init_12": 49.00685328266913,
    "sohc_init_13": 49.00685328266913,
    "sohc_init_14": 49.00685328266913,
    "sohr_init_1": 2.2354917604165783,
    "sohr_init_2": 2.2354917604165783,
    "sohr_init_3": 2.2354917604165783,
    "sohr_init_4": 2.2354917604165783,
    "sohr_init_5": 2.2354917604165783,
    "sohr_init_6": 2.2354917604165783,
    "sohr_init_7": 2.2354917604165783,
    "sohr_init_8": 2.2354917604165783,
    "sohr_init_9": 2.2354917604165783,
    "sohr_init_10": 2.2354917604165783,
    "sohr_init_11": 2.2354917604165783,
    "sohr_init_12": 2.2354917604165783,
    "sohr_init_13": 2.2354917604165783,
    "sohr_init_14": 2.2354917604165783,
    "soc_init_1": 26.868352660322056,
    "soc_init_2": 26.868352660322056,
    "soc_init_3": 26.868352660322056,
    "soc_init_4": 26.868352660322056,
    "soc_init_5": 26.868352660322056,
    "soc_init_6": 26.868352660322056,
    "soc_init_7": 26.868352660322056,
    "soc_init_8": 26.868352660322056,
    "soc_init_9": 26.868352660322056,
    "soc_init_10": 26.868352660322056,
    "soc_init_11": 26.868352660322056,
    "soc_init_12": 26.868352660322056,
    "soc_init_13": 26.868352660322056,
    "soc_init_14": 26.868352660322056,
    "cost": 0.520413997824106,
    "device": "bPB00055",
    "cycle_start_time": "2022-11-15T19:23:23+00:00"
}