{
    "soc_min": 2,
    "soc_max": 98,
    "r1": 0.0002713416965674867,
    "c1": 1474808.2646413806,
    "ir_a": 0.0038080661453788953,
    "ir_b": 0.06014815011073708,
    "ir_c": 0.0008715848132448238,
    "ir_d": 0.09870301749153029,
    "ir_e": 0.5177205044544398,
    "no_cells": 14,
    "cell_temp_init": 36.51249367775148,
    "amb_temp_celsius": 27.00227766268312,
    "bat_cell_cap": 66.0,
    "sohc_init_1": 58.02850105025084,
    "sohc_init_2": 58.02850105025084,
    "sohc_init_3": 58.02850105025084,
    "sohc_init_4": 58.02850105025084,
    "sohc_init_5": 58.02850105025084,
    "sohc_init_6": 58.02850105025084,
    "sohc_init_7": 58.02850105025084,
    "sohc_init_8": 58.02850105025084,
    "sohc_init_9": 58.02850105025084,
    "sohc_init_10": 58.02850105025084,
    "sohc_init_11": 58.02850105025084,
    "sohc_init_12": 58.02850105025084,
    "sohc_init_13": 58.02850105025084,
    "sohc_init_14": 58.02850105025084,
    "sohr_init_1": 1.801253326963213,
    "sohr_init_2": 1.801253326963213,
    "sohr_init_3": 1.801253326963213,
    "sohr_init_4": 1.801253326963213,
    "sohr_init_5": 1.801253326963213,
    "sohr_init_6": 1.801253326963213,
    "sohr_init_7": 1.801253326963213,
    "sohr_init_8": 1.801253326963213,
    "sohr_init_9": 1.801253326963213,
    "sohr_init_10": 1.801253326963213,
    "sohr_init_11": 1.801253326963213,
    "sohr_init_12": 1.801253326963213,
    "sohr_init_13": 1.801253326963213,
    "sohr_init_14": 1.801253326963213,
    "soc_init_1": 11.045349050178066,
    "soc_init_2": 11.045349050178066,
    "soc_init_3": 11.045349050178066,
    "soc_init_4": 11.045349050178066,
    "soc_init_5": 11.045349050178066,
    "soc_init_6": 11.045349050178066,
    "soc_init_7": 11.045349050178066,
    "soc_init_8": 11.045349050178066,
    "soc_init_9": 11.045349050178066,
    "soc_init_10": 11.045349050178066,
    "soc_init_11": 11.045349050178066,
    "soc_init_12": 11.045349050178066,
    "soc_init_13": 11.045349050178066,
    "soc_init_14": 11.045349050178066,
    "cost": 0.12712819740790055,
    "device": "bPB00055",
    "cycle_start_time": "2021-10-26T20:43:36+00:00"
}