{
    "soc_min": 2,
    "soc_max": 98,
    "r1": 0.01718053400012483,
    "c1": 1999590.2790054611,
    "ir_a": 0.007635760848175984,
    "ir_b": 0.08017951644190593,
    "ir_c": 0.0019648411640454276,
    "ir_d": 0.09692208666768358,
    "ir_e": 0.3628779636277955,
    "no_cells": 14,
    "cell_temp_init": 33.00170968533248,
    "amb_temp_celsius": 25.0015546371957,
    "bat_cell_cap": 66.0,
    "sohc_init_1": 70.07115642686222,
    "sohc_init_2": 70.07115642686222,
    "sohc_init_3": 70.07115642686222,
    "sohc_init_4": 70.07115642686222,
    "sohc_init_5": 70.07115642686222,
    "sohc_init_6": 70.07115642686222,
    "sohc_init_7": 70.07115642686222,
    "sohc_init_8": 70.07115642686222,
    "sohc_init_9": 70.07115642686222,
    "sohc_init_10": 70.07115642686222,
    "sohc_init_11": 70.07115642686222,
    "sohc_init_12": 70.07115642686222,
    "sohc_init_13": 70.07115642686222,
    "sohc_init_14": 70.07115642686222,
    "sohr_init_1": 1.266417644094804,
    "sohr_init_2": 1.266417644094804,
    "sohr_init_3": 1.266417644094804,
    "sohr_init_4": 1.266417644094804,
    "sohr_init_5": 1.266417644094804,
    "sohr_init_6": 1.266417644094804,
    "sohr_init_7": 1.266417644094804,
    "sohr_init_8": 1.266417644094804,
    "sohr_init_9": 1.266417644094804,
    "sohr_init_10": 1.266417644094804,
    "sohr_init_11": 1.266417644094804,
    "sohr_init_12": 1.266417644094804,
    "sohr_init_13": 1.266417644094804,
    "sohr_init_14": 1.266417644094804,
    "soc_init_1": 10.569965022385782,
    "soc_init_2": 10.569965022385782,
    "soc_init_3": 10.569965022385782,
    "soc_init_4": 10.569965022385782,
    "soc_init_5": 10.569965022385782,
    "soc_init_6": 10.569965022385782,
    "soc_init_7": 10.569965022385782,
    "soc_init_8": 10.569965022385782,
    "soc_init_9": 10.569965022385782,
    "soc_init_10": 10.569965022385782,
    "soc_init_11": 10.569965022385782,
    "soc_init_12": 10.569965022385782,
    "soc_init_13": 10.569965022385782,
    "soc_init_14": 10.569965022385782,
    "cost": 0.12215517696198433,
    "device": "bPB00055",
    "cycle_start_time": "2021-10-26T16:35:52+00:00"
}