{
    "soc_min": 2,
    "soc_max": 98,
    "r1": 0.007269297972392224,
    "c1": 1999235.2244422035,
    "ir_a": 0.002476880845863097,
    "ir_b": 0.042631131128929134,
    "ir_c": 0.0015892299397432155,
    "ir_d": 0.03699232238292398,
    "ir_e": 0.9190152627964225,
    "no_cells": 14,
    "cell_temp_init": 36.00005470451536,
    "amb_temp_celsius": 28.001113868368805,
    "bat_cell_cap": 66.0,
    "sohc_init_1": 53.99859019544564,
    "sohc_init_2": 53.99859019544564,
    "sohc_init_3": 53.99859019544564,
    "sohc_init_4": 53.99859019544564,
    "sohc_init_5": 53.99859019544564,
    "sohc_init_6": 53.99859019544564,
    "sohc_init_7": 53.99859019544564,
    "sohc_init_8": 53.99859019544564,
    "sohc_init_9": 53.99859019544564,
    "sohc_init_10": 53.99859019544564,
    "sohc_init_11": 53.99859019544564,
    "sohc_init_12": 53.99859019544564,
    "sohc_init_13": 53.99859019544564,
    "sohc_init_14": 53.99859019544564,
    "sohr_init_1": 1.9664051954045236,
    "sohr_init_2": 1.9664051954045236,
    "sohr_init_3": 1.9664051954045236,
    "sohr_init_4": 1.9664051954045236,
    "sohr_init_5": 1.9664051954045236,
    "sohr_init_6": 1.9664051954045236,
    "sohr_init_7": 1.9664051954045236,
    "sohr_init_8": 1.9664051954045236,
    "sohr_init_9": 1.9664051954045236,
    "sohr_init_10": 1.9664051954045236,
    "sohr_init_11": 1.9664051954045236,
    "sohr_init_12": 1.9664051954045236,
    "sohr_init_13": 1.9664051954045236,
    "sohr_init_14": 1.9664051954045236,
    "soc_init_1": 26.181238346557485,
    "soc_init_2": 26.181238346557485,
    "soc_init_3": 26.181238346557485,
    "soc_init_4": 26.181238346557485,
    "soc_init_5": 26.181238346557485,
    "soc_init_6": 26.181238346557485,
    "soc_init_7": 26.181238346557485,
    "soc_init_8": 26.181238346557485,
    "soc_init_9": 26.181238346557485,
    "soc_init_10": 26.181238346557485,
    "soc_init_11": 26.181238346557485,
    "soc_init_12": 26.181238346557485,
    "soc_init_13": 26.181238346557485,
    "soc_init_14": 26.181238346557485,
    "cost": 0.6024843807461548,
    "device": "bPB00055",
    "cycle_start_time": "2022-11-09T22:16:35+00:00"
}