{
    "soc_min": 2,
    "soc_max": 98,
    "r1": 0.014607914676663312,
    "c1": 1354171.6857471208,
    "ir_a": 0.007628227641571888,
    "ir_b": 0.19312047495611845,
    "ir_c": 0.00012217488239891152,
    "ir_d": 0.09984093117607971,
    "ir_e": 0.9987595918108768,
    "no_cells": 14,
    "cell_temp_init": 38.468997007572135,
    "amb_temp_celsius": 30.014757271065367,
    "bat_cell_cap": 66.0,
    "sohc_init_1": 73.31592828345791,
    "sohc_init_2": 73.31592828345791,
    "sohc_init_3": 73.31592828345791,
    "sohc_init_4": 73.31592828345791,
    "sohc_init_5": 73.31592828345791,
    "sohc_init_6": 73.31592828345791,
    "sohc_init_7": 73.31592828345791,
    "sohc_init_8": 73.31592828345791,
    "sohc_init_9": 73.31592828345791,
    "sohc_init_10": 73.31592828345791,
    "sohc_init_11": 73.31592828345791,
    "sohc_init_12": 73.31592828345791,
    "sohc_init_13": 73.31592828345791,
    "sohc_init_14": 73.31592828345791,
    "sohr_init_1": 2.999542135906111,
    "sohr_init_2": 2.999542135906111,
    "sohr_init_3": 2.999542135906111,
    "sohr_init_4": 2.999542135906111,
    "sohr_init_5": 2.999542135906111,
    "sohr_init_6": 2.999542135906111,
    "sohr_init_7": 2.999542135906111,
    "sohr_init_8": 2.999542135906111,
    "sohr_init_9": 2.999542135906111,
    "sohr_init_10": 2.999542135906111,
    "sohr_init_11": 2.999542135906111,
    "sohr_init_12": 2.999542135906111,
    "sohr_init_13": 2.999542135906111,
    "sohr_init_14": 2.999542135906111,
    "soc_init_1": 42.7484338048959,
    "soc_init_2": 42.7484338048959,
    "soc_init_3": 42.7484338048959,
    "soc_init_4": 42.7484338048959,
    "soc_init_5": 42.7484338048959,
    "soc_init_6": 42.7484338048959,
    "soc_init_7": 42.7484338048959,
    "soc_init_8": 42.7484338048959,
    "soc_init_9": 42.7484338048959,
    "soc_init_10": 42.7484338048959,
    "soc_init_11": 42.7484338048959,
    "soc_init_12": 42.7484338048959,
    "soc_init_13": 42.7484338048959,
    "soc_init_14": 42.7484338048959,
    "cost": 0.7460706604362877,
    "device": "bPB00055",
    "cycle_start_time": "2021-11-16T22:25:23+00:00"
}