{
    "soc_min": 2,
    "soc_max": 98,
    "r1": 0.006842768479307546,
    "c1": 1996360.287068875,
    "ir_a": 0.002131313291027434,
    "ir_b": 0.012060781765338,
    "ir_c": 0.002601352622092478,
    "ir_d": 0.07087940527108902,
    "ir_e": 0.12397615721357862,
    "no_cells": 14,
    "cell_temp_init": 35.00076177776153,
    "amb_temp_celsius": 27.00326413694956,
    "bat_cell_cap": 66.0,
    "sohc_init_1": 55.12124553329372,
    "sohc_init_2": 55.12124553329372,
    "sohc_init_3": 55.12124553329372,
    "sohc_init_4": 55.12124553329372,
    "sohc_init_5": 55.12124553329372,
    "sohc_init_6": 55.12124553329372,
    "sohc_init_7": 55.12124553329372,
    "sohc_init_8": 55.12124553329372,
    "sohc_init_9": 55.12124553329372,
    "sohc_init_10": 55.12124553329372,
    "sohc_init_11": 55.12124553329372,
    "sohc_init_12": 55.12124553329372,
    "sohc_init_13": 55.12124553329372,
    "sohc_init_14": 55.12124553329372,
    "sohr_init_1": 1.1018647963853399,
    "sohr_init_2": 1.1018647963853399,
    "sohr_init_3": 1.1018647963853399,
    "sohr_init_4": 1.1018647963853399,
    "sohr_init_5": 1.1018647963853399,
    "sohr_init_6": 1.1018647963853399,
    "sohr_init_7": 1.1018647963853399,
    "sohr_init_8": 1.1018647963853399,
    "sohr_init_9": 1.1018647963853399,
    "sohr_init_10": 1.1018647963853399,
    "sohr_init_11": 1.1018647963853399,
    "sohr_init_12": 1.1018647963853399,
    "sohr_init_13": 1.1018647963853399,
    "sohr_init_14": 1.1018647963853399,
    "soc_init_1": 25.497025023381507,
    "soc_init_2": 25.497025023381507,
    "soc_init_3": 25.497025023381507,
    "soc_init_4": 25.497025023381507,
    "soc_init_5": 25.497025023381507,
    "soc_init_6": 25.497025023381507,
    "soc_init_7": 25.497025023381507,
    "soc_init_8": 25.497025023381507,
    "soc_init_9": 25.497025023381507,
    "soc_init_10": 25.497025023381507,
    "soc_init_11": 25.497025023381507,
    "soc_init_12": 25.497025023381507,
    "soc_init_13": 25.497025023381507,
    "soc_init_14": 25.497025023381507,
    "cost": 0.5830097321286047,
    "device": "bPB00055",
    "cycle_start_time": "2022-11-06T19:51:16+00:00"
}