{
    "soc_min": 2,
    "soc_max": 98,
    "r1": 0.001428441451738954,
    "c1": 1987497.3859815765,
    "ir_a": 0.003586055543855572,
    "ir_b": 0.017042573328521174,
    "ir_c": 0.0007522902812316234,
    "ir_d": 0.09980014493589046,
    "ir_e": 0.9998992993718192,
    "no_cells": 14,
    "cell_temp_init": 42.001927148492655,
    "amb_temp_celsius": 34.009869987658206,
    "bat_cell_cap": 66.0,
    "sohc_init_1": 60.5202495399916,
    "sohc_init_2": 60.5202495399916,
    "sohc_init_3": 60.5202495399916,
    "sohc_init_4": 60.5202495399916,
    "sohc_init_5": 60.5202495399916,
    "sohc_init_6": 60.5202495399916,
    "sohc_init_7": 60.5202495399916,
    "sohc_init_8": 60.5202495399916,
    "sohc_init_9": 60.5202495399916,
    "sohc_init_10": 60.5202495399916,
    "sohc_init_11": 60.5202495399916,
    "sohc_init_12": 60.5202495399916,
    "sohc_init_13": 60.5202495399916,
    "sohc_init_14": 60.5202495399916,
    "sohr_init_1": 2.999069887105513,
    "sohr_init_2": 2.999069887105513,
    "sohr_init_3": 2.999069887105513,
    "sohr_init_4": 2.999069887105513,
    "sohr_init_5": 2.999069887105513,
    "sohr_init_6": 2.999069887105513,
    "sohr_init_7": 2.999069887105513,
    "sohr_init_8": 2.999069887105513,
    "sohr_init_9": 2.999069887105513,
    "sohr_init_10": 2.999069887105513,
    "sohr_init_11": 2.999069887105513,
    "sohr_init_12": 2.999069887105513,
    "sohr_init_13": 2.999069887105513,
    "sohr_init_14": 2.999069887105513,
    "soc_init_1": 3.014746812092786,
    "soc_init_2": 3.014746812092786,
    "soc_init_3": 3.014746812092786,
    "soc_init_4": 3.014746812092786,
    "soc_init_5": 3.014746812092786,
    "soc_init_6": 3.014746812092786,
    "soc_init_7": 3.014746812092786,
    "soc_init_8": 3.014746812092786,
    "soc_init_9": 3.014746812092786,
    "soc_init_10": 3.014746812092786,
    "soc_init_11": 3.014746812092786,
    "soc_init_12": 3.014746812092786,
    "soc_init_13": 3.014746812092786,
    "soc_init_14": 3.014746812092786,
    "cost": 1.067778792202119,
    "device": "bPB00055",
    "cycle_start_time": "2022-07-06T18:37:49+00:00"
}