{
    "soc_min": 2,
    "soc_max": 98,
    "r1": 0.00010108329065794035,
    "c1": 836194.1676487611,
    "ir_a": 0.00018845511951260025,
    "ir_b": 0.09032400418131238,
    "ir_c": 1.0671059779250492e-05,
    "ir_d": 0.09824854077444772,
    "ir_e": 0.9303360552503722,
    "no_cells": 14,
    "cell_temp_init": 42.00719849467447,
    "amb_temp_celsius": 34.00786764939226,
    "bat_cell_cap": 66.0,
    "sohc_init_1": 64.8151750099536,
    "sohc_init_2": 64.8151750099536,
    "sohc_init_3": 64.8151750099536,
    "sohc_init_4": 64.8151750099536,
    "sohc_init_5": 64.8151750099536,
    "sohc_init_6": 64.8151750099536,
    "sohc_init_7": 64.8151750099536,
    "sohc_init_8": 64.8151750099536,
    "sohc_init_9": 64.8151750099536,
    "sohc_init_10": 64.8151750099536,
    "sohc_init_11": 64.8151750099536,
    "sohc_init_12": 64.8151750099536,
    "sohc_init_13": 64.8151750099536,
    "sohc_init_14": 64.8151750099536,
    "sohr_init_1": 2.3963506196044513,
    "sohr_init_2": 2.3963506196044513,
    "sohr_init_3": 2.3963506196044513,
    "sohr_init_4": 2.3963506196044513,
    "sohr_init_5": 2.3963506196044513,
    "sohr_init_6": 2.3963506196044513,
    "sohr_init_7": 2.3963506196044513,
    "sohr_init_8": 2.3963506196044513,
    "sohr_init_9": 2.3963506196044513,
    "sohr_init_10": 2.3963506196044513,
    "sohr_init_11": 2.3963506196044513,
    "sohr_init_12": 2.3963506196044513,
    "sohr_init_13": 2.3963506196044513,
    "sohr_init_14": 2.3963506196044513,
    "soc_init_1": 34.2915229253975,
    "soc_init_2": 34.2915229253975,
    "soc_init_3": 34.2915229253975,
    "soc_init_4": 34.2915229253975,
    "soc_init_5": 34.2915229253975,
    "soc_init_6": 34.2915229253975,
    "soc_init_7": 34.2915229253975,
    "soc_init_8": 34.2915229253975,
    "soc_init_9": 34.2915229253975,
    "soc_init_10": 34.2915229253975,
    "soc_init_11": 34.2915229253975,
    "soc_init_12": 34.2915229253975,
    "soc_init_13": 34.2915229253975,
    "soc_init_14": 34.2915229253975,
    "cost": 0.9922545880720944,
    "device": "bPB00055",
    "cycle_start_time": "2022-09-04T12:18:33+00:00"
}