{
    "soc_min": 2,
    "soc_max": 98,
    "r1": 0.0015628685259962902,
    "c1": 100689.18375967449,
    "ir_a": 0.00456661432359042,
    "ir_b": 0.18533244831834003,
    "ir_c": 0.0013430269480534274,
    "ir_d": 0.07244687408496607,
    "ir_e": 0.6786660357311121,
    "no_cells": 14,
    "cell_temp_init": 36.00012826527257,
    "amb_temp_celsius": 28.0001260851494,
    "bat_cell_cap": 66.0,
    "sohc_init_1": 49.69318907773797,
    "sohc_init_2": 49.69318907773797,
    "sohc_init_3": 49.69318907773797,
    "sohc_init_4": 49.69318907773797,
    "sohc_init_5": 49.69318907773797,
    "sohc_init_6": 49.69318907773797,
    "sohc_init_7": 49.69318907773797,
    "sohc_init_8": 49.69318907773797,
    "sohc_init_9": 49.69318907773797,
    "sohc_init_10": 49.69318907773797,
    "sohc_init_11": 49.69318907773797,
    "sohc_init_12": 49.69318907773797,
    "sohc_init_13": 49.69318907773797,
    "sohc_init_14": 49.69318907773797,
    "sohr_init_1": 1.9209270621064611,
    "sohr_init_2": 1.9209270621064611,
    "sohr_init_3": 1.9209270621064611,
    "sohr_init_4": 1.9209270621064611,
    "sohr_init_5": 1.9209270621064611,
    "sohr_init_6": 1.9209270621064611,
    "sohr_init_7": 1.9209270621064611,
    "sohr_init_8": 1.9209270621064611,
    "sohr_init_9": 1.9209270621064611,
    "sohr_init_10": 1.9209270621064611,
    "sohr_init_11": 1.9209270621064611,
    "sohr_init_12": 1.9209270621064611,
    "sohr_init_13": 1.9209270621064611,
    "sohr_init_14": 1.9209270621064611,
    "soc_init_1": 23.96678817301151,
    "soc_init_2": 23.96678817301151,
    "soc_init_3": 23.96678817301151,
    "soc_init_4": 23.96678817301151,
    "soc_init_5": 23.96678817301151,
    "soc_init_6": 23.96678817301151,
    "soc_init_7": 23.96678817301151,
    "soc_init_8": 23.96678817301151,
    "soc_init_9": 23.96678817301151,
    "soc_init_10": 23.96678817301151,
    "soc_init_11": 23.96678817301151,
    "soc_init_12": 23.96678817301151,
    "soc_init_13": 23.96678817301151,
    "soc_init_14": 23.96678817301151,
    "cost": 0.5435423863148373,
    "device": "bPB00055",
    "cycle_start_time": "2022-11-04T21:46:37+00:00"
}