{
    "soc_min": 2,
    "soc_max": 98,
    "r1": 0.0009271230125899203,
    "c1": 453478.477114745,
    "ir_a": 0.0010925047098671117,
    "ir_b": 0.1576290048273851,
    "ir_c": 0.001595007260816479,
    "ir_d": 0.09207172703910221,
    "ir_e": 0.020683608743437408,
    "no_cells": 14,
    "cell_temp_init": 36.00065638747581,
    "amb_temp_celsius": 28.001915668675622,
    "bat_cell_cap": 66.0,
    "sohc_init_1": 49.24989340265283,
    "sohc_init_2": 49.24989340265283,
    "sohc_init_3": 49.24989340265283,
    "sohc_init_4": 49.24989340265283,
    "sohc_init_5": 49.24989340265283,
    "sohc_init_6": 49.24989340265283,
    "sohc_init_7": 49.24989340265283,
    "sohc_init_8": 49.24989340265283,
    "sohc_init_9": 49.24989340265283,
    "sohc_init_10": 49.24989340265283,
    "sohc_init_11": 49.24989340265283,
    "sohc_init_12": 49.24989340265283,
    "sohc_init_13": 49.24989340265283,
    "sohc_init_14": 49.24989340265283,
    "sohr_init_1": 2.056610335870478,
    "sohr_init_2": 2.056610335870478,
    "sohr_init_3": 2.056610335870478,
    "sohr_init_4": 2.056610335870478,
    "sohr_init_5": 2.056610335870478,
    "sohr_init_6": 2.056610335870478,
    "sohr_init_7": 2.056610335870478,
    "sohr_init_8": 2.056610335870478,
    "sohr_init_9": 2.056610335870478,
    "sohr_init_10": 2.056610335870478,
    "sohr_init_11": 2.056610335870478,
    "sohr_init_12": 2.056610335870478,
    "sohr_init_13": 2.056610335870478,
    "sohr_init_14": 2.056610335870478,
    "soc_init_1": 26.533743454820126,
    "soc_init_2": 26.533743454820126,
    "soc_init_3": 26.533743454820126,
    "soc_init_4": 26.533743454820126,
    "soc_init_5": 26.533743454820126,
    "soc_init_6": 26.533743454820126,
    "soc_init_7": 26.533743454820126,
    "soc_init_8": 26.533743454820126,
    "soc_init_9": 26.533743454820126,
    "soc_init_10": 26.533743454820126,
    "soc_init_11": 26.533743454820126,
    "soc_init_12": 26.533743454820126,
    "soc_init_13": 26.533743454820126,
    "soc_init_14": 26.533743454820126,
    "cost": 0.5476165622725456,
    "device": "bPB00055",
    "cycle_start_time": "2022-11-15T03:50:34+00:00"
}