{"average_runtime": 577.1093047672027, "max_runtime": 1158.6963119506836, "min_runtime": 100.96897315979004, "average_trial_count": 1833.7567567567567, "max_trial_count": 2500, "min_trial_count": 714, "times_max_trial_count": 1}