{"total_time": 59206.015367507935, "mse": 1.1441381151185341, "n_train": 115, "total_trial_count": 198691, "average_trial_count": 1727.7478260869566}