{"total_time": 13064.29675078392, "mse": 0.753491053652794, "n_train": 25, "total_trial_count": 44205, "average_trial_count": 1768.2}