{"total_time": 135964.092846632, "mse": 1.6987692411607151, "n_train": 237, "total_trial_count": 432710, "average_trial_count": 1825.7805907172997}