{"total_time": 143968.62764263153, "mse": 2.412129586319075, "n_train": 249, "total_trial_count": 457061, "average_trial_count": 1835.5863453815261}