{"total_time": 27624.970326900482, "mse": 0.380425548154826, "n_train": 54, "total_trial_count": 93928, "average_trial_count": 1739.4074074074074}