{"total_time": 7941.097843170166, "mse": 0.9935110699963031, "n_train": 15, "total_trial_count": 27110, "average_trial_count": 1807.3333333333333}