{"total_time": 53932.962775707245, "mse": 0.8548857997688011, "n_train": 106, "total_trial_count": 182029, "average_trial_count": 1717.254716981132}