{"total_time": 26732.421547174454, "mse": 0.3924434631691961, "n_train": 52, "total_trial_count": 90728, "average_trial_count": 1744.7692307692307}