{"total_time": 63419.480337142944, "mse": 1.1908582938943166, "n_train": 124, "total_trial_count": 213491, "average_trial_count": 1721.7016129032259}