{"total_time": 37662.64526939392, "mse": 0.3641664482726036, "n_train": 73, "total_trial_count": 126976, "average_trial_count": 1739.3972602739725}