{"total_time": 129316.08769059181, "mse": 1.5483587550476212, "n_train": 227, "total_trial_count": 413673, "average_trial_count": 1822.3480176211453}