{"total_time": 78828.93204426765, "mse": 1.0107592682482762, "n_train": 150, "total_trial_count": 261883, "average_trial_count": 1745.8866666666668}