{"total_time": 56635.66715836525, "mse": 1.0095978033106594, "n_train": 111, "total_trial_count": 190793, "average_trial_count": 1718.855855855856}