{"total_time": 9402.568443536758, "mse": 0.8895420126373489, "n_train": 19, "total_trial_count": 32871, "average_trial_count": 1730.0526315789473}