{"total_time": 114173.70990133286, "mse": 1.2850042468146754, "n_train": 206, "total_trial_count": 369737, "average_trial_count": 1794.8398058252428}