{"total_time": 41128.89426326752, "mse": 0.39828661619874406, "n_train": 79, "total_trial_count": 137655, "average_trial_count": 1742.4683544303798}