{"total_time": 51063.03215789795, "mse": 0.7254820698706024, "n_train": 101, "total_trial_count": 173257, "average_trial_count": 1715.4158415841584}