{"total_time": 124108.86508369446, "mse": 1.4753064700426395, "n_train": 220, "total_trial_count": 398927, "average_trial_count": 1813.3045454545454}