{"total_time": 72439.6986014843, "mse": 1.0674029498875717, "n_train": 141, "total_trial_count": 242857, "average_trial_count": 1722.3900709219859}