{"total_time": 17991.28057551384, "mse": 0.574826826953167, "n_train": 35, "total_trial_count": 61098, "average_trial_count": 1745.6571428571428}