{"total_time": 141585.89292383194, "mse": 1.9944429841929647, "n_train": 245, "total_trial_count": 449421, "average_trial_count": 1834.3714285714286}