{"total_time": 42002.05192446709, "mse": 0.4059991769747084, "n_train": 80, "total_trial_count": 140140, "average_trial_count": 1751.75}