{"total_time": 55591.30182337761, "mse": 0.9444664164597799, "n_train": 109, "total_trial_count": 187240, "average_trial_count": 1717.7981651376147}