{"total_time": 97584.52640581131, "mse": 0.9309390079190362, "n_train": 183, "total_trial_count": 321595, "average_trial_count": 1757.3497267759562}