{"total_time": 138668.04836678505, "mse": 1.7807626504186793, "n_train": 241, "total_trial_count": 440607, "average_trial_count": 1828.2448132780082}