{"total_time": 21649.875480413437, "mse": 0.47087886127184536, "n_train": 43, "total_trial_count": 74534, "average_trial_count": 1733.3488372093022}