{"total_time": 46929.618933439255, "mse": 0.517947288066822, "n_train": 90, "total_trial_count": 157059, "average_trial_count": 1745.1}