{"total_time": 81619.82731986046, "mse": 0.9873597351176787, "n_train": 154, "total_trial_count": 270167, "average_trial_count": 1754.3311688311687}