{"total_time": 100103.21792602539, "mse": 0.9127007815870753, "n_train": 187, "total_trial_count": 329239, "average_trial_count": 1760.6363636363637}