{"total_time": 70015.83050894737, "mse": 1.0985603325945557, "n_train": 136, "total_trial_count": 234434, "average_trial_count": 1723.7794117647059}