{"total_time": 99248.29680490494, "mse": 0.9169644219397562, "n_train": 186, "total_trial_count": 326811, "average_trial_count": 1757.0483870967741}