{"total_time": 130134.55029463768, "mse": 1.5578820411885776, "n_train": 228, "total_trial_count": 415854, "average_trial_count": 1823.921052631579}