{"total_time": 9090.972950935364, "mse": 0.9145043941793924, "n_train": 18, "total_trial_count": 31515, "average_trial_count": 1750.8333333333333}