{"total_time": 48165.436599731445, "mse": 0.5649676579349505, "n_train": 93, "total_trial_count": 161865, "average_trial_count": 1740.483870967742}