{"total_time": 120723.21136379242, "mse": 1.4112635216835556, "n_train": 215, "total_trial_count": 388796, "average_trial_count": 1808.3534883720931}