{"total_time": 97777.26996135712, "mse": 0.9261024876924823, "n_train": 184, "total_trial_count": 322662, "average_trial_count": 1753.5978260869565}