{"total_time": 133693.8456132412, "mse": 1.6340756525760842, "n_train": 234, "total_trial_count": 426280, "average_trial_count": 1821.7094017094016}