{"total_time": 126889.8058078289, "mse": 1.515131674895541, "n_train": 224, "total_trial_count": 407020, "average_trial_count": 1817.0535714285713}