{"total_time": 121771.70568966866, "mse": 1.439159854267081, "n_train": 217, "total_trial_count": 392295, "average_trial_count": 1807.811059907834}