{"total_time": 142967.7743074894, "mse": 2.1919375714581073, "n_train": 247, "total_trial_count": 453668, "average_trial_count": 1836.7125506072875}