{"total_time": 43676.620341062546, "mse": 0.44293494863680766, "n_train": 84, "total_trial_count": 146240, "average_trial_count": 1740.952380952381}