{"total_time": 107451.93100428581, "mse": 1.1058584474847113, "n_train": 198, "total_trial_count": 351425, "average_trial_count": 1774.8737373737374}