{"total_time": 94981.25619578362, "mse": 0.9492775031480363, "n_train": 179, "total_trial_count": 313773, "average_trial_count": 1752.9217877094973}