{"total_time": 93947.79054808617, "mse": 0.952696545471765, "n_train": 178, "total_trial_count": 311315, "average_trial_count": 1748.9606741573034}