{"total_time": 7091.353522062302, "mse": 1.0212492912996205, "n_train": 14, "total_trial_count": 24656, "average_trial_count": 1761.142857142857}