{"total_time": 118839.17910885811, "mse": 1.3875354554837835, "n_train": 213, "total_trial_count": 383904, "average_trial_count": 1802.3661971830986}