{"total_time": 126331.62373781204, "mse": 1.5063594590693996, "n_train": 223, "total_trial_count": 405179, "average_trial_count": 1816.946188340807}