{"total_time": 73950.04615592957, "mse": 1.0500615153098907, "n_train": 144, "total_trial_count": 248111, "average_trial_count": 1722.9930555555557}