{"total_time": 4742.1262974739075, "mse": 1.1392458394140654, "n_train": 10, "total_trial_count": 16813, "average_trial_count": 1681.3}