{"total_time": 50581.12134861946, "mse": 0.702412653387951, "n_train": 100, "total_trial_count": 171630, "average_trial_count": 1716.3}