{"total_time": 62634.65078687668, "mse": 1.2001634455639676, "n_train": 123, "total_trial_count": 211272, "average_trial_count": 1717.658536585366}