{"total_time": 63822.74152636528, "mse": 1.181830417475332, "n_train": 125, "total_trial_count": 214909, "average_trial_count": 1719.272}