{"total_time": 85866.6442668438, "mse": 0.9440060251471009, "n_train": 164, "total_trial_count": 285556, "average_trial_count": 1741.1951219512196}