{"total_time": 25080.624581098557, "mse": 0.41414573388716597, "n_train": 49, "total_trial_count": 85329, "average_trial_count": 1741.408163265306}