{"total_time": 77105.65276169777, "mse": 1.0235168000082777, "n_train": 148, "total_trial_count": 257036, "average_trial_count": 1736.7297297297298}