{"total_time": 86308.27127981186, "mse": 0.9421679876848433, "n_train": 165, "total_trial_count": 287116, "average_trial_count": 1740.0969696969696}