{"total_time": 36555.60718250275, "mse": 0.3572459147420481, "n_train": 71, "total_trial_count": 123420, "average_trial_count": 1738.3098591549297}