{"total_time": 5556.039899587631, "mse": 1.1087694609036427, "n_train": 11, "total_trial_count": 19238, "average_trial_count": 1748.909090909091}