{"total_time": 71230.5556294918, "mse": 1.0799326423824274, "n_train": 139, "total_trial_count": 239029, "average_trial_count": 1719.63309352518}