{"total_time": 92103.28732848167, "mse": 0.9540446989956256, "n_train": 174, "total_trial_count": 304984, "average_trial_count": 1752.7816091954023}