{"total_time": 87169.0448744297, "mse": 0.9402242910421562, "n_train": 167, "total_trial_count": 290192, "average_trial_count": 1737.6766467065868}