{"total_time": 69680.30892109871, "mse": 1.1044813754334675, "n_train": 135, "total_trial_count": 233109, "average_trial_count": 1726.7333333333333}