{"total_time": 115651.61417293549, "mse": 1.3195976644054614, "n_train": 208, "total_trial_count": 374131, "average_trial_count": 1798.7067307692307}