{"total_time": 29106.945992708206, "mse": 0.3660628474761771, "n_train": 57, "total_trial_count": 98949, "average_trial_count": 1735.9473684210527}