{"total_time": 56055.980036735535, "mse": 0.9764657926123208, "n_train": 110, "total_trial_count": 188973, "average_trial_count": 1717.9363636363637}