{"total_time": 37933.01428413391, "mse": 0.3684537139397099, "n_train": 74, "total_trial_count": 128263, "average_trial_count": 1733.2837837837837}