{"total_time": 36753.420459747314, "mse": 0.3604337310433317, "n_train": 72, "total_trial_count": 124514, "average_trial_count": 1729.361111111111}