{"total_time": 48880.339349508286, "mse": 0.6001595668804377, "n_train": 95, "total_trial_count": 164824, "average_trial_count": 1734.9894736842105}