{"total_time": 96414.01341366768, "mse": 0.941033937200253, "n_train": 181, "total_trial_count": 317976, "average_trial_count": 1756.7734806629835}