{"total_time": 70657.69730210304, "mse": 1.0862925748344525, "n_train": 138, "total_trial_count": 237088, "average_trial_count": 1718.0289855072465}