{"total_time": 105033.19079947472, "mse": 0.971892954976147, "n_train": 193, "total_trial_count": 342880, "average_trial_count": 1776.580310880829}