{"total_time": 20130.668741941452, "mse": 0.5187342049179745, "n_train": 39, "total_trial_count": 68397, "average_trial_count": 1753.7692307692307}