{"total_time": 85446.8069601059, "mse": 0.9463849407319813, "n_train": 163, "total_trial_count": 283992, "average_trial_count": 1742.282208588957}