{"total_time": 93016.94003915787, "mse": 0.9522143320693169, "n_train": 177, "total_trial_count": 308824, "average_trial_count": 1744.768361581921}