{"total_time": 83822.24280977249, "mse": 0.9653934165613071, "n_train": 158, "total_trial_count": 277297, "average_trial_count": 1755.0443037974683}