{"total_time": 12762.538160324097, "mse": 0.7745890805300456, "n_train": 24, "total_trial_count": 42909, "average_trial_count": 1787.875}