{"total_time": 104312.88885974884, "mse": 0.9491633755472263, "n_train": 192, "total_trial_count": 340691, "average_trial_count": 1774.4322916666667}