{"total_time": 28195.67767381668, "mse": 0.3751487773404479, "n_train": 55, "total_trial_count": 95797, "average_trial_count": 1741.7636363636364}