{"total_time": 35437.000029563904, "mse": 0.3524446472259274, "n_train": 69, "total_trial_count": 119705, "average_trial_count": 1734.855072463768}