{"total_time": 137389.6069879532, "mse": 1.739775567890736, "n_train": 239, "total_trial_count": 436538, "average_trial_count": 1826.5188284518829}