{"total_time": 82051.39267349243, "mse": 0.9814271020960903, "n_train": 155, "total_trial_count": 271717, "average_trial_count": 1753.0129032258064}