{"total_time": 92559.02983880043, "mse": 0.9522331164450549, "n_train": 176, "total_trial_count": 307115, "average_trial_count": 1744.971590909091}