{"total_time": 118366.81024122238, "mse": 1.3757377408313876, "n_train": 212, "total_trial_count": 382181, "average_trial_count": 1802.7405660377358}