{"total_time": 24371.996480941772, "mse": 0.42236286620110874, "n_train": 48, "total_trial_count": 83285, "average_trial_count": 1735.1041666666667}