{"total_time": 42771.791758298874, "mse": 0.42323227921896955, "n_train": 82, "total_trial_count": 142974, "average_trial_count": 1743.5853658536585}