{"total_time": 40748.23446369171, "mse": 0.3911600946377825, "n_train": 78, "total_trial_count": 136197, "average_trial_count": 1746.1153846153845}