{"total_time": 131408.7272963524, "mse": 1.5870687811492319, "n_train": 231, "total_trial_count": 420311, "average_trial_count": 1819.5281385281385}