{"total_time": 30292.367287635803, "mse": 0.3561545197483939, "n_train": 60, "total_trial_count": 103453, "average_trial_count": 1724.2166666666667}