{"total_time": 105528.20035099983, "mse": 0.9932556422288253, "n_train": 194, "total_trial_count": 344587, "average_trial_count": 1776.221649484536}