{"total_time": 72996.56303429604, "mse": 1.0615210475864412, "n_train": 142, "total_trial_count": 244800, "average_trial_count": 1723.943661971831}