{"total_time": 21986.68857359886, "mse": 0.4601785112844507, "n_train": 44, "total_trial_count": 76000, "average_trial_count": 1727.2727272727273}