{"total_time": 66226.44387626648, "mse": 1.1473425690249874, "n_train": 129, "total_trial_count": 222412, "average_trial_count": 1724.124031007752}