{"total_time": 89536.3069267273, "mse": 0.9420824815651917, "n_train": 170, "total_trial_count": 296927, "average_trial_count": 1746.629411764706}