{"total_time": 11538.411344051361, "mse": 0.8186630693543517, "n_train": 22, "total_trial_count": 39128, "average_trial_count": 1778.5454545454545}