{"total_time": 62362.90303969383, "mse": 1.209734387495137, "n_train": 122, "total_trial_count": 209995, "average_trial_count": 1721.2704918032787}