{"total_time": 67479.36735057831, "mse": 1.1317418696923218, "n_train": 131, "total_trial_count": 225980, "average_trial_count": 1725.0381679389313}