{"total_time": 110542.57527065277, "mse": 1.2048158485142817, "n_train": 202, "total_trial_count": 360126, "average_trial_count": 1782.8019801980197}