{"total_time": 49846.29964876175, "mse": 0.6589526022368156, "n_train": 98, "total_trial_count": 168714, "average_trial_count": 1721.5714285714287}