{"total_time": 131614.82090878487, "mse": 1.5966854737753733, "n_train": 232, "total_trial_count": 421385, "average_trial_count": 1816.3146551724137}