{"total_time": 22804.15536904335, "mse": 0.449978750817848, "n_train": 45, "total_trial_count": 78314, "average_trial_count": 1740.3111111111111}