{"total_time": 122324.86086797714, "mse": 1.4516490249857443, "n_train": 218, "total_trial_count": 394093, "average_trial_count": 1807.7660550458716}