{"total_time": 70259.12256979942, "mse": 1.092598789453256, "n_train": 137, "total_trial_count": 235595, "average_trial_count": 1719.6715328467153}