{"total_time": 21146.788345575333, "mse": 0.4820820985240581, "n_train": 42, "total_trial_count": 72683, "average_trial_count": 1730.547619047619}