{"total_time": 14818.185233831406, "mse": 0.675147781624279, "n_train": 29, "total_trial_count": 50631, "average_trial_count": 1745.896551724138}