{"total_time": 61101.5912232399, "mse": 1.2393794417057045, "n_train": 119, "total_trial_count": 205177, "average_trial_count": 1724.1764705882354}