{"total_time": 116842.01432204247, "mse": 1.3495498299665547, "n_train": 210, "total_trial_count": 377826, "average_trial_count": 1799.1714285714286}