{"total_time": 6533.717803478241, "mse": 1.0496984373316753, "n_train": 13, "total_trial_count": 22745, "average_trial_count": 1749.6153846153845}