{"total_time": 8382.793239831924, "mse": 0.9664818811143171, "n_train": 16, "total_trial_count": 28701, "average_trial_count": 1793.8125}