{"total_time": 140874.54266142845, "mse": 1.9051343775938079, "n_train": 244, "total_trial_count": 447204, "average_trial_count": 1832.8032786885246}