{"total_time": 75255.54432988167, "mse": 1.0372103253555727, "n_train": 146, "total_trial_count": 252113, "average_trial_count": 1726.8013698630136}