{"total_time": 49234.28875184059, "mse": 0.6189392722951802, "n_train": 96, "total_trial_count": 166197, "average_trial_count": 1731.21875}