{"total_time": 79467.58041977882, "mse": 1.0048139701924312, "n_train": 151, "total_trial_count": 263829, "average_trial_count": 1747.2119205298013}