{"total_time": 55187.7018558979, "mse": 0.9135605044424223, "n_train": 108, "total_trial_count": 185723, "average_trial_count": 1719.6574074074074}