{"total_time": 90913.3418803215, "mse": 0.9468725859408191, "n_train": 172, "total_trial_count": 301050, "average_trial_count": 1750.2906976744187}