{"total_time": 91386.24373793602, "mse": 0.9501632143596982, "n_train": 173, "total_trial_count": 302753, "average_trial_count": 1750.0173410404625}