{"total_time": 2738.276736021042, "mse": 1.2347664911634162, "n_train": 7, "total_trial_count": 10550, "average_trial_count": 1507.142857142857}