{"total_time": 18482.496819734573, "mse": 0.5600182310903227, "n_train": 36, "total_trial_count": 62883, "average_trial_count": 1746.75}