{"total_time": 109004.08371829987, "mse": 1.1584006809508594, "n_train": 200, "total_trial_count": 355837, "average_trial_count": 1779.185}