{"total_time": 23633.952516317368, "mse": 0.4402774468485825, "n_train": 46, "total_trial_count": 80530, "average_trial_count": 1750.6521739130435}