{"total_time": 85016.37278151512, "mse": 0.9492772514280637, "n_train": 162, "total_trial_count": 282448, "average_trial_count": 1743.5061728395062}