{"total_time": 53530.91450500488, "mse": 0.8270786872771215, "n_train": 105, "total_trial_count": 180448, "average_trial_count": 1718.5523809523809}