{"total_time": 107027.51811361313, "mse": 1.0771308947975946, "n_train": 197, "total_trial_count": 349836, "average_trial_count": 1775.8172588832488}