{"total_time": 62109.212035894394, "mse": 1.2194407679810835, "n_train": 121, "total_trial_count": 208735, "average_trial_count": 1725.0826446280992}