{"total_time": 123177.47414946556, "mse": 1.4632200714166914, "n_train": 219, "total_trial_count": 396456, "average_trial_count": 1810.3013698630136}