{"total_time": 102415.94885706902, "mse": 0.9002506382389688, "n_train": 190, "total_trial_count": 335876, "average_trial_count": 1767.7684210526315}