{"total_time": 73463.12416434288, "mse": 1.0556642636448388, "n_train": 143, "total_trial_count": 246439, "average_trial_count": 1723.3496503496503}