{"total_time": 124905.41942310333, "mse": 1.4864880197911785, "n_train": 221, "total_trial_count": 401270, "average_trial_count": 1815.7013574660634}