{"total_time": 50280.87460184097, "mse": 0.6802428092513051, "n_train": 99, "total_trial_count": 170359, "average_trial_count": 1720.79797979798}