{"total_time": 24174.558223485947, "mse": 0.43107270044251267, "n_train": 47, "total_trial_count": 82296, "average_trial_count": 1750.9787234042553}