{"total_time": 1712.0976393222809, "mse": 1.3003828107384383, "n_train": 5, "total_trial_count": 7325, "average_trial_count": 1465}