{"total_time": 34700.977112054825, "mse": 0.35082573135512185, "n_train": 68, "total_trial_count": 117520, "average_trial_count": 1728.235294117647}