{"total_time": 111604.85530114174, "mse": 1.2258749050898563, "n_train": 203, "total_trial_count": 362611, "average_trial_count": 1786.2610837438424}