{"total_time": 136294.31383633614, "mse": 1.719191124679685, "n_train": 238, "total_trial_count": 434079, "average_trial_count": 1823.861344537815}