{"total_time": 77926.76552343369, "mse": 1.0170034008962445, "n_train": 149, "total_trial_count": 259444, "average_trial_count": 1741.234899328859}