{"total_time": 29700.202224493027, "mse": 0.358963976947748, "n_train": 59, "total_trial_count": 101590, "average_trial_count": 1721.864406779661}