{"total_time": 8743.317480325699, "mse": 0.9401492478099447, "n_train": 17, "total_trial_count": 30115, "average_trial_count": 1771.4705882352941}