{"total_time": 715.8183975219727, "mse": 1.386025814763243, "n_train": 2, "total_trial_count": 3073, "average_trial_count": 1536.5}