{"total_time": 53400.802362680435, "mse": 0.8002622282903922, "n_train": 104, "total_trial_count": 179626, "average_trial_count": 1727.173076923077}