{"total_time": 31156.003172159195, "mse": 0.35373326882707073, "n_train": 61, "total_trial_count": 105781, "average_trial_count": 1734.1147540983607}