{"total_time": 3595.8316917419434, "mse": 1.202309524575068, "n_train": 8, "total_trial_count": 13038, "average_trial_count": 1629.75}