{"total_time": 117539.90528440475, "mse": 1.362947375685717, "n_train": 211, "total_trial_count": 379928, "average_trial_count": 1800.60663507109}