{"total_time": 15556.231323480606, "mse": 0.6570152009302345, "n_train": 30, "total_trial_count": 52905, "average_trial_count": 1763.5}