{"total_time": 96805.48167037964, "mse": 0.9359357646735321, "n_train": 182, "total_trial_count": 319409, "average_trial_count": 1754.9945054945056}