{"total_time": 142487.20870685577, "mse": 2.085909725810226, "n_train": 246, "total_trial_count": 451915, "average_trial_count": 1837.0528455284552}