{"total_time": 61609.88946580887, "mse": 1.2292832397393454, "n_train": 120, "total_trial_count": 207012, "average_trial_count": 1725.1}