{"total_time": 1293.6121928691864, "mse": 1.33244156241004, "n_train": 4, "total_trial_count": 5648, "average_trial_count": 1412}