{"total_time": 121318.51636838913, "mse": 1.4257071059091164, "n_train": 216, "total_trial_count": 390753, "average_trial_count": 1809.0416666666667}