{"total_time": 27106.90793609619, "mse": 0.3861890395505296, "n_train": 53, "total_trial_count": 92125, "average_trial_count": 1738.2075471698113}