{"total_time": 44445.2791724205, "mse": 0.45373643816367154, "n_train": 85, "total_trial_count": 148487, "average_trial_count": 1746.9058823529413}