{"total_time": 132773.51722073555, "mse": 1.6107469006753354, "n_train": 233, "total_trial_count": 423854, "average_trial_count": 1819.1158798283261}