{"total_time": 88622.01576042175, "mse": 0.9407806523449721, "n_train": 169, "total_trial_count": 294456, "average_trial_count": 1742.3431952662722}