{"total_time": 84517.14604282379, "mse": 0.9564838177742498, "n_train": 160, "total_trial_count": 280130, "average_trial_count": 1750.8125}