{"total_time": 135031.94787669182, "mse": 1.677719069397497, "n_train": 236, "total_trial_count": 430223, "average_trial_count": 1822.9788135593221}