{"total_time": 74461.86375832558, "mse": 1.0443119191913368, "n_train": 145, "total_trial_count": 249879, "average_trial_count": 1723.3034482758621}