{"total_time": 128748.8402338028, "mse": 1.5380863122752555, "n_train": 226, "total_trial_count": 411855, "average_trial_count": 1822.367256637168}