{"total_time": 43305.593356370926, "mse": 0.432770904819738, "n_train": 83, "total_trial_count": 144777, "average_trial_count": 1744.301204819277}