{"total_time": 84724.22428202629, "mse": 0.9526531616196776, "n_train": 161, "total_trial_count": 281160, "average_trial_count": 1746.3354037267081}