{"total_time": 106454.35097694397, "mse": 1.0508454789616066, "n_train": 196, "total_trial_count": 347969, "average_trial_count": 1775.3520408163265}