{"total_time": 92323.0453555584, "mse": 0.9528468929104962, "n_train": 175, "total_trial_count": 306102, "average_trial_count": 1749.1542857142856}