{"total_time": 112401.30892586708, "mse": 1.2455780937668486, "n_train": 204, "total_trial_count": 364958, "average_trial_count": 1789.0098039215686}