{"total_time": 51485.32748413086, "mse": 0.7494737265688518, "n_train": 102, "total_trial_count": 174809, "average_trial_count": 1713.813725490196}