{"total_time": 103388.95483756065, "mse": 0.9252024273376047, "n_train": 191, "total_trial_count": 338338, "average_trial_count": 1771.4031413612565}