{"total_time": 108119.16100502014, "mse": 1.1329264130392716, "n_train": 199, "total_trial_count": 353367, "average_trial_count": 1775.713567839196}