{"total_time": 32585.907896518707, "mse": 0.34947487941112, "n_train": 64, "total_trial_count": 110533, "average_trial_count": 1727.078125}