{"total_time": 67956.83302497864, "mse": 1.1244150207514492, "n_train": 132, "total_trial_count": 227671, "average_trial_count": 1724.780303030303}