{"total_time": 4175.861241102219, "mse": 1.1704286842999179, "n_train": 9, "total_trial_count": 14984, "average_trial_count": 1664.888888888889}