{"total_time": 79817.01442480087, "mse": 0.999051871704023, "n_train": 152, "total_trial_count": 265247, "average_trial_count": 1745.046052631579}