{"total_time": 44996.60941338539, "mse": 0.4652058613200095, "n_train": 86, "total_trial_count": 150268, "average_trial_count": 1747.3023255813953}