{"total_time": 18969.033012628555, "mse": 0.5457356556628593, "n_train": 37, "total_trial_count": 64608, "average_trial_count": 1746.162162162162}