{"total_time": 317.43024945259094, "mse": 1.4256810151922705, "n_train": 1, "total_trial_count": 1447, "average_trial_count": 1447}