{"total_time": 82461.99262022972, "mse": 0.9757684361053487, "n_train": 156, "total_trial_count": 273246, "average_trial_count": 1751.576923076923}