{"total_time": 101688.50563979149, "mse": 0.9048438066729584, "n_train": 189, "total_trial_count": 333677, "average_trial_count": 1765.4867724867725}