{"total_time": 130950.40312433243, "mse": 1.5676534061373404, "n_train": 229, "total_trial_count": 418115, "average_trial_count": 1825.8296943231442}