{"total_time": 65111.445982694626, "mse": 1.1641384817041764, "n_train": 127, "total_trial_count": 218690, "average_trial_count": 1721.9685039370079}