{"total_time": 58866.37091898918, "mse": 1.1103632540989263, "n_train": 114, "total_trial_count": 197243, "average_trial_count": 1730.201754385965}