{"total_time": 95760.55257725716, "mse": 0.9461804945287592, "n_train": 180, "total_trial_count": 315843, "average_trial_count": 1754.6833333333334}