{"total_time": 5885.32524561882, "mse": 1.0789050049401483, "n_train": 12, "total_trial_count": 20671, "average_trial_count": 1722.5833333333333}