{"total_time": 125925.80300951004, "mse": 1.496827733048167, "n_train": 222, "total_trial_count": 403652, "average_trial_count": 1818.2522522522522}