{"total_time": 13488.137790203094, "mse": 0.7330145557121077, "n_train": 26, "total_trial_count": 45812, "average_trial_count": 1762}