{"total_time": 20906.650952339172, "mse": 0.49379076700850644, "n_train": 41, "total_trial_count": 71491, "average_trial_count": 1743.6829268292684}