{"total_time": 38765.481935977936, "mse": 0.37867552490213247, "n_train": 76, "total_trial_count": 131240, "average_trial_count": 1726.842105263158}