{"total_time": 84192.22388482094, "mse": 0.9607399235836286, "n_train": 159, "total_trial_count": 278747, "average_trial_count": 1753.125786163522}