{"total_time": 68279.89097309113, "mse": 1.1174214671140188, "n_train": 133, "total_trial_count": 228976, "average_trial_count": 1721.624060150376}