{"total_time": 113201.86726617813, "mse": 1.2658562753770972, "n_train": 205, "total_trial_count": 367292, "average_trial_count": 1791.668292682927}