{"total_time": 131270.74764060974, "mse": 1.5766946891893623, "n_train": 230, "total_trial_count": 419436, "average_trial_count": 1823.6347826086956}