{"total_time": 86877.07330608368, "mse": 0.940898398451788, "n_train": 166, "total_trial_count": 288823, "average_trial_count": 1739.8975903614457}