{"total_time": 10921.618905305862, "mse": 0.8416257497679477, "n_train": 21, "total_trial_count": 37155, "average_trial_count": 1769.2857142857142}