{"total_time": 60374.227912187576, "mse": 1.2497129317305329, "n_train": 118, "total_trial_count": 203123, "average_trial_count": 1721.3813559322034}