{"total_time": 87769.89145874977, "mse": 0.9401745143028845, "n_train": 168, "total_trial_count": 292173, "average_trial_count": 1739.125}