{"total_time": 90463.66465067863, "mse": 0.9441087471077979, "n_train": 171, "total_trial_count": 299427, "average_trial_count": 1751.0350877192982}