{"total_time": 32221.592251062393, "mse": 0.3503973727843785, "n_train": 63, "total_trial_count": 109046, "average_trial_count": 1730.888888888889}