{"total_time": 140311.84213232994, "mse": 1.8442908791853578, "n_train": 243, "total_trial_count": 445291, "average_trial_count": 1832.4732510288065}