{"total_time": 116534.03042531013, "mse": 1.3351309468163441, "n_train": 209, "total_trial_count": 376557, "average_trial_count": 1801.7081339712918}