{"total_time": 46541.15285158157, "mse": 0.5037240661505813, "n_train": 89, "total_trial_count": 155556, "average_trial_count": 1747.8202247191011}