{"total_time": 13988.63636636734, "mse": 0.7131411166048756, "n_train": 27, "total_trial_count": 47540, "average_trial_count": 1760.7407407407406}