{"total_time": 20435.581624507904, "mse": 0.5060073735009192, "n_train": 40, "total_trial_count": 69787, "average_trial_count": 1744.675}