{"total_time": 71883.2729935646, "mse": 1.0735409538219902, "n_train": 140, "total_trial_count": 241003, "average_trial_count": 1721.45}