{"total_time": 127822.81844830513, "mse": 1.527019086986102, "n_train": 225, "total_trial_count": 409491, "average_trial_count": 1819.96}