{"total_time": 59563.75668096542, "mse": 1.179180089498647, "n_train": 116, "total_trial_count": 200092, "average_trial_count": 1724.9310344827586}