{"total_time": 67068.73177409172, "mse": 1.1393878224002116, "n_train": 130, "total_trial_count": 224454, "average_trial_count": 1726.5692307692307}