{"total_time": 39677.927882909775, "mse": 0.3846261872367889, "n_train": 77, "total_trial_count": 133726, "average_trial_count": 1736.7012987012988}