{"total_time": 45296.17140841484, "mse": 0.4773551360473266, "n_train": 87, "total_trial_count": 151623, "average_trial_count": 1742.7931034482758}