{"total_time": 58399.732946395874, "mse": 1.0761512273181224, "n_train": 113, "total_trial_count": 195469, "average_trial_count": 1729.8141592920354}