{"total_time": 98750.1412756443, "mse": 0.9214249268228222, "n_train": 185, "total_trial_count": 325121, "average_trial_count": 1757.4108108108107}