{"total_time": 28589.898136138916, "mse": 0.3703599084892885, "n_train": 56, "total_trial_count": 97276, "average_trial_count": 1737.0714285714287}