{"total_time": 42284.80821228027, "mse": 0.4143100420904517, "n_train": 81, "total_trial_count": 141283, "average_trial_count": 1744.2345679012346}