{"total_time": 143330.26922297478, "mse": 2.302869979286799, "n_train": 248, "total_trial_count": 455145, "average_trial_count": 1835.2620967741937}