{"total_time": 80731.12793183327, "mse": 0.9935332223435428, "n_train": 153, "total_trial_count": 267736, "average_trial_count": 1749.9084967320262}