{"total_time": 65390.74093222618, "mse": 1.1555974045727027, "n_train": 128, "total_trial_count": 219950, "average_trial_count": 1718.359375}