{"total_time": 57448.661719083786, "mse": 1.0431497129998497, "n_train": 112, "total_trial_count": 193120, "average_trial_count": 1724.2857142857142}