{"total_time": 882.5709190368652, "mse": 1.3624682196336446, "n_train": 3, "total_trial_count": 4054, "average_trial_count": 1351.3333333333333}