{"total_time": 138220.05598521233, "mse": 1.7605507431435483, "n_train": 240, "total_trial_count": 438908, "average_trial_count": 1828.7833333333333}