{"total_time": 32067.266996383667, "mse": 0.35181343410978694, "n_train": 62, "total_trial_count": 108171, "average_trial_count": 1744.6935483870968}