{"total_time": 17588.08135867119, "mse": 0.5901660420460648, "n_train": 34, "total_trial_count": 59602, "average_trial_count": 1753}