{"total_time": 47479.657499074936, "mse": 0.532879764378739, "n_train": 91, "total_trial_count": 158984, "average_trial_count": 1747.076923076923}