{"total_time": 10166.90498161316, "mse": 0.865247943560106, "n_train": 20, "total_trial_count": 34862, "average_trial_count": 1743.1}