{"total_time": 35982.262454748154, "mse": 0.35458468496002754, "n_train": 70, "total_trial_count": 121507, "average_trial_count": 1735.8142857142857}