{"total_time": 69187.75224113464, "mse": 1.110774100325886, "n_train": 134, "total_trial_count": 231321, "average_trial_count": 1726.2761194029852}