{"total_time": 109577.481705904, "mse": 1.1823442918158877, "n_train": 201, "total_trial_count": 357637, "average_trial_count": 1779.2885572139303}