{"total_time": 16408.787314414978, "mse": 0.6224741333312575, "n_train": 32, "total_trial_count": 56062, "average_trial_count": 1751.9375}