{"total_time": 134160.2850792408, "mse": 1.6564107871973353, "n_train": 235, "total_trial_count": 427782, "average_trial_count": 1820.3489361702127}