{"total_time": 29400.845146417618, "mse": 0.362264017149796, "n_train": 58, "total_trial_count": 100268, "average_trial_count": 1728.7586206896551}