{"total_time": 33855.664338588715, "mse": 0.3497240294616638, "n_train": 67, "total_trial_count": 115301, "average_trial_count": 1720.910447761194}