{"total_time": 48488.84895324707, "mse": 0.5821677278365966, "n_train": 94, "total_trial_count": 163295, "average_trial_count": 1737.1808510638298}