{"total_time": 54721.74692249298, "mse": 0.8837068713592503, "n_train": 107, "total_trial_count": 184164, "average_trial_count": 1721.1588785046729}