{"total_time": 114730.7032957077, "mse": 1.3029020314247348, "n_train": 207, "total_trial_count": 371664, "average_trial_count": 1795.4782608695652}