{"total_time": 12240.050969362259, "mse": 0.7963216573805589, "n_train": 23, "total_trial_count": 41232, "average_trial_count": 1792.695652173913}