{"total_time": 32941.06093239784, "mse": 0.3490525522990691, "n_train": 65, "total_trial_count": 111990, "average_trial_count": 1722.923076923077}