{"total_time": 19656.14320540428, "mse": 0.5319757309944485, "n_train": 38, "total_trial_count": 66678, "average_trial_count": 1754.6842105263158}