{"total_time": 49335.25772500038, "mse": 0.6385250883563345, "n_train": 97, "total_trial_count": 166911, "average_trial_count": 1720.7319587628865}