{"total_time": 2035.2326483726501, "mse": 1.2676139913395645, "n_train": 6, "total_trial_count": 8671, "average_trial_count": 1445.1666666666667}