{"total_time": 46079.88268208504, "mse": 0.4901953948951372, "n_train": 88, "total_trial_count": 153886, "average_trial_count": 1748.7045454545455}