{"total_time": 52336.75275802612, "mse": 0.7744020746256581, "n_train": 103, "total_trial_count": 177200, "average_trial_count": 1720.388349514563}