{"total_time": 139628.20014095306, "mse": 1.8130841360332102, "n_train": 242, "total_trial_count": 443093, "average_trial_count": 1830.9628099173553}