{"total_time": 119732.94333815575, "mse": 1.3998648096880095, "n_train": 214, "total_trial_count": 386330, "average_trial_count": 1805.2803738317757}