{"total_time": 76188.34324169159, "mse": 1.030264226347997, "n_train": 147, "total_trial_count": 254603, "average_trial_count": 1731.9931972789116}