{"total_time": 47802.83848237991, "mse": 0.5485429044943647, "n_train": 92, "total_trial_count": 160369, "average_trial_count": 1743.141304347826}