{"total_time": 38429.19817829132, "mse": 0.37328892123189605, "n_train": 75, "total_trial_count": 129955, "average_trial_count": 1732.7333333333333}