{"total_time": 14435.02593946457, "mse": 0.6938474370852131, "n_train": 28, "total_trial_count": 49183, "average_trial_count": 1756.5357142857142}