{"total_time": 17346.78350687027, "mse": 0.6060484399020711, "n_train": 33, "total_trial_count": 58490, "average_trial_count": 1772.4242424242425}