{"total_time": 25931.98855113983, "mse": 0.4064207850682169, "n_train": 50, "total_trial_count": 87703, "average_trial_count": 1754.06}