{"total_time": 15808.713513851166, "mse": 0.6394604562260185, "n_train": 31, "total_trial_count": 54121, "average_trial_count": 1745.8387096774193}