{"total_time": 100975.75826120377, "mse": 0.9086533780741073, "n_train": 188, "total_trial_count": 331555, "average_trial_count": 1763.590425531915}