{"total_time": 59900.437262773514, "mse": 1.2137898989689766, "n_train": 117, "total_trial_count": 201430, "average_trial_count": 1721.6239316239316}