{"total_time": 83120.66650438309, "mse": 0.970412429142366, "n_train": 157, "total_trial_count": 275289, "average_trial_count": 1753.4331210191083}