{"total_time": 33257.90487861633, "mse": 0.3491344153562803, "n_train": 66, "total_trial_count": 113310, "average_trial_count": 1716.8181818181818}