{"total_time": 106120.44434905052, "mse": 1.0229093285227173, "n_train": 195, "total_trial_count": 346582, "average_trial_count": 1777.3435897435897}