{"total_time": 26509.855598688126, "mse": 0.3991879320082564, "n_train": 51, "total_trial_count": 89586, "average_trial_count": 1756.5882352941176}