{"total_time": 64299.555654764175, "mse": 1.1729540191481507, "n_train": 126, "total_trial_count": 216539, "average_trial_count": 1718.563492063492}