{
    "soc_min": 2,
    "soc_max": 98,
    "r1": 0.014556780726521404,
    "c1": 260425.6367885171,
    "ir_a": 0.00010204950976271327,
    "ir_b": 0.15037223421083382,
    "ir_c": 0.0018074206745973434,
    "ir_d": 0.09907953391977599,
    "ir_e": 0.9997140818347747,
    "no_cells": 14,
    "cell_temp_init": 42.73085952667958,
    "amb_temp_celsius": 34.00619821028513,
    "bat_cell_cap": 66.0,
    "sohc_init_1": 54.09184104972887,
    "sohc_init_2": 54.09184104972887,
    "sohc_init_3": 54.09184104972887,
    "sohc_init_4": 54.09184104972887,
    "sohc_init_5": 54.09184104972887,
    "sohc_init_6": 54.09184104972887,
    "sohc_init_7": 54.09184104972887,
    "sohc_init_8": 54.09184104972887,
    "sohc_init_9": 54.09184104972887,
    "sohc_init_10": 54.09184104972887,
    "sohc_init_11": 54.09184104972887,
    "sohc_init_12": 54.09184104972887,
    "sohc_init_13": 54.09184104972887,
    "sohc_init_14": 54.09184104972887,
    "sohr_init_1": 1.7375124370805755,
    "sohr_init_2": 1.7375124370805755,
    "sohr_init_3": 1.7375124370805755,
    "sohr_init_4": 1.7375124370805755,
    "sohr_init_5": 1.7375124370805755,
    "sohr_init_6": 1.7375124370805755,
    "sohr_init_7": 1.7375124370805755,
    "sohr_init_8": 1.7375124370805755,
    "sohr_init_9": 1.7375124370805755,
    "sohr_init_10": 1.7375124370805755,
    "sohr_init_11": 1.7375124370805755,
    "sohr_init_12": 1.7375124370805755,
    "sohr_init_13": 1.7375124370805755,
    "sohr_init_14": 1.7375124370805755,
    "soc_init_1": 40.69312499424041,
    "soc_init_2": 40.69312499424041,
    "soc_init_3": 40.69312499424041,
    "soc_init_4": 40.69312499424041,
    "soc_init_5": 40.69312499424041,
    "soc_init_6": 40.69312499424041,
    "soc_init_7": 40.69312499424041,
    "soc_init_8": 40.69312499424041,
    "soc_init_9": 40.69312499424041,
    "soc_init_10": 40.69312499424041,
    "soc_init_11": 40.69312499424041,
    "soc_init_12": 40.69312499424041,
    "soc_init_13": 40.69312499424041,
    "soc_init_14": 40.69312499424041,
    "cost": 2.837689729767068e-10,
    "device": "bPB00055",
    "cycle_start_time": "2022-08-25T16:39:17+00:00"
}