{
    "soc_min": 2,
    "soc_max": 98,
    "r1": 0.014556780726521404,
    "c1": 260425.6367885171,
    "ir_a": 0.00010204950976271327,
    "ir_b": 0.15037223421083382,
    "ir_c": 0.0018074206745973434,
    "ir_d": 0.09907953391977599,
    "ir_e": 0.9997140818347747,
    "no_cells": 14,
    "cell_temp_init": 42.73085952667958,
    "amb_temp_celsius": 34.00619821028513,
    "bat_cell_cap": 66.0,
    "sohc_init_1": 55.13907544101217,
    "sohc_init_2": 55.13907544101217,
    "sohc_init_3": 55.13907544101217,
    "sohc_init_4": 55.13907544101217,
    "sohc_init_5": 55.13907544101217,
    "sohc_init_6": 55.13907544101217,
    "sohc_init_7": 55.13907544101217,
    "sohc_init_8": 55.13907544101217,
    "sohc_init_9": 55.13907544101217,
    "sohc_init_10": 55.13907544101217,
    "sohc_init_11": 55.13907544101217,
    "sohc_init_12": 55.13907544101217,
    "sohc_init_13": 55.13907544101217,
    "sohc_init_14": 55.13907544101217,
    "sohr_init_1": 1.732409394262007,
    "sohr_init_2": 1.732409394262007,
    "sohr_init_3": 1.732409394262007,
    "sohr_init_4": 1.732409394262007,
    "sohr_init_5": 1.732409394262007,
    "sohr_init_6": 1.732409394262007,
    "sohr_init_7": 1.732409394262007,
    "sohr_init_8": 1.732409394262007,
    "sohr_init_9": 1.732409394262007,
    "sohr_init_10": 1.732409394262007,
    "sohr_init_11": 1.732409394262007,
    "sohr_init_12": 1.732409394262007,
    "sohr_init_13": 1.732409394262007,
    "sohr_init_14": 1.732409394262007,
    "soc_init_1": 36.98371634569776,
    "soc_init_2": 36.98371634569776,
    "soc_init_3": 36.98371634569776,
    "soc_init_4": 36.98371634569776,
    "soc_init_5": 36.98371634569776,
    "soc_init_6": 36.98371634569776,
    "soc_init_7": 36.98371634569776,
    "soc_init_8": 36.98371634569776,
    "soc_init_9": 36.98371634569776,
    "soc_init_10": 36.98371634569776,
    "soc_init_11": 36.98371634569776,
    "soc_init_12": 36.98371634569776,
    "soc_init_13": 36.98371634569776,
    "soc_init_14": 36.98371634569776,
    "cost": 0.0006510383636028623,
    "device": "bPB00055",
    "cycle_start_time": "2022-08-16T22:55:00+00:00"
}