{
    "soc_min": 2,
    "soc_max": 98,
    "r1": 0.014556780726521404,
    "c1": 260425.6367885171,
    "ir_a": 0.00010204950976271327,
    "ir_b": 0.15037223421083382,
    "ir_c": 0.0018074206745973434,
    "ir_d": 0.09907953391977599,
    "ir_e": 0.9997140818347747,
    "no_cells": 14,
    "cell_temp_init": 42.73085952667958,
    "amb_temp_celsius": 34.00619821028513,
    "bat_cell_cap": 66.0,
    "sohc_init_1": 59.89067967430344,
    "sohc_init_2": 59.89067967430344,
    "sohc_init_3": 59.89067967430344,
    "sohc_init_4": 59.89067967430344,
    "sohc_init_5": 59.89067967430344,
    "sohc_init_6": 59.89067967430344,
    "sohc_init_7": 59.89067967430344,
    "sohc_init_8": 59.89067967430344,
    "sohc_init_9": 59.89067967430344,
    "sohc_init_10": 59.89067967430344,
    "sohc_init_11": 59.89067967430344,
    "sohc_init_12": 59.89067967430344,
    "sohc_init_13": 59.89067967430344,
    "sohc_init_14": 59.89067967430344,
    "sohr_init_1": 1.5808653354951938,
    "sohr_init_2": 1.5808653354951938,
    "sohr_init_3": 1.5808653354951938,
    "sohr_init_4": 1.5808653354951938,
    "sohr_init_5": 1.5808653354951938,
    "sohr_init_6": 1.5808653354951938,
    "sohr_init_7": 1.5808653354951938,
    "sohr_init_8": 1.5808653354951938,
    "sohr_init_9": 1.5808653354951938,
    "sohr_init_10": 1.5808653354951938,
    "sohr_init_11": 1.5808653354951938,
    "sohr_init_12": 1.5808653354951938,
    "sohr_init_13": 1.5808653354951938,
    "sohr_init_14": 1.5808653354951938,
    "soc_init_1": 8.186463965910866,
    "soc_init_2": 8.186463965910866,
    "soc_init_3": 8.186463965910866,
    "soc_init_4": 8.186463965910866,
    "soc_init_5": 8.186463965910866,
    "soc_init_6": 8.186463965910866,
    "soc_init_7": 8.186463965910866,
    "soc_init_8": 8.186463965910866,
    "soc_init_9": 8.186463965910866,
    "soc_init_10": 8.186463965910866,
    "soc_init_11": 8.186463965910866,
    "soc_init_12": 8.186463965910866,
    "soc_init_13": 8.186463965910866,
    "soc_init_14": 8.186463965910866,
    "cost": 3.128961634019549e-05,
    "device": "bPB00055",
    "cycle_start_time": "2021-11-13T17:27:26+00:00"
}