{
    "soc_min": 2,
    "soc_max": 98,
    "r1": 0.014556780726521404,
    "c1": 260425.6367885171,
    "ir_a": 0.00010204950976271327,
    "ir_b": 0.15037223421083382,
    "ir_c": 0.0018074206745973434,
    "ir_d": 0.09907953391977599,
    "ir_e": 0.9997140818347747,
    "no_cells": 14,
    "cell_temp_init": 42.73085952667958,
    "amb_temp_celsius": 34.00619821028513,
    "bat_cell_cap": 66.0,
    "sohc_init_1": 61.85102916280322,
    "sohc_init_2": 61.85102916280322,
    "sohc_init_3": 61.85102916280322,
    "sohc_init_4": 61.85102916280322,
    "sohc_init_5": 61.85102916280322,
    "sohc_init_6": 61.85102916280322,
    "sohc_init_7": 61.85102916280322,
    "sohc_init_8": 61.85102916280322,
    "sohc_init_9": 61.85102916280322,
    "sohc_init_10": 61.85102916280322,
    "sohc_init_11": 61.85102916280322,
    "sohc_init_12": 61.85102916280322,
    "sohc_init_13": 61.85102916280322,
    "sohc_init_14": 61.85102916280322,
    "sohr_init_1": 1.5300531989557886,
    "sohr_init_2": 1.5300531989557886,
    "sohr_init_3": 1.5300531989557886,
    "sohr_init_4": 1.5300531989557886,
    "sohr_init_5": 1.5300531989557886,
    "sohr_init_6": 1.5300531989557886,
    "sohr_init_7": 1.5300531989557886,
    "sohr_init_8": 1.5300531989557886,
    "sohr_init_9": 1.5300531989557886,
    "sohr_init_10": 1.5300531989557886,
    "sohr_init_11": 1.5300531989557886,
    "sohr_init_12": 1.5300531989557886,
    "sohr_init_13": 1.5300531989557886,
    "sohr_init_14": 1.5300531989557886,
    "soc_init_1": 34.616074476690386,
    "soc_init_2": 34.616074476690386,
    "soc_init_3": 34.616074476690386,
    "soc_init_4": 34.616074476690386,
    "soc_init_5": 34.616074476690386,
    "soc_init_6": 34.616074476690386,
    "soc_init_7": 34.616074476690386,
    "soc_init_8": 34.616074476690386,
    "soc_init_9": 34.616074476690386,
    "soc_init_10": 34.616074476690386,
    "soc_init_11": 34.616074476690386,
    "soc_init_12": 34.616074476690386,
    "soc_init_13": 34.616074476690386,
    "soc_init_14": 34.616074476690386,
    "cost": 9.53870409539902e-06,
    "device": "bPB00055",
    "cycle_start_time": "2021-09-24T05:04:18+00:00"
}