{
    "soc_min": 2,
    "soc_max": 98,
    "r1": 0.014556780726521404,
    "c1": 260425.6367885171,
    "ir_a": 0.00010204950976271327,
    "ir_b": 0.15037223421083382,
    "ir_c": 0.0018074206745973434,
    "ir_d": 0.09907953391977599,
    "ir_e": 0.9997140818347747,
    "no_cells": 14,
    "cell_temp_init": 42.73085952667958,
    "amb_temp_celsius": 34.00619821028513,
    "bat_cell_cap": 66.0,
    "sohc_init_1": 65.73530242833158,
    "sohc_init_2": 65.73530242833158,
    "sohc_init_3": 65.73530242833158,
    "sohc_init_4": 65.73530242833158,
    "sohc_init_5": 65.73530242833158,
    "sohc_init_6": 65.73530242833158,
    "sohc_init_7": 65.73530242833158,
    "sohc_init_8": 65.73530242833158,
    "sohc_init_9": 65.73530242833158,
    "sohc_init_10": 65.73530242833158,
    "sohc_init_11": 65.73530242833158,
    "sohc_init_12": 65.73530242833158,
    "sohc_init_13": 65.73530242833158,
    "sohc_init_14": 65.73530242833158,
    "sohr_init_1": 1.42731364730079,
    "sohr_init_2": 1.42731364730079,
    "sohr_init_3": 1.42731364730079,
    "sohr_init_4": 1.42731364730079,
    "sohr_init_5": 1.42731364730079,
    "sohr_init_6": 1.42731364730079,
    "sohr_init_7": 1.42731364730079,
    "sohr_init_8": 1.42731364730079,
    "sohr_init_9": 1.42731364730079,
    "sohr_init_10": 1.42731364730079,
    "sohr_init_11": 1.42731364730079,
    "sohr_init_12": 1.42731364730079,
    "sohr_init_13": 1.42731364730079,
    "sohr_init_14": 1.42731364730079,
    "soc_init_1": 81.10430315609278,
    "soc_init_2": 81.10430315609278,
    "soc_init_3": 81.10430315609278,
    "soc_init_4": 81.10430315609278,
    "soc_init_5": 81.10430315609278,
    "soc_init_6": 81.10430315609278,
    "soc_init_7": 81.10430315609278,
    "soc_init_8": 81.10430315609278,
    "soc_init_9": 81.10430315609278,
    "soc_init_10": 81.10430315609278,
    "soc_init_11": 81.10430315609278,
    "soc_init_12": 81.10430315609278,
    "soc_init_13": 81.10430315609278,
    "soc_init_14": 81.10430315609278,
    "cost": 7.509325802240416e-12,
    "device": "bPB00055",
    "cycle_start_time": "2021-07-05T10:02:28+00:00"
}