{
    "soc_min": 2,
    "soc_max": 98,
    "r1": 0.014556780726521404,
    "c1": 260425.6367885171,
    "ir_a": 0.00010204950976271327,
    "ir_b": 0.15037223421083382,
    "ir_c": 0.0018074206745973434,
    "ir_d": 0.09907953391977599,
    "ir_e": 0.9997140818347747,
    "no_cells": 14,
    "cell_temp_init": 42.73085952667958,
    "amb_temp_celsius": 34.00619821028513,
    "bat_cell_cap": 66.0,
    "sohc_init_1": 61.2605951071331,
    "sohc_init_2": 61.2605951071331,
    "sohc_init_3": 61.2605951071331,
    "sohc_init_4": 61.2605951071331,
    "sohc_init_5": 61.2605951071331,
    "sohc_init_6": 61.2605951071331,
    "sohc_init_7": 61.2605951071331,
    "sohc_init_8": 61.2605951071331,
    "sohc_init_9": 61.2605951071331,
    "sohc_init_10": 61.2605951071331,
    "sohc_init_11": 61.2605951071331,
    "sohc_init_12": 61.2605951071331,
    "sohc_init_13": 61.2605951071331,
    "sohc_init_14": 61.2605951071331,
    "sohr_init_1": 1.5465099817325583,
    "sohr_init_2": 1.5465099817325583,
    "sohr_init_3": 1.5465099817325583,
    "sohr_init_4": 1.5465099817325583,
    "sohr_init_5": 1.5465099817325583,
    "sohr_init_6": 1.5465099817325583,
    "sohr_init_7": 1.5465099817325583,
    "sohr_init_8": 1.5465099817325583,
    "sohr_init_9": 1.5465099817325583,
    "sohr_init_10": 1.5465099817325583,
    "sohr_init_11": 1.5465099817325583,
    "sohr_init_12": 1.5465099817325583,
    "sohr_init_13": 1.5465099817325583,
    "sohr_init_14": 1.5465099817325583,
    "soc_init_1": 22.10147503809771,
    "soc_init_2": 22.10147503809771,
    "soc_init_3": 22.10147503809771,
    "soc_init_4": 22.10147503809771,
    "soc_init_5": 22.10147503809771,
    "soc_init_6": 22.10147503809771,
    "soc_init_7": 22.10147503809771,
    "soc_init_8": 22.10147503809771,
    "soc_init_9": 22.10147503809771,
    "soc_init_10": 22.10147503809771,
    "soc_init_11": 22.10147503809771,
    "soc_init_12": 22.10147503809771,
    "soc_init_13": 22.10147503809771,
    "soc_init_14": 22.10147503809771,
    "cost": 6.587574149444154e-09,
    "device": "bPB00055",
    "cycle_start_time": "2021-10-03T19:37:53+00:00"
}