{
    "soc_min": 2,
    "soc_max": 98,
    "r1": 0.014556780726521404,
    "c1": 260425.6367885171,
    "ir_a": 0.00010204950976271327,
    "ir_b": 0.15037223421083382,
    "ir_c": 0.0018074206745973434,
    "ir_d": 0.09907953391977599,
    "ir_e": 0.9997140818347747,
    "no_cells": 14,
    "cell_temp_init": 42.73085952667958,
    "amb_temp_celsius": 34.00619821028513,
    "bat_cell_cap": 66.0,
    "sohc_init_1": 52.927528689327445,
    "sohc_init_2": 52.927528689327445,
    "sohc_init_3": 52.927528689327445,
    "sohc_init_4": 52.927528689327445,
    "sohc_init_5": 52.927528689327445,
    "sohc_init_6": 52.927528689327445,
    "sohc_init_7": 52.927528689327445,
    "sohc_init_8": 52.927528689327445,
    "sohc_init_9": 52.927528689327445,
    "sohc_init_10": 52.927528689327445,
    "sohc_init_11": 52.927528689327445,
    "sohc_init_12": 52.927528689327445,
    "sohc_init_13": 52.927528689327445,
    "sohc_init_14": 52.927528689327445,
    "sohr_init_1": 1.7697728596338815,
    "sohr_init_2": 1.7697728596338815,
    "sohr_init_3": 1.7697728596338815,
    "sohr_init_4": 1.7697728596338815,
    "sohr_init_5": 1.7697728596338815,
    "sohr_init_6": 1.7697728596338815,
    "sohr_init_7": 1.7697728596338815,
    "sohr_init_8": 1.7697728596338815,
    "sohr_init_9": 1.7697728596338815,
    "sohr_init_10": 1.7697728596338815,
    "sohr_init_11": 1.7697728596338815,
    "sohr_init_12": 1.7697728596338815,
    "sohr_init_13": 1.7697728596338815,
    "sohr_init_14": 1.7697728596338815,
    "soc_init_1": 13.613159688276461,
    "soc_init_2": 13.613159688276461,
    "soc_init_3": 13.613159688276461,
    "soc_init_4": 13.613159688276461,
    "soc_init_5": 13.613159688276461,
    "soc_init_6": 13.613159688276461,
    "soc_init_7": 13.613159688276461,
    "soc_init_8": 13.613159688276461,
    "soc_init_9": 13.613159688276461,
    "soc_init_10": 13.613159688276461,
    "soc_init_11": 13.613159688276461,
    "soc_init_12": 13.613159688276461,
    "soc_init_13": 13.613159688276461,
    "soc_init_14": 13.613159688276461,
    "cost": 4.596238634145291e-09,
    "device": "bPB00055",
    "cycle_start_time": "2022-09-09T04:57:31+00:00"
}