{
    "soc_min": 2,
    "soc_max": 98,
    "r1": 0.014556780726521404,
    "c1": 260425.6367885171,
    "ir_a": 0.00010204950976271327,
    "ir_b": 0.15037223421083382,
    "ir_c": 0.0018074206745973434,
    "ir_d": 0.09907953391977599,
    "ir_e": 0.9997140818347747,
    "no_cells": 14,
    "cell_temp_init": 42.73085952667958,
    "amb_temp_celsius": 34.00619821028513,
    "bat_cell_cap": 66.0,
    "sohc_init_1": 62.59448280116068,
    "sohc_init_2": 62.59448280116068,
    "sohc_init_3": 62.59448280116068,
    "sohc_init_4": 62.59448280116068,
    "sohc_init_5": 62.59448280116068,
    "sohc_init_6": 62.59448280116068,
    "sohc_init_7": 62.59448280116068,
    "sohc_init_8": 62.59448280116068,
    "sohc_init_9": 62.59448280116068,
    "sohc_init_10": 62.59448280116068,
    "sohc_init_11": 62.59448280116068,
    "sohc_init_12": 62.59448280116068,
    "sohc_init_13": 62.59448280116068,
    "sohc_init_14": 62.59448280116068,
    "sohr_init_1": 1.5088378992017137,
    "sohr_init_2": 1.5088378992017137,
    "sohr_init_3": 1.5088378992017137,
    "sohr_init_4": 1.5088378992017137,
    "sohr_init_5": 1.5088378992017137,
    "sohr_init_6": 1.5088378992017137,
    "sohr_init_7": 1.5088378992017137,
    "sohr_init_8": 1.5088378992017137,
    "sohr_init_9": 1.5088378992017137,
    "sohr_init_10": 1.5088378992017137,
    "sohr_init_11": 1.5088378992017137,
    "sohr_init_12": 1.5088378992017137,
    "sohr_init_13": 1.5088378992017137,
    "sohr_init_14": 1.5088378992017137,
    "soc_init_1": 16.081363751206432,
    "soc_init_2": 16.081363751206432,
    "soc_init_3": 16.081363751206432,
    "soc_init_4": 16.081363751206432,
    "soc_init_5": 16.081363751206432,
    "soc_init_6": 16.081363751206432,
    "soc_init_7": 16.081363751206432,
    "soc_init_8": 16.081363751206432,
    "soc_init_9": 16.081363751206432,
    "soc_init_10": 16.081363751206432,
    "soc_init_11": 16.081363751206432,
    "soc_init_12": 16.081363751206432,
    "soc_init_13": 16.081363751206432,
    "soc_init_14": 16.081363751206432,
    "cost": 5.438180170226095e-10,
    "device": "bPB00055",
    "cycle_start_time": "2021-09-10T19:41:27+00:00"
}