{
    "soc_min": 2,
    "soc_max": 98,
    "r1": 0.014556780726521404,
    "c1": 260425.6367885171,
    "ir_a": 0.00010204950976271327,
    "ir_b": 0.15037223421083382,
    "ir_c": 0.0018074206745973434,
    "ir_d": 0.09907953391977599,
    "ir_e": 0.9997140818347747,
    "no_cells": 14,
    "cell_temp_init": 42.73085952667958,
    "amb_temp_celsius": 34.00619821028513,
    "bat_cell_cap": 66.0,
    "sohc_init_1": 65.23871793247662,
    "sohc_init_2": 65.23871793247662,
    "sohc_init_3": 65.23871793247662,
    "sohc_init_4": 65.23871793247662,
    "sohc_init_5": 65.23871793247662,
    "sohc_init_6": 65.23871793247662,
    "sohc_init_7": 65.23871793247662,
    "sohc_init_8": 65.23871793247662,
    "sohc_init_9": 65.23871793247662,
    "sohc_init_10": 65.23871793247662,
    "sohc_init_11": 65.23871793247662,
    "sohc_init_12": 65.23871793247662,
    "sohc_init_13": 65.23871793247662,
    "sohc_init_14": 65.23871793247662,
    "sohr_init_1": 1.440484075486994,
    "sohr_init_2": 1.440484075486994,
    "sohr_init_3": 1.440484075486994,
    "sohr_init_4": 1.440484075486994,
    "sohr_init_5": 1.440484075486994,
    "sohr_init_6": 1.440484075486994,
    "sohr_init_7": 1.440484075486994,
    "sohr_init_8": 1.440484075486994,
    "sohr_init_9": 1.440484075486994,
    "sohr_init_10": 1.440484075486994,
    "sohr_init_11": 1.440484075486994,
    "sohr_init_12": 1.440484075486994,
    "sohr_init_13": 1.440484075486994,
    "sohr_init_14": 1.440484075486994,
    "soc_init_1": 21.57692457629396,
    "soc_init_2": 21.57692457629396,
    "soc_init_3": 21.57692457629396,
    "soc_init_4": 21.57692457629396,
    "soc_init_5": 21.57692457629396,
    "soc_init_6": 21.57692457629396,
    "soc_init_7": 21.57692457629396,
    "soc_init_8": 21.57692457629396,
    "soc_init_9": 21.57692457629396,
    "soc_init_10": 21.57692457629396,
    "soc_init_11": 21.57692457629396,
    "soc_init_12": 21.57692457629396,
    "soc_init_13": 21.57692457629396,
    "soc_init_14": 21.57692457629396,
    "cost": 4.7132213789763186e-12,
    "device": "bPB00055",
    "cycle_start_time": "2021-07-21T07:21:01+00:00"
}