{
    "soc_min": 2,
    "soc_max": 98,
    "r1": 0.014556780726521404,
    "c1": 260425.6367885171,
    "ir_a": 0.00010204950976271327,
    "ir_b": 0.15037223421083382,
    "ir_c": 0.0018074206745973434,
    "ir_d": 0.09907953391977599,
    "ir_e": 0.9997140818347747,
    "no_cells": 14,
    "cell_temp_init": 42.73085952667958,
    "amb_temp_celsius": 34.00619821028513,
    "bat_cell_cap": 66.0,
    "sohc_init_1": 52.88462077149495,
    "sohc_init_2": 52.88462077149495,
    "sohc_init_3": 52.88462077149495,
    "sohc_init_4": 52.88462077149495,
    "sohc_init_5": 52.88462077149495,
    "sohc_init_6": 52.88462077149495,
    "sohc_init_7": 52.88462077149495,
    "sohc_init_8": 52.88462077149495,
    "sohc_init_9": 52.88462077149495,
    "sohc_init_10": 52.88462077149495,
    "sohc_init_11": 52.88462077149495,
    "sohc_init_12": 52.88462077149495,
    "sohc_init_13": 52.88462077149495,
    "sohc_init_14": 52.88462077149495,
    "sohr_init_1": 1.770174753522069,
    "sohr_init_2": 1.770174753522069,
    "sohr_init_3": 1.770174753522069,
    "sohr_init_4": 1.770174753522069,
    "sohr_init_5": 1.770174753522069,
    "sohr_init_6": 1.770174753522069,
    "sohr_init_7": 1.770174753522069,
    "sohr_init_8": 1.770174753522069,
    "sohr_init_9": 1.770174753522069,
    "sohr_init_10": 1.770174753522069,
    "sohr_init_11": 1.770174753522069,
    "sohr_init_12": 1.770174753522069,
    "sohr_init_13": 1.770174753522069,
    "sohr_init_14": 1.770174753522069,
    "soc_init_1": 15.728352865413209,
    "soc_init_2": 15.728352865413209,
    "soc_init_3": 15.728352865413209,
    "soc_init_4": 15.728352865413209,
    "soc_init_5": 15.728352865413209,
    "soc_init_6": 15.728352865413209,
    "soc_init_7": 15.728352865413209,
    "soc_init_8": 15.728352865413209,
    "soc_init_9": 15.728352865413209,
    "soc_init_10": 15.728352865413209,
    "soc_init_11": 15.728352865413209,
    "soc_init_12": 15.728352865413209,
    "soc_init_13": 15.728352865413209,
    "soc_init_14": 15.728352865413209,
    "cost": 1.4726127929555825e-06,
    "device": "bPB00055",
    "cycle_start_time": "2022-09-09T11:01:48+00:00"
}