{
    "soc_min": 2,
    "soc_max": 98,
    "r1": 0.014556780726521404,
    "c1": 260425.6367885171,
    "ir_a": 0.00010204950976271327,
    "ir_b": 0.15037223421083382,
    "ir_c": 0.0018074206745973434,
    "ir_d": 0.09907953391977599,
    "ir_e": 0.9997140818347747,
    "no_cells": 14,
    "cell_temp_init": 42.73085952667958,
    "amb_temp_celsius": 34.00619821028513,
    "bat_cell_cap": 66.0,
    "sohc_init_1": 53.465376473812604,
    "sohc_init_2": 53.465376473812604,
    "sohc_init_3": 53.465376473812604,
    "sohc_init_4": 53.465376473812604,
    "sohc_init_5": 53.465376473812604,
    "sohc_init_6": 53.465376473812604,
    "sohc_init_7": 53.465376473812604,
    "sohc_init_8": 53.465376473812604,
    "sohc_init_9": 53.465376473812604,
    "sohc_init_10": 53.465376473812604,
    "sohc_init_11": 53.465376473812604,
    "sohc_init_12": 53.465376473812604,
    "sohc_init_13": 53.465376473812604,
    "sohc_init_14": 53.465376473812604,
    "sohr_init_1": 1.7545309823600692,
    "sohr_init_2": 1.7545309823600692,
    "sohr_init_3": 1.7545309823600692,
    "sohr_init_4": 1.7545309823600692,
    "sohr_init_5": 1.7545309823600692,
    "sohr_init_6": 1.7545309823600692,
    "sohr_init_7": 1.7545309823600692,
    "sohr_init_8": 1.7545309823600692,
    "sohr_init_9": 1.7545309823600692,
    "sohr_init_10": 1.7545309823600692,
    "sohr_init_11": 1.7545309823600692,
    "sohr_init_12": 1.7545309823600692,
    "sohr_init_13": 1.7545309823600692,
    "sohr_init_14": 1.7545309823600692,
    "soc_init_1": 11.013618143651467,
    "soc_init_2": 11.013618143651467,
    "soc_init_3": 11.013618143651467,
    "soc_init_4": 11.013618143651467,
    "soc_init_5": 11.013618143651467,
    "soc_init_6": 11.013618143651467,
    "soc_init_7": 11.013618143651467,
    "soc_init_8": 11.013618143651467,
    "soc_init_9": 11.013618143651467,
    "soc_init_10": 11.013618143651467,
    "soc_init_11": 11.013618143651467,
    "soc_init_12": 11.013618143651467,
    "soc_init_13": 11.013618143651467,
    "soc_init_14": 11.013618143651467,
    "cost": 7.0634487759924385e-09,
    "device": "bPB00055",
    "cycle_start_time": "2022-09-03T10:10:59+00:00"
}