{
    "soc_min": 2,
    "soc_max": 98,
    "r1": 0.014556780726521404,
    "c1": 260425.6367885171,
    "ir_a": 0.00010204950976271327,
    "ir_b": 0.15037223421083382,
    "ir_c": 0.0018074206745973434,
    "ir_d": 0.09907953391977599,
    "ir_e": 0.9997140818347747,
    "no_cells": 14,
    "cell_temp_init": 42.73085952667958,
    "amb_temp_celsius": 34.00619821028513,
    "bat_cell_cap": 66.0,
    "sohc_init_1": 48.98342424941533,
    "sohc_init_2": 48.98342424941533,
    "sohc_init_3": 48.98342424941533,
    "sohc_init_4": 48.98342424941533,
    "sohc_init_5": 48.98342424941533,
    "sohc_init_6": 48.98342424941533,
    "sohc_init_7": 48.98342424941533,
    "sohc_init_8": 48.98342424941533,
    "sohc_init_9": 48.98342424941533,
    "sohc_init_10": 48.98342424941533,
    "sohc_init_11": 48.98342424941533,
    "sohc_init_12": 48.98342424941533,
    "sohc_init_13": 48.98342424941533,
    "sohc_init_14": 48.98342424941533,
    "sohr_init_1": 1.873398975028091,
    "sohr_init_2": 1.873398975028091,
    "sohr_init_3": 1.873398975028091,
    "sohr_init_4": 1.873398975028091,
    "sohr_init_5": 1.873398975028091,
    "sohr_init_6": 1.873398975028091,
    "sohr_init_7": 1.873398975028091,
    "sohr_init_8": 1.873398975028091,
    "sohr_init_9": 1.873398975028091,
    "sohr_init_10": 1.873398975028091,
    "sohr_init_11": 1.873398975028091,
    "sohr_init_12": 1.873398975028091,
    "sohr_init_13": 1.873398975028091,
    "sohr_init_14": 1.873398975028091,
    "soc_init_1": 29.97433289601969,
    "soc_init_2": 29.97433289601969,
    "soc_init_3": 29.97433289601969,
    "soc_init_4": 29.97433289601969,
    "soc_init_5": 29.97433289601969,
    "soc_init_6": 29.97433289601969,
    "soc_init_7": 29.97433289601969,
    "soc_init_8": 29.97433289601969,
    "soc_init_9": 29.97433289601969,
    "soc_init_10": 29.97433289601969,
    "soc_init_11": 29.97433289601969,
    "soc_init_12": 29.97433289601969,
    "soc_init_13": 29.97433289601969,
    "soc_init_14": 29.97433289601969,
    "cost": 1.8917396495089256e-08,
    "device": "bPB00055",
    "cycle_start_time": "2022-11-16T10:42:01+00:00"
}