{
    "soc_min": 2,
    "soc_max": 98,
    "r1": 0.014556780726521404,
    "c1": 260425.6367885171,
    "ir_a": 0.00010204950976271327,
    "ir_b": 0.15037223421083382,
    "ir_c": 0.0018074206745973434,
    "ir_d": 0.09907953391977599,
    "ir_e": 0.9997140818347747,
    "no_cells": 14,
    "cell_temp_init": 42.73085952667958,
    "amb_temp_celsius": 34.00619821028513,
    "bat_cell_cap": 66.0,
    "sohc_init_1": 60.03783668975157,
    "sohc_init_2": 60.03783668975157,
    "sohc_init_3": 60.03783668975157,
    "sohc_init_4": 60.03783668975157,
    "sohc_init_5": 60.03783668975157,
    "sohc_init_6": 60.03783668975157,
    "sohc_init_7": 60.03783668975157,
    "sohc_init_8": 60.03783668975157,
    "sohc_init_9": 60.03783668975157,
    "sohc_init_10": 60.03783668975157,
    "sohc_init_11": 60.03783668975157,
    "sohc_init_12": 60.03783668975157,
    "sohc_init_13": 60.03783668975157,
    "sohc_init_14": 60.03783668975157,
    "sohr_init_1": 1.5884827292846178,
    "sohr_init_2": 1.5884827292846178,
    "sohr_init_3": 1.5884827292846178,
    "sohr_init_4": 1.5884827292846178,
    "sohr_init_5": 1.5884827292846178,
    "sohr_init_6": 1.5884827292846178,
    "sohr_init_7": 1.5884827292846178,
    "sohr_init_8": 1.5884827292846178,
    "sohr_init_9": 1.5884827292846178,
    "sohr_init_10": 1.5884827292846178,
    "sohr_init_11": 1.5884827292846178,
    "sohr_init_12": 1.5884827292846178,
    "sohr_init_13": 1.5884827292846178,
    "sohr_init_14": 1.5884827292846178,
    "soc_init_1": 7.577054848563464,
    "soc_init_2": 7.577054848563464,
    "soc_init_3": 7.577054848563464,
    "soc_init_4": 7.577054848563464,
    "soc_init_5": 7.577054848563464,
    "soc_init_6": 7.577054848563464,
    "soc_init_7": 7.577054848563464,
    "soc_init_8": 7.577054848563464,
    "soc_init_9": 7.577054848563464,
    "soc_init_10": 7.577054848563464,
    "soc_init_11": 7.577054848563464,
    "soc_init_12": 7.577054848563464,
    "soc_init_13": 7.577054848563464,
    "soc_init_14": 7.577054848563464,
    "cost": 0.0004933861472700973,
    "device": "bPB00055",
    "cycle_start_time": "2021-11-13T13:50:22+00:00"
}