{
    "soc_min": 2,
    "soc_max": 98,
    "r1": 0.014556780726521404,
    "c1": 260425.6367885171,
    "ir_a": 0.00010204950976271327,
    "ir_b": 0.15037223421083382,
    "ir_c": 0.0018074206745973434,
    "ir_d": 0.09907953391977599,
    "ir_e": 0.9997140818347747,
    "no_cells": 14,
    "cell_temp_init": 42.73085952667958,
    "amb_temp_celsius": 34.00619821028513,
    "bat_cell_cap": 66.0,
    "sohc_init_1": 55.67998793784331,
    "sohc_init_2": 55.67998793784331,
    "sohc_init_3": 55.67998793784331,
    "sohc_init_4": 55.67998793784331,
    "sohc_init_5": 55.67998793784331,
    "sohc_init_6": 55.67998793784331,
    "sohc_init_7": 55.67998793784331,
    "sohc_init_8": 55.67998793784331,
    "sohc_init_9": 55.67998793784331,
    "sohc_init_10": 55.67998793784331,
    "sohc_init_11": 55.67998793784331,
    "sohc_init_12": 55.67998793784331,
    "sohc_init_13": 55.67998793784331,
    "sohc_init_14": 55.67998793784331,
    "sohr_init_1": 1.6943679262493414,
    "sohr_init_2": 1.6943679262493414,
    "sohr_init_3": 1.6943679262493414,
    "sohr_init_4": 1.6943679262493414,
    "sohr_init_5": 1.6943679262493414,
    "sohr_init_6": 1.6943679262493414,
    "sohr_init_7": 1.6943679262493414,
    "sohr_init_8": 1.6943679262493414,
    "sohr_init_9": 1.6943679262493414,
    "sohr_init_10": 1.6943679262493414,
    "sohr_init_11": 1.6943679262493414,
    "sohr_init_12": 1.6943679262493414,
    "sohr_init_13": 1.6943679262493414,
    "sohr_init_14": 1.6943679262493414,
    "soc_init_1": 14.998450746799602,
    "soc_init_2": 14.998450746799602,
    "soc_init_3": 14.998450746799602,
    "soc_init_4": 14.998450746799602,
    "soc_init_5": 14.998450746799602,
    "soc_init_6": 14.998450746799602,
    "soc_init_7": 14.998450746799602,
    "soc_init_8": 14.998450746799602,
    "soc_init_9": 14.998450746799602,
    "soc_init_10": 14.998450746799602,
    "soc_init_11": 14.998450746799602,
    "soc_init_12": 14.998450746799602,
    "soc_init_13": 14.998450746799602,
    "soc_init_14": 14.998450746799602,
    "cost": 2.2848380496143056e-08,
    "device": "bPB00055",
    "cycle_start_time": "2022-07-28T05:26:09+00:00"
}