{
    "soc_min": 2,
    "soc_max": 98,
    "r1": 0.014556780726521404,
    "c1": 260425.6367885171,
    "ir_a": 0.00010204950976271327,
    "ir_b": 0.15037223421083382,
    "ir_c": 0.0018074206745973434,
    "ir_d": 0.09907953391977599,
    "ir_e": 0.9997140818347747,
    "no_cells": 14,
    "cell_temp_init": 42.73085952667958,
    "amb_temp_celsius": 34.00619821028513,
    "bat_cell_cap": 66.0,
    "sohc_init_1": 54.59068244313123,
    "sohc_init_2": 54.59068244313123,
    "sohc_init_3": 54.59068244313123,
    "sohc_init_4": 54.59068244313123,
    "sohc_init_5": 54.59068244313123,
    "sohc_init_6": 54.59068244313123,
    "sohc_init_7": 54.59068244313123,
    "sohc_init_8": 54.59068244313123,
    "sohc_init_9": 54.59068244313123,
    "sohc_init_10": 54.59068244313123,
    "sohc_init_11": 54.59068244313123,
    "sohc_init_12": 54.59068244313123,
    "sohc_init_13": 54.59068244313123,
    "sohc_init_14": 54.59068244313123,
    "sohr_init_1": 1.723661200443678,
    "sohr_init_2": 1.723661200443678,
    "sohr_init_3": 1.723661200443678,
    "sohr_init_4": 1.723661200443678,
    "sohr_init_5": 1.723661200443678,
    "sohr_init_6": 1.723661200443678,
    "sohr_init_7": 1.723661200443678,
    "sohr_init_8": 1.723661200443678,
    "sohr_init_9": 1.723661200443678,
    "sohr_init_10": 1.723661200443678,
    "sohr_init_11": 1.723661200443678,
    "sohr_init_12": 1.723661200443678,
    "sohr_init_13": 1.723661200443678,
    "sohr_init_14": 1.723661200443678,
    "soc_init_1": 33.789394220508235,
    "soc_init_2": 33.789394220508235,
    "soc_init_3": 33.789394220508235,
    "soc_init_4": 33.789394220508235,
    "soc_init_5": 33.789394220508235,
    "soc_init_6": 33.789394220508235,
    "soc_init_7": 33.789394220508235,
    "soc_init_8": 33.789394220508235,
    "soc_init_9": 33.789394220508235,
    "soc_init_10": 33.789394220508235,
    "soc_init_11": 33.789394220508235,
    "soc_init_12": 33.789394220508235,
    "soc_init_13": 33.789394220508235,
    "soc_init_14": 33.789394220508235,
    "cost": 1.3092661209755018e-08,
    "device": "bPB00055",
    "cycle_start_time": "2022-08-16T18:48:07+00:00"
}