{
    "soc_min": 2,
    "soc_max": 98,
    "r1": 0.014556780726521404,
    "c1": 260425.6367885171,
    "ir_a": 0.00010204950976271327,
    "ir_b": 0.15037223421083382,
    "ir_c": 0.0018074206745973434,
    "ir_d": 0.09907953391977599,
    "ir_e": 0.9997140818347747,
    "no_cells": 14,
    "cell_temp_init": 42.73085952667958,
    "amb_temp_celsius": 34.00619821028513,
    "bat_cell_cap": 66.0,
    "sohc_init_1": 62.35305127964921,
    "sohc_init_2": 62.35305127964921,
    "sohc_init_3": 62.35305127964921,
    "sohc_init_4": 62.35305127964921,
    "sohc_init_5": 62.35305127964921,
    "sohc_init_6": 62.35305127964921,
    "sohc_init_7": 62.35305127964921,
    "sohc_init_8": 62.35305127964921,
    "sohc_init_9": 62.35305127964921,
    "sohc_init_10": 62.35305127964921,
    "sohc_init_11": 62.35305127964921,
    "sohc_init_12": 62.35305127964921,
    "sohc_init_13": 62.35305127964921,
    "sohc_init_14": 62.35305127964921,
    "sohr_init_1": 1.5159061736858384,
    "sohr_init_2": 1.5159061736858384,
    "sohr_init_3": 1.5159061736858384,
    "sohr_init_4": 1.5159061736858384,
    "sohr_init_5": 1.5159061736858384,
    "sohr_init_6": 1.5159061736858384,
    "sohr_init_7": 1.5159061736858384,
    "sohr_init_8": 1.5159061736858384,
    "sohr_init_9": 1.5159061736858384,
    "sohr_init_10": 1.5159061736858384,
    "sohr_init_11": 1.5159061736858384,
    "sohr_init_12": 1.5159061736858384,
    "sohr_init_13": 1.5159061736858384,
    "sohr_init_14": 1.5159061736858384,
    "soc_init_1": 27.818948682351056,
    "soc_init_2": 27.818948682351056,
    "soc_init_3": 27.818948682351056,
    "soc_init_4": 27.818948682351056,
    "soc_init_5": 27.818948682351056,
    "soc_init_6": 27.818948682351056,
    "soc_init_7": 27.818948682351056,
    "soc_init_8": 27.818948682351056,
    "soc_init_9": 27.818948682351056,
    "soc_init_10": 27.818948682351056,
    "soc_init_11": 27.818948682351056,
    "soc_init_12": 27.818948682351056,
    "soc_init_13": 27.818948682351056,
    "soc_init_14": 27.818948682351056,
    "cost": 2.0169967978086875e-09,
    "device": "bPB00055",
    "cycle_start_time": "2021-09-14T04:56:26+00:00"
}