{
    "soc_min": 2,
    "soc_max": 98,
    "r1": 0.014556780726521404,
    "c1": 260425.6367885171,
    "ir_a": 0.00010204950976271327,
    "ir_b": 0.15037223421083382,
    "ir_c": 0.0018074206745973434,
    "ir_d": 0.09907953391977599,
    "ir_e": 0.9997140818347747,
    "no_cells": 14,
    "cell_temp_init": 42.73085952667958,
    "amb_temp_celsius": 34.00619821028513,
    "bat_cell_cap": 66.0,
    "sohc_init_1": 59.84786278620773,
    "sohc_init_2": 59.84786278620773,
    "sohc_init_3": 59.84786278620773,
    "sohc_init_4": 59.84786278620773,
    "sohc_init_5": 59.84786278620773,
    "sohc_init_6": 59.84786278620773,
    "sohc_init_7": 59.84786278620773,
    "sohc_init_8": 59.84786278620773,
    "sohc_init_9": 59.84786278620773,
    "sohc_init_10": 59.84786278620773,
    "sohc_init_11": 59.84786278620773,
    "sohc_init_12": 59.84786278620773,
    "sohc_init_13": 59.84786278620773,
    "sohc_init_14": 59.84786278620773,
    "sohr_init_1": 1.5783460193897287,
    "sohr_init_2": 1.5783460193897287,
    "sohr_init_3": 1.5783460193897287,
    "sohr_init_4": 1.5783460193897287,
    "sohr_init_5": 1.5783460193897287,
    "sohr_init_6": 1.5783460193897287,
    "sohr_init_7": 1.5783460193897287,
    "sohr_init_8": 1.5783460193897287,
    "sohr_init_9": 1.5783460193897287,
    "sohr_init_10": 1.5783460193897287,
    "sohr_init_11": 1.5783460193897287,
    "sohr_init_12": 1.5783460193897287,
    "sohr_init_13": 1.5783460193897287,
    "sohr_init_14": 1.5783460193897287,
    "soc_init_1": 6.506362198393306,
    "soc_init_2": 6.506362198393306,
    "soc_init_3": 6.506362198393306,
    "soc_init_4": 6.506362198393306,
    "soc_init_5": 6.506362198393306,
    "soc_init_6": 6.506362198393306,
    "soc_init_7": 6.506362198393306,
    "soc_init_8": 6.506362198393306,
    "soc_init_9": 6.506362198393306,
    "soc_init_10": 6.506362198393306,
    "soc_init_11": 6.506362198393306,
    "soc_init_12": 6.506362198393306,
    "soc_init_13": 6.506362198393306,
    "soc_init_14": 6.506362198393306,
    "cost": 0.00012536943732574288,
    "device": "bPB00055",
    "cycle_start_time": "2021-11-13T03:08:41+00:00"
}