{
    "soc_min": 2,
    "soc_max": 98,
    "r1": 0.014556780726521404,
    "c1": 260425.6367885171,
    "ir_a": 0.00010204950976271327,
    "ir_b": 0.15037223421083382,
    "ir_c": 0.0018074206745973434,
    "ir_d": 0.09907953391977599,
    "ir_e": 0.9997140818347747,
    "no_cells": 14,
    "cell_temp_init": 42.73085952667958,
    "amb_temp_celsius": 34.00619821028513,
    "bat_cell_cap": 66.0,
    "sohc_init_1": 53.33005941408131,
    "sohc_init_2": 53.33005941408131,
    "sohc_init_3": 53.33005941408131,
    "sohc_init_4": 53.33005941408131,
    "sohc_init_5": 53.33005941408131,
    "sohc_init_6": 53.33005941408131,
    "sohc_init_7": 53.33005941408131,
    "sohc_init_8": 53.33005941408131,
    "sohc_init_9": 53.33005941408131,
    "sohc_init_10": 53.33005941408131,
    "sohc_init_11": 53.33005941408131,
    "sohc_init_12": 53.33005941408131,
    "sohc_init_13": 53.33005941408131,
    "sohc_init_14": 53.33005941408131,
    "sohr_init_1": 1.7585410409232107,
    "sohr_init_2": 1.7585410409232107,
    "sohr_init_3": 1.7585410409232107,
    "sohr_init_4": 1.7585410409232107,
    "sohr_init_5": 1.7585410409232107,
    "sohr_init_6": 1.7585410409232107,
    "sohr_init_7": 1.7585410409232107,
    "sohr_init_8": 1.7585410409232107,
    "sohr_init_9": 1.7585410409232107,
    "sohr_init_10": 1.7585410409232107,
    "sohr_init_11": 1.7585410409232107,
    "sohr_init_12": 1.7585410409232107,
    "sohr_init_13": 1.7585410409232107,
    "sohr_init_14": 1.7585410409232107,
    "soc_init_1": 18.28862759182784,
    "soc_init_2": 18.28862759182784,
    "soc_init_3": 18.28862759182784,
    "soc_init_4": 18.28862759182784,
    "soc_init_5": 18.28862759182784,
    "soc_init_6": 18.28862759182784,
    "soc_init_7": 18.28862759182784,
    "soc_init_8": 18.28862759182784,
    "soc_init_9": 18.28862759182784,
    "soc_init_10": 18.28862759182784,
    "soc_init_11": 18.28862759182784,
    "soc_init_12": 18.28862759182784,
    "soc_init_13": 18.28862759182784,
    "soc_init_14": 18.28862759182784,
    "cost": 2.2782793528105144e-08,
    "device": "bPB00055",
    "cycle_start_time": "2022-09-04T20:59:54+00:00"
}