{
    "soc_min": 2,
    "soc_max": 98,
    "r1": 0.014556780726521404,
    "c1": 260425.6367885171,
    "ir_a": 0.00010204950976271327,
    "ir_b": 0.15037223421083382,
    "ir_c": 0.0018074206745973434,
    "ir_d": 0.09907953391977599,
    "ir_e": 0.9997140818347747,
    "no_cells": 14,
    "cell_temp_init": 42.73085952667958,
    "amb_temp_celsius": 34.00619821028513,
    "bat_cell_cap": 66.0,
    "sohc_init_1": 63.267094513597414,
    "sohc_init_2": 63.267094513597414,
    "sohc_init_3": 63.267094513597414,
    "sohc_init_4": 63.267094513597414,
    "sohc_init_5": 63.267094513597414,
    "sohc_init_6": 63.267094513597414,
    "sohc_init_7": 63.267094513597414,
    "sohc_init_8": 63.267094513597414,
    "sohc_init_9": 63.267094513597414,
    "sohc_init_10": 63.267094513597414,
    "sohc_init_11": 63.267094513597414,
    "sohc_init_12": 63.267094513597414,
    "sohc_init_13": 63.267094513597414,
    "sohc_init_14": 63.267094513597414,
    "sohr_init_1": 1.4409843289006097,
    "sohr_init_2": 1.4409843289006097,
    "sohr_init_3": 1.4409843289006097,
    "sohr_init_4": 1.4409843289006097,
    "sohr_init_5": 1.4409843289006097,
    "sohr_init_6": 1.4409843289006097,
    "sohr_init_7": 1.4409843289006097,
    "sohr_init_8": 1.4409843289006097,
    "sohr_init_9": 1.4409843289006097,
    "sohr_init_10": 1.4409843289006097,
    "sohr_init_11": 1.4409843289006097,
    "sohr_init_12": 1.4409843289006097,
    "sohr_init_13": 1.4409843289006097,
    "sohr_init_14": 1.4409843289006097,
    "soc_init_1": 49.253322800449595,
    "soc_init_2": 49.253322800449595,
    "soc_init_3": 49.253322800449595,
    "soc_init_4": 49.253322800449595,
    "soc_init_5": 49.253322800449595,
    "soc_init_6": 49.253322800449595,
    "soc_init_7": 49.253322800449595,
    "soc_init_8": 49.253322800449595,
    "soc_init_9": 49.253322800449595,
    "soc_init_10": 49.253322800449595,
    "soc_init_11": 49.253322800449595,
    "soc_init_12": 49.253322800449595,
    "soc_init_13": 49.253322800449595,
    "soc_init_14": 49.253322800449595,
    "cost": 0.00411006741237583,
    "device": "bPB00055",
    "cycle_start_time": "2021-09-07T20:23:24+00:00"
}