{
    "soc_min": 2,
    "soc_max": 98,
    "r1": 0.014556780726521404,
    "c1": 260425.6367885171,
    "ir_a": 0.00010204950976271327,
    "ir_b": 0.15037223421083382,
    "ir_c": 0.0018074206745973434,
    "ir_d": 0.09907953391977599,
    "ir_e": 0.9997140818347747,
    "no_cells": 14,
    "cell_temp_init": 42.73085952667958,
    "amb_temp_celsius": 34.00619821028513,
    "bat_cell_cap": 66.0,
    "sohc_init_1": 55.14713968179392,
    "sohc_init_2": 55.14713968179392,
    "sohc_init_3": 55.14713968179392,
    "sohc_init_4": 55.14713968179392,
    "sohc_init_5": 55.14713968179392,
    "sohc_init_6": 55.14713968179392,
    "sohc_init_7": 55.14713968179392,
    "sohc_init_8": 55.14713968179392,
    "sohc_init_9": 55.14713968179392,
    "sohc_init_10": 55.14713968179392,
    "sohc_init_11": 55.14713968179392,
    "sohc_init_12": 55.14713968179392,
    "sohc_init_13": 55.14713968179392,
    "sohc_init_14": 55.14713968179392,
    "sohr_init_1": 1.709892923421513,
    "sohr_init_2": 1.709892923421513,
    "sohr_init_3": 1.709892923421513,
    "sohr_init_4": 1.709892923421513,
    "sohr_init_5": 1.709892923421513,
    "sohr_init_6": 1.709892923421513,
    "sohr_init_7": 1.709892923421513,
    "sohr_init_8": 1.709892923421513,
    "sohr_init_9": 1.709892923421513,
    "sohr_init_10": 1.709892923421513,
    "sohr_init_11": 1.709892923421513,
    "sohr_init_12": 1.709892923421513,
    "sohr_init_13": 1.709892923421513,
    "sohr_init_14": 1.709892923421513,
    "soc_init_1": 32.35938559161436,
    "soc_init_2": 32.35938559161436,
    "soc_init_3": 32.35938559161436,
    "soc_init_4": 32.35938559161436,
    "soc_init_5": 32.35938559161436,
    "soc_init_6": 32.35938559161436,
    "soc_init_7": 32.35938559161436,
    "soc_init_8": 32.35938559161436,
    "soc_init_9": 32.35938559161436,
    "soc_init_10": 32.35938559161436,
    "soc_init_11": 32.35938559161436,
    "soc_init_12": 32.35938559161436,
    "soc_init_13": 32.35938559161436,
    "soc_init_14": 32.35938559161436,
    "cost": 4.111464850156624e-08,
    "device": "bPB00055",
    "cycle_start_time": "2022-08-04T06:17:16+00:00"
}