{
    "soc_min": 2,
    "soc_max": 98,
    "r1": 0.014556780726521404,
    "c1": 260425.6367885171,
    "ir_a": 0.00010204950976271327,
    "ir_b": 0.15037223421083382,
    "ir_c": 0.0018074206745973434,
    "ir_d": 0.09907953391977599,
    "ir_e": 0.9997140818347747,
    "no_cells": 14,
    "cell_temp_init": 42.73085952667958,
    "amb_temp_celsius": 34.00619821028513,
    "bat_cell_cap": 66.0,
    "sohc_init_1": 56.465346302025736,
    "sohc_init_2": 56.465346302025736,
    "sohc_init_3": 56.465346302025736,
    "sohc_init_4": 56.465346302025736,
    "sohc_init_5": 56.465346302025736,
    "sohc_init_6": 56.465346302025736,
    "sohc_init_7": 56.465346302025736,
    "sohc_init_8": 56.465346302025736,
    "sohc_init_9": 56.465346302025736,
    "sohc_init_10": 56.465346302025736,
    "sohc_init_11": 56.465346302025736,
    "sohc_init_12": 56.465346302025736,
    "sohc_init_13": 56.465346302025736,
    "sohc_init_14": 56.465346302025736,
    "sohr_init_1": 1.6761920879035654,
    "sohr_init_2": 1.6761920879035654,
    "sohr_init_3": 1.6761920879035654,
    "sohr_init_4": 1.6761920879035654,
    "sohr_init_5": 1.6761920879035654,
    "sohr_init_6": 1.6761920879035654,
    "sohr_init_7": 1.6761920879035654,
    "sohr_init_8": 1.6761920879035654,
    "sohr_init_9": 1.6761920879035654,
    "sohr_init_10": 1.6761920879035654,
    "sohr_init_11": 1.6761920879035654,
    "sohr_init_12": 1.6761920879035654,
    "sohr_init_13": 1.6761920879035654,
    "sohr_init_14": 1.6761920879035654,
    "soc_init_1": 23.098654187629073,
    "soc_init_2": 23.098654187629073,
    "soc_init_3": 23.098654187629073,
    "soc_init_4": 23.098654187629073,
    "soc_init_5": 23.098654187629073,
    "soc_init_6": 23.098654187629073,
    "soc_init_7": 23.098654187629073,
    "soc_init_8": 23.098654187629073,
    "soc_init_9": 23.098654187629073,
    "soc_init_10": 23.098654187629073,
    "soc_init_11": 23.098654187629073,
    "soc_init_12": 23.098654187629073,
    "soc_init_13": 23.098654187629073,
    "soc_init_14": 23.098654187629073,
    "cost": 1.6292286254053475e-07,
    "device": "bPB00055",
    "cycle_start_time": "2022-07-07T01:28:06+00:00"
}