{
    "soc_min": 2,
    "soc_max": 98,
    "r1": 0.014556780726521404,
    "c1": 260425.6367885171,
    "ir_a": 0.00010204950976271327,
    "ir_b": 0.15037223421083382,
    "ir_c": 0.0018074206745973434,
    "ir_d": 0.09907953391977599,
    "ir_e": 0.9997140818347747,
    "no_cells": 14,
    "cell_temp_init": 42.73085952667958,
    "amb_temp_celsius": 34.00619821028513,
    "bat_cell_cap": 66.0,
    "sohc_init_1": 51.15491460209975,
    "sohc_init_2": 51.15491460209975,
    "sohc_init_3": 51.15491460209975,
    "sohc_init_4": 51.15491460209975,
    "sohc_init_5": 51.15491460209975,
    "sohc_init_6": 51.15491460209975,
    "sohc_init_7": 51.15491460209975,
    "sohc_init_8": 51.15491460209975,
    "sohc_init_9": 51.15491460209975,
    "sohc_init_10": 51.15491460209975,
    "sohc_init_11": 51.15491460209975,
    "sohc_init_12": 51.15491460209975,
    "sohc_init_13": 51.15491460209975,
    "sohc_init_14": 51.15491460209975,
    "sohr_init_1": 1.7719930625647178,
    "sohr_init_2": 1.7719930625647178,
    "sohr_init_3": 1.7719930625647178,
    "sohr_init_4": 1.7719930625647178,
    "sohr_init_5": 1.7719930625647178,
    "sohr_init_6": 1.7719930625647178,
    "sohr_init_7": 1.7719930625647178,
    "sohr_init_8": 1.7719930625647178,
    "sohr_init_9": 1.7719930625647178,
    "sohr_init_10": 1.7719930625647178,
    "sohr_init_11": 1.7719930625647178,
    "sohr_init_12": 1.7719930625647178,
    "sohr_init_13": 1.7719930625647178,
    "sohr_init_14": 1.7719930625647178,
    "soc_init_1": 43.64162136354536,
    "soc_init_2": 43.64162136354536,
    "soc_init_3": 43.64162136354536,
    "soc_init_4": 43.64162136354536,
    "soc_init_5": 43.64162136354536,
    "soc_init_6": 43.64162136354536,
    "soc_init_7": 43.64162136354536,
    "soc_init_8": 43.64162136354536,
    "soc_init_9": 43.64162136354536,
    "soc_init_10": 43.64162136354536,
    "soc_init_11": 43.64162136354536,
    "soc_init_12": 43.64162136354536,
    "soc_init_13": 43.64162136354536,
    "soc_init_14": 43.64162136354536,
    "cost": 0.005545460736379414,
    "device": "bPB00055",
    "cycle_start_time": "2022-08-25T23:57:52+00:00"
}