{
    "soc_min": 2,
    "soc_max": 98,
    "r1": 0.014556780726521404,
    "c1": 260425.6367885171,
    "ir_a": 0.00010204950976271327,
    "ir_b": 0.15037223421083382,
    "ir_c": 0.0018074206745973434,
    "ir_d": 0.09907953391977599,
    "ir_e": 0.9997140818347747,
    "no_cells": 14,
    "cell_temp_init": 42.73085952667958,
    "amb_temp_celsius": 34.00619821028513,
    "bat_cell_cap": 66.0,
    "sohc_init_1": 60.425403830845845,
    "sohc_init_2": 60.425403830845845,
    "sohc_init_3": 60.425403830845845,
    "sohc_init_4": 60.425403830845845,
    "sohc_init_5": 60.425403830845845,
    "sohc_init_6": 60.425403830845845,
    "sohc_init_7": 60.425403830845845,
    "sohc_init_8": 60.425403830845845,
    "sohc_init_9": 60.425403830845845,
    "sohc_init_10": 60.425403830845845,
    "sohc_init_11": 60.425403830845845,
    "sohc_init_12": 60.425403830845845,
    "sohc_init_13": 60.425403830845845,
    "sohc_init_14": 60.425403830845845,
    "sohr_init_1": 1.567154681471234,
    "sohr_init_2": 1.567154681471234,
    "sohr_init_3": 1.567154681471234,
    "sohr_init_4": 1.567154681471234,
    "sohr_init_5": 1.567154681471234,
    "sohr_init_6": 1.567154681471234,
    "sohr_init_7": 1.567154681471234,
    "sohr_init_8": 1.567154681471234,
    "sohr_init_9": 1.567154681471234,
    "sohr_init_10": 1.567154681471234,
    "sohr_init_11": 1.567154681471234,
    "sohr_init_12": 1.567154681471234,
    "sohr_init_13": 1.567154681471234,
    "sohr_init_14": 1.567154681471234,
    "soc_init_1": 26.11624842056517,
    "soc_init_2": 26.11624842056517,
    "soc_init_3": 26.11624842056517,
    "soc_init_4": 26.11624842056517,
    "soc_init_5": 26.11624842056517,
    "soc_init_6": 26.11624842056517,
    "soc_init_7": 26.11624842056517,
    "soc_init_8": 26.11624842056517,
    "soc_init_9": 26.11624842056517,
    "soc_init_10": 26.11624842056517,
    "soc_init_11": 26.11624842056517,
    "soc_init_12": 26.11624842056517,
    "soc_init_13": 26.11624842056517,
    "soc_init_14": 26.11624842056517,
    "cost": 2.9057658606171416e-10,
    "device": "bPB00055",
    "cycle_start_time": "2021-11-07T12:48:04+00:00"
}