{
    "soc_min": 2,
    "soc_max": 98,
    "r1": 0.014556780726521404,
    "c1": 260425.6367885171,
    "ir_a": 0.00010204950976271327,
    "ir_b": 0.15037223421083382,
    "ir_c": 0.0018074206745973434,
    "ir_d": 0.09907953391977599,
    "ir_e": 0.9997140818347747,
    "no_cells": 14,
    "cell_temp_init": 42.73085952667958,
    "amb_temp_celsius": 34.00619821028513,
    "bat_cell_cap": 66.0,
    "sohc_init_1": 53.166398688391496,
    "sohc_init_2": 53.166398688391496,
    "sohc_init_3": 53.166398688391496,
    "sohc_init_4": 53.166398688391496,
    "sohc_init_5": 53.166398688391496,
    "sohc_init_6": 53.166398688391496,
    "sohc_init_7": 53.166398688391496,
    "sohc_init_8": 53.166398688391496,
    "sohc_init_9": 53.166398688391496,
    "sohc_init_10": 53.166398688391496,
    "sohc_init_11": 53.166398688391496,
    "sohc_init_12": 53.166398688391496,
    "sohc_init_13": 53.166398688391496,
    "sohc_init_14": 53.166398688391496,
    "sohr_init_1": 1.7629590589127435,
    "sohr_init_2": 1.7629590589127435,
    "sohr_init_3": 1.7629590589127435,
    "sohr_init_4": 1.7629590589127435,
    "sohr_init_5": 1.7629590589127435,
    "sohr_init_6": 1.7629590589127435,
    "sohr_init_7": 1.7629590589127435,
    "sohr_init_8": 1.7629590589127435,
    "sohr_init_9": 1.7629590589127435,
    "sohr_init_10": 1.7629590589127435,
    "sohr_init_11": 1.7629590589127435,
    "sohr_init_12": 1.7629590589127435,
    "sohr_init_13": 1.7629590589127435,
    "sohr_init_14": 1.7629590589127435,
    "soc_init_1": 19.388524883249854,
    "soc_init_2": 19.388524883249854,
    "soc_init_3": 19.388524883249854,
    "soc_init_4": 19.388524883249854,
    "soc_init_5": 19.388524883249854,
    "soc_init_6": 19.388524883249854,
    "soc_init_7": 19.388524883249854,
    "soc_init_8": 19.388524883249854,
    "soc_init_9": 19.388524883249854,
    "soc_init_10": 19.388524883249854,
    "soc_init_11": 19.388524883249854,
    "soc_init_12": 19.388524883249854,
    "soc_init_13": 19.388524883249854,
    "soc_init_14": 19.388524883249854,
    "cost": 6.077943845938884e-09,
    "device": "bPB00055",
    "cycle_start_time": "2022-09-06T14:18:38+00:00"
}