{
    "soc_min": 2,
    "soc_max": 98,
    "r1": 0.014556780726521404,
    "c1": 260425.6367885171,
    "ir_a": 0.00010204950976271327,
    "ir_b": 0.15037223421083382,
    "ir_c": 0.0018074206745973434,
    "ir_d": 0.09907953391977599,
    "ir_e": 0.9997140818347747,
    "no_cells": 14,
    "cell_temp_init": 42.73085952667958,
    "amb_temp_celsius": 34.00619821028513,
    "bat_cell_cap": 66.0,
    "sohc_init_1": 58.535836623966475,
    "sohc_init_2": 58.535836623966475,
    "sohc_init_3": 58.535836623966475,
    "sohc_init_4": 58.535836623966475,
    "sohc_init_5": 58.535836623966475,
    "sohc_init_6": 58.535836623966475,
    "sohc_init_7": 58.535836623966475,
    "sohc_init_8": 58.535836623966475,
    "sohc_init_9": 58.535836623966475,
    "sohc_init_10": 58.535836623966475,
    "sohc_init_11": 58.535836623966475,
    "sohc_init_12": 58.535836623966475,
    "sohc_init_13": 58.535836623966475,
    "sohc_init_14": 58.535836623966475,
    "sohr_init_1": 1.6178828196029853,
    "sohr_init_2": 1.6178828196029853,
    "sohr_init_3": 1.6178828196029853,
    "sohr_init_4": 1.6178828196029853,
    "sohr_init_5": 1.6178828196029853,
    "sohr_init_6": 1.6178828196029853,
    "sohr_init_7": 1.6178828196029853,
    "sohr_init_8": 1.6178828196029853,
    "sohr_init_9": 1.6178828196029853,
    "sohr_init_10": 1.6178828196029853,
    "sohr_init_11": 1.6178828196029853,
    "sohr_init_12": 1.6178828196029853,
    "sohr_init_13": 1.6178828196029853,
    "sohr_init_14": 1.6178828196029853,
    "soc_init_1": 6.320466431444215,
    "soc_init_2": 6.320466431444215,
    "soc_init_3": 6.320466431444215,
    "soc_init_4": 6.320466431444215,
    "soc_init_5": 6.320466431444215,
    "soc_init_6": 6.320466431444215,
    "soc_init_7": 6.320466431444215,
    "soc_init_8": 6.320466431444215,
    "soc_init_9": 6.320466431444215,
    "soc_init_10": 6.320466431444215,
    "soc_init_11": 6.320466431444215,
    "soc_init_12": 6.320466431444215,
    "soc_init_13": 6.320466431444215,
    "soc_init_14": 6.320466431444215,
    "cost": 8.241434798258897e-05,
    "device": "bPB00055",
    "cycle_start_time": "2022-05-24T21:19:20+00:00"
}