{
    "soc_min": 2,
    "soc_max": 98,
    "r1": 0.014556780726521404,
    "c1": 260425.6367885171,
    "ir_a": 0.00010204950976271327,
    "ir_b": 0.15037223421083382,
    "ir_c": 0.0018074206745973434,
    "ir_d": 0.09907953391977599,
    "ir_e": 0.9997140818347747,
    "no_cells": 14,
    "cell_temp_init": 42.73085952667958,
    "amb_temp_celsius": 34.00619821028513,
    "bat_cell_cap": 66.0,
    "sohc_init_1": 64.2586351872572,
    "sohc_init_2": 64.2586351872572,
    "sohc_init_3": 64.2586351872572,
    "sohc_init_4": 64.2586351872572,
    "sohc_init_5": 64.2586351872572,
    "sohc_init_6": 64.2586351872572,
    "sohc_init_7": 64.2586351872572,
    "sohc_init_8": 64.2586351872572,
    "sohc_init_9": 64.2586351872572,
    "sohc_init_10": 64.2586351872572,
    "sohc_init_11": 64.2586351872572,
    "sohc_init_12": 64.2586351872572,
    "sohc_init_13": 64.2586351872572,
    "sohc_init_14": 64.2586351872572,
    "sohr_init_1": 1.4663969662569438,
    "sohr_init_2": 1.4663969662569438,
    "sohr_init_3": 1.4663969662569438,
    "sohr_init_4": 1.4663969662569438,
    "sohr_init_5": 1.4663969662569438,
    "sohr_init_6": 1.4663969662569438,
    "sohr_init_7": 1.4663969662569438,
    "sohr_init_8": 1.4663969662569438,
    "sohr_init_9": 1.4663969662569438,
    "sohr_init_10": 1.4663969662569438,
    "sohr_init_11": 1.4663969662569438,
    "sohr_init_12": 1.4663969662569438,
    "sohr_init_13": 1.4663969662569438,
    "sohr_init_14": 1.4663969662569438,
    "soc_init_1": 44.333953271114126,
    "soc_init_2": 44.333953271114126,
    "soc_init_3": 44.333953271114126,
    "soc_init_4": 44.333953271114126,
    "soc_init_5": 44.333953271114126,
    "soc_init_6": 44.333953271114126,
    "soc_init_7": 44.333953271114126,
    "soc_init_8": 44.333953271114126,
    "soc_init_9": 44.333953271114126,
    "soc_init_10": 44.333953271114126,
    "soc_init_11": 44.333953271114126,
    "soc_init_12": 44.333953271114126,
    "soc_init_13": 44.333953271114126,
    "soc_init_14": 44.333953271114126,
    "cost": 2.612806571258211e-09,
    "device": "bPB00055",
    "cycle_start_time": "2021-08-09T12:28:36+00:00"
}