{
    "soc_min": 2,
    "soc_max": 98,
    "r1": 0.014556780726521404,
    "c1": 260425.6367885171,
    "ir_a": 0.00010204950976271327,
    "ir_b": 0.15037223421083382,
    "ir_c": 0.0018074206745973434,
    "ir_d": 0.09907953391977599,
    "ir_e": 0.9997140818347747,
    "no_cells": 14,
    "cell_temp_init": 42.73085952667958,
    "amb_temp_celsius": 34.00619821028513,
    "bat_cell_cap": 66.0,
    "sohc_init_1": 61.2954632673211,
    "sohc_init_2": 61.2954632673211,
    "sohc_init_3": 61.2954632673211,
    "sohc_init_4": 61.2954632673211,
    "sohc_init_5": 61.2954632673211,
    "sohc_init_6": 61.2954632673211,
    "sohc_init_7": 61.2954632673211,
    "sohc_init_8": 61.2954632673211,
    "sohc_init_9": 61.2954632673211,
    "sohc_init_10": 61.2954632673211,
    "sohc_init_11": 61.2954632673211,
    "sohc_init_12": 61.2954632673211,
    "sohc_init_13": 61.2954632673211,
    "sohc_init_14": 61.2954632673211,
    "sohr_init_1": 1.5460961774107114,
    "sohr_init_2": 1.5460961774107114,
    "sohr_init_3": 1.5460961774107114,
    "sohr_init_4": 1.5460961774107114,
    "sohr_init_5": 1.5460961774107114,
    "sohr_init_6": 1.5460961774107114,
    "sohr_init_7": 1.5460961774107114,
    "sohr_init_8": 1.5460961774107114,
    "sohr_init_9": 1.5460961774107114,
    "sohr_init_10": 1.5460961774107114,
    "sohr_init_11": 1.5460961774107114,
    "sohr_init_12": 1.5460961774107114,
    "sohr_init_13": 1.5460961774107114,
    "sohr_init_14": 1.5460961774107114,
    "soc_init_1": 19.38067240064351,
    "soc_init_2": 19.38067240064351,
    "soc_init_3": 19.38067240064351,
    "soc_init_4": 19.38067240064351,
    "soc_init_5": 19.38067240064351,
    "soc_init_6": 19.38067240064351,
    "soc_init_7": 19.38067240064351,
    "soc_init_8": 19.38067240064351,
    "soc_init_9": 19.38067240064351,
    "soc_init_10": 19.38067240064351,
    "soc_init_11": 19.38067240064351,
    "soc_init_12": 19.38067240064351,
    "soc_init_13": 19.38067240064351,
    "soc_init_14": 19.38067240064351,
    "cost": 4.875463629403197e-07,
    "device": "bPB00055",
    "cycle_start_time": "2021-10-03T14:44:09+00:00"
}