{
    "soc_min": 2,
    "soc_max": 98,
    "r1": 0.014556780726521404,
    "c1": 260425.6367885171,
    "ir_a": 0.00010204950976271327,
    "ir_b": 0.15037223421083382,
    "ir_c": 0.0018074206745973434,
    "ir_d": 0.09907953391977599,
    "ir_e": 0.9997140818347747,
    "no_cells": 14,
    "cell_temp_init": 42.73085952667958,
    "amb_temp_celsius": 34.00619821028513,
    "bat_cell_cap": 66.0,
    "sohc_init_1": 52.61992403399488,
    "sohc_init_2": 52.61992403399488,
    "sohc_init_3": 52.61992403399488,
    "sohc_init_4": 52.61992403399488,
    "sohc_init_5": 52.61992403399488,
    "sohc_init_6": 52.61992403399488,
    "sohc_init_7": 52.61992403399488,
    "sohc_init_8": 52.61992403399488,
    "sohc_init_9": 52.61992403399488,
    "sohc_init_10": 52.61992403399488,
    "sohc_init_11": 52.61992403399488,
    "sohc_init_12": 52.61992403399488,
    "sohc_init_13": 52.61992403399488,
    "sohc_init_14": 52.61992403399488,
    "sohr_init_1": 1.7790172873283,
    "sohr_init_2": 1.7790172873283,
    "sohr_init_3": 1.7790172873283,
    "sohr_init_4": 1.7790172873283,
    "sohr_init_5": 1.7790172873283,
    "sohr_init_6": 1.7790172873283,
    "sohr_init_7": 1.7790172873283,
    "sohr_init_8": 1.7790172873283,
    "sohr_init_9": 1.7790172873283,
    "sohr_init_10": 1.7790172873283,
    "sohr_init_11": 1.7790172873283,
    "sohr_init_12": 1.7790172873283,
    "sohr_init_13": 1.7790172873283,
    "sohr_init_14": 1.7790172873283,
    "soc_init_1": 22.378755678641255,
    "soc_init_2": 22.378755678641255,
    "soc_init_3": 22.378755678641255,
    "soc_init_4": 22.378755678641255,
    "soc_init_5": 22.378755678641255,
    "soc_init_6": 22.378755678641255,
    "soc_init_7": 22.378755678641255,
    "soc_init_8": 22.378755678641255,
    "soc_init_9": 22.378755678641255,
    "soc_init_10": 22.378755678641255,
    "soc_init_11": 22.378755678641255,
    "soc_init_12": 22.378755678641255,
    "soc_init_13": 22.378755678641255,
    "soc_init_14": 22.378755678641255,
    "cost": 1.1298626444984829e-05,
    "device": "bPB00055",
    "cycle_start_time": "2022-09-12T12:06:25+00:00"
}