{
    "soc_min": 2,
    "soc_max": 98,
    "r1": 0.014556780726521404,
    "c1": 260425.6367885171,
    "ir_a": 0.00010204950976271327,
    "ir_b": 0.15037223421083382,
    "ir_c": 0.0018074206745973434,
    "ir_d": 0.09907953391977599,
    "ir_e": 0.9997140818347747,
    "no_cells": 14,
    "cell_temp_init": 42.73085952667958,
    "amb_temp_celsius": 34.00619821028513,
    "bat_cell_cap": 66.0,
    "sohc_init_1": 63.21584910326122,
    "sohc_init_2": 63.21584910326122,
    "sohc_init_3": 63.21584910326122,
    "sohc_init_4": 63.21584910326122,
    "sohc_init_5": 63.21584910326122,
    "sohc_init_6": 63.21584910326122,
    "sohc_init_7": 63.21584910326122,
    "sohc_init_8": 63.21584910326122,
    "sohc_init_9": 63.21584910326122,
    "sohc_init_10": 63.21584910326122,
    "sohc_init_11": 63.21584910326122,
    "sohc_init_12": 63.21584910326122,
    "sohc_init_13": 63.21584910326122,
    "sohc_init_14": 63.21584910326122,
    "sohr_init_1": 1.4918824975891751,
    "sohr_init_2": 1.4918824975891751,
    "sohr_init_3": 1.4918824975891751,
    "sohr_init_4": 1.4918824975891751,
    "sohr_init_5": 1.4918824975891751,
    "sohr_init_6": 1.4918824975891751,
    "sohr_init_7": 1.4918824975891751,
    "sohr_init_8": 1.4918824975891751,
    "sohr_init_9": 1.4918824975891751,
    "sohr_init_10": 1.4918824975891751,
    "sohr_init_11": 1.4918824975891751,
    "sohr_init_12": 1.4918824975891751,
    "sohr_init_13": 1.4918824975891751,
    "sohr_init_14": 1.4918824975891751,
    "soc_init_1": 32.08504083639126,
    "soc_init_2": 32.08504083639126,
    "soc_init_3": 32.08504083639126,
    "soc_init_4": 32.08504083639126,
    "soc_init_5": 32.08504083639126,
    "soc_init_6": 32.08504083639126,
    "soc_init_7": 32.08504083639126,
    "soc_init_8": 32.08504083639126,
    "soc_init_9": 32.08504083639126,
    "soc_init_10": 32.08504083639126,
    "soc_init_11": 32.08504083639126,
    "soc_init_12": 32.08504083639126,
    "soc_init_13": 32.08504083639126,
    "soc_init_14": 32.08504083639126,
    "cost": 3.4530946121346494e-09,
    "device": "bPB00055",
    "cycle_start_time": "2021-09-02T05:46:11+00:00"
}