{
    "soc_min": 2,
    "soc_max": 98,
    "r1": 0.014556780726521404,
    "c1": 260425.6367885171,
    "ir_a": 0.00010204950976271327,
    "ir_b": 0.15037223421083382,
    "ir_c": 0.0018074206745973434,
    "ir_d": 0.09907953391977599,
    "ir_e": 0.9997140818347747,
    "no_cells": 14,
    "cell_temp_init": 42.73085952667958,
    "amb_temp_celsius": 34.00619821028513,
    "bat_cell_cap": 66.0,
    "sohc_init_1": 49.37905660845204,
    "sohc_init_2": 49.37905660845204,
    "sohc_init_3": 49.37905660845204,
    "sohc_init_4": 49.37905660845204,
    "sohc_init_5": 49.37905660845204,
    "sohc_init_6": 49.37905660845204,
    "sohc_init_7": 49.37905660845204,
    "sohc_init_8": 49.37905660845204,
    "sohc_init_9": 49.37905660845204,
    "sohc_init_10": 49.37905660845204,
    "sohc_init_11": 49.37905660845204,
    "sohc_init_12": 49.37905660845204,
    "sohc_init_13": 49.37905660845204,
    "sohc_init_14": 49.37905660845204,
    "sohr_init_1": 1.8637172254519947,
    "sohr_init_2": 1.8637172254519947,
    "sohr_init_3": 1.8637172254519947,
    "sohr_init_4": 1.8637172254519947,
    "sohr_init_5": 1.8637172254519947,
    "sohr_init_6": 1.8637172254519947,
    "sohr_init_7": 1.8637172254519947,
    "sohr_init_8": 1.8637172254519947,
    "sohr_init_9": 1.8637172254519947,
    "sohr_init_10": 1.8637172254519947,
    "sohr_init_11": 1.8637172254519947,
    "sohr_init_12": 1.8637172254519947,
    "sohr_init_13": 1.8637172254519947,
    "sohr_init_14": 1.8637172254519947,
    "soc_init_1": 31.645796765405507,
    "soc_init_2": 31.645796765405507,
    "soc_init_3": 31.645796765405507,
    "soc_init_4": 31.645796765405507,
    "soc_init_5": 31.645796765405507,
    "soc_init_6": 31.645796765405507,
    "soc_init_7": 31.645796765405507,
    "soc_init_8": 31.645796765405507,
    "soc_init_9": 31.645796765405507,
    "soc_init_10": 31.645796765405507,
    "soc_init_11": 31.645796765405507,
    "soc_init_12": 31.645796765405507,
    "soc_init_13": 31.645796765405507,
    "soc_init_14": 31.645796765405507,
    "cost": 1.1508323841450212e-09,
    "device": "bPB00055",
    "cycle_start_time": "2022-11-09T07:09:29+00:00"
}