{
    "soc_min": 2,
    "soc_max": 98,
    "r1": 0.014556780726521404,
    "c1": 260425.6367885171,
    "ir_a": 0.00010204950976271327,
    "ir_b": 0.15037223421083382,
    "ir_c": 0.0018074206745973434,
    "ir_d": 0.09907953391977599,
    "ir_e": 0.9997140818347747,
    "no_cells": 14,
    "cell_temp_init": 42.73085952667958,
    "amb_temp_celsius": 34.00619821028513,
    "bat_cell_cap": 66.0,
    "sohc_init_1": 56.52440499310565,
    "sohc_init_2": 56.52440499310565,
    "sohc_init_3": 56.52440499310565,
    "sohc_init_4": 56.52440499310565,
    "sohc_init_5": 56.52440499310565,
    "sohc_init_6": 56.52440499310565,
    "sohc_init_7": 56.52440499310565,
    "sohc_init_8": 56.52440499310565,
    "sohc_init_9": 56.52440499310565,
    "sohc_init_10": 56.52440499310565,
    "sohc_init_11": 56.52440499310565,
    "sohc_init_12": 56.52440499310565,
    "sohc_init_13": 56.52440499310565,
    "sohc_init_14": 56.52440499310565,
    "sohr_init_1": 1.6747876306060345,
    "sohr_init_2": 1.6747876306060345,
    "sohr_init_3": 1.6747876306060345,
    "sohr_init_4": 1.6747876306060345,
    "sohr_init_5": 1.6747876306060345,
    "sohr_init_6": 1.6747876306060345,
    "sohr_init_7": 1.6747876306060345,
    "sohr_init_8": 1.6747876306060345,
    "sohr_init_9": 1.6747876306060345,
    "sohr_init_10": 1.6747876306060345,
    "sohr_init_11": 1.6747876306060345,
    "sohr_init_12": 1.6747876306060345,
    "sohr_init_13": 1.6747876306060345,
    "sohr_init_14": 1.6747876306060345,
    "soc_init_1": 32.815417254200256,
    "soc_init_2": 32.815417254200256,
    "soc_init_3": 32.815417254200256,
    "soc_init_4": 32.815417254200256,
    "soc_init_5": 32.815417254200256,
    "soc_init_6": 32.815417254200256,
    "soc_init_7": 32.815417254200256,
    "soc_init_8": 32.815417254200256,
    "soc_init_9": 32.815417254200256,
    "soc_init_10": 32.815417254200256,
    "soc_init_11": 32.815417254200256,
    "soc_init_12": 32.815417254200256,
    "soc_init_13": 32.815417254200256,
    "soc_init_14": 32.815417254200256,
    "cost": 4.369732137621893e-09,
    "device": "bPB00055",
    "cycle_start_time": "2022-07-06T11:26:02+00:00"
}