{
    "soc_min": 2,
    "soc_max": 98,
    "r1": 0.014556780726521404,
    "c1": 260425.6367885171,
    "ir_a": 0.00010204950976271327,
    "ir_b": 0.15037223421083382,
    "ir_c": 0.0018074206745973434,
    "ir_d": 0.09907953391977599,
    "ir_e": 0.9997140818347747,
    "no_cells": 14,
    "cell_temp_init": 42.73085952667958,
    "amb_temp_celsius": 34.00619821028513,
    "bat_cell_cap": 66.0,
    "sohc_init_1": 53.49930732334475,
    "sohc_init_2": 53.49930732334475,
    "sohc_init_3": 53.49930732334475,
    "sohc_init_4": 53.49930732334475,
    "sohc_init_5": 53.49930732334475,
    "sohc_init_6": 53.49930732334475,
    "sohc_init_7": 53.49930732334475,
    "sohc_init_8": 53.49930732334475,
    "sohc_init_9": 53.49930732334475,
    "sohc_init_10": 53.49930732334475,
    "sohc_init_11": 53.49930732334475,
    "sohc_init_12": 53.49930732334475,
    "sohc_init_13": 53.49930732334475,
    "sohc_init_14": 53.49930732334475,
    "sohr_init_1": 1.7537839744611254,
    "sohr_init_2": 1.7537839744611254,
    "sohr_init_3": 1.7537839744611254,
    "sohr_init_4": 1.7537839744611254,
    "sohr_init_5": 1.7537839744611254,
    "sohr_init_6": 1.7537839744611254,
    "sohr_init_7": 1.7537839744611254,
    "sohr_init_8": 1.7537839744611254,
    "sohr_init_9": 1.7537839744611254,
    "sohr_init_10": 1.7537839744611254,
    "sohr_init_11": 1.7537839744611254,
    "sohr_init_12": 1.7537839744611254,
    "sohr_init_13": 1.7537839744611254,
    "sohr_init_14": 1.7537839744611254,
    "soc_init_1": 8.062332408906514,
    "soc_init_2": 8.062332408906514,
    "soc_init_3": 8.062332408906514,
    "soc_init_4": 8.062332408906514,
    "soc_init_5": 8.062332408906514,
    "soc_init_6": 8.062332408906514,
    "soc_init_7": 8.062332408906514,
    "soc_init_8": 8.062332408906514,
    "soc_init_9": 8.062332408906514,
    "soc_init_10": 8.062332408906514,
    "soc_init_11": 8.062332408906514,
    "soc_init_12": 8.062332408906514,
    "soc_init_13": 8.062332408906514,
    "soc_init_14": 8.062332408906514,
    "cost": 4.243294922519907e-08,
    "device": "bPB00055",
    "cycle_start_time": "2022-09-03T01:31:06+00:00"
}