{
    "soc_min": 2,
    "soc_max": 98,
    "r1": 0.014556780726521404,
    "c1": 260425.6367885171,
    "ir_a": 0.00010204950976271327,
    "ir_b": 0.15037223421083382,
    "ir_c": 0.0018074206745973434,
    "ir_d": 0.09907953391977599,
    "ir_e": 0.9997140818347747,
    "no_cells": 14,
    "cell_temp_init": 42.73085952667958,
    "amb_temp_celsius": 34.00619821028513,
    "bat_cell_cap": 66.0,
    "sohc_init_1": 69.88336703329618,
    "sohc_init_2": 69.88336703329618,
    "sohc_init_3": 69.88336703329618,
    "sohc_init_4": 69.88336703329618,
    "sohc_init_5": 69.88336703329618,
    "sohc_init_6": 69.88336703329618,
    "sohc_init_7": 69.88336703329618,
    "sohc_init_8": 69.88336703329618,
    "sohc_init_9": 69.88336703329618,
    "sohc_init_10": 69.88336703329618,
    "sohc_init_11": 69.88336703329618,
    "sohc_init_12": 69.88336703329618,
    "sohc_init_13": 69.88336703329618,
    "sohc_init_14": 69.88336703329618,
    "sohr_init_1": 1.4769802941007106,
    "sohr_init_2": 1.4769802941007106,
    "sohr_init_3": 1.4769802941007106,
    "sohr_init_4": 1.4769802941007106,
    "sohr_init_5": 1.4769802941007106,
    "sohr_init_6": 1.4769802941007106,
    "sohr_init_7": 1.4769802941007106,
    "sohr_init_8": 1.4769802941007106,
    "sohr_init_9": 1.4769802941007106,
    "sohr_init_10": 1.4769802941007106,
    "sohr_init_11": 1.4769802941007106,
    "sohr_init_12": 1.4769802941007106,
    "sohr_init_13": 1.4769802941007106,
    "sohr_init_14": 1.4769802941007106,
    "soc_init_1": 3.0001341019715073,
    "soc_init_2": 3.0001341019715073,
    "soc_init_3": 3.0001341019715073,
    "soc_init_4": 3.0001341019715073,
    "soc_init_5": 3.0001341019715073,
    "soc_init_6": 3.0001341019715073,
    "soc_init_7": 3.0001341019715073,
    "soc_init_8": 3.0001341019715073,
    "soc_init_9": 3.0001341019715073,
    "soc_init_10": 3.0001341019715073,
    "soc_init_11": 3.0001341019715073,
    "soc_init_12": 3.0001341019715073,
    "soc_init_13": 3.0001341019715073,
    "soc_init_14": 3.0001341019715073,
    "cost": 0.03719832379222548,
    "device": "bPB00055",
    "cycle_start_time": "2021-08-03T16:51:42+00:00"
}