{
    "soc_min": 2,
    "soc_max": 98,
    "r1": 0.014556780726521404,
    "c1": 260425.6367885171,
    "ir_a": 0.00010204950976271327,
    "ir_b": 0.15037223421083382,
    "ir_c": 0.0018074206745973434,
    "ir_d": 0.09907953391977599,
    "ir_e": 0.9997140818347747,
    "no_cells": 14,
    "cell_temp_init": 42.73085952667958,
    "amb_temp_celsius": 34.00619821028513,
    "bat_cell_cap": 66.0,
    "sohc_init_1": 61.016042581081265,
    "sohc_init_2": 61.016042581081265,
    "sohc_init_3": 61.016042581081265,
    "sohc_init_4": 61.016042581081265,
    "sohc_init_5": 61.016042581081265,
    "sohc_init_6": 61.016042581081265,
    "sohc_init_7": 61.016042581081265,
    "sohc_init_8": 61.016042581081265,
    "sohc_init_9": 61.016042581081265,
    "sohc_init_10": 61.016042581081265,
    "sohc_init_11": 61.016042581081265,
    "sohc_init_12": 61.016042581081265,
    "sohc_init_13": 61.016042581081265,
    "sohc_init_14": 61.016042581081265,
    "sohr_init_1": 1.551377309432406,
    "sohr_init_2": 1.551377309432406,
    "sohr_init_3": 1.551377309432406,
    "sohr_init_4": 1.551377309432406,
    "sohr_init_5": 1.551377309432406,
    "sohr_init_6": 1.551377309432406,
    "sohr_init_7": 1.551377309432406,
    "sohr_init_8": 1.551377309432406,
    "sohr_init_9": 1.551377309432406,
    "sohr_init_10": 1.551377309432406,
    "sohr_init_11": 1.551377309432406,
    "sohr_init_12": 1.551377309432406,
    "sohr_init_13": 1.551377309432406,
    "sohr_init_14": 1.551377309432406,
    "soc_init_1": 29.81650919284098,
    "soc_init_2": 29.81650919284098,
    "soc_init_3": 29.81650919284098,
    "soc_init_4": 29.81650919284098,
    "soc_init_5": 29.81650919284098,
    "soc_init_6": 29.81650919284098,
    "soc_init_7": 29.81650919284098,
    "soc_init_8": 29.81650919284098,
    "soc_init_9": 29.81650919284098,
    "soc_init_10": 29.81650919284098,
    "soc_init_11": 29.81650919284098,
    "soc_init_12": 29.81650919284098,
    "soc_init_13": 29.81650919284098,
    "soc_init_14": 29.81650919284098,
    "cost": 4.061100506051299e-09,
    "device": "bPB00055",
    "cycle_start_time": "2021-10-26T12:18:58+00:00"
}