{
    "soc_min": 2,
    "soc_max": 98,
    "r1": 0.014556780726521404,
    "c1": 260425.6367885171,
    "ir_a": 0.00010204950976271327,
    "ir_b": 0.15037223421083382,
    "ir_c": 0.0018074206745973434,
    "ir_d": 0.09907953391977599,
    "ir_e": 0.9997140818347747,
    "no_cells": 14,
    "cell_temp_init": 42.73085952667958,
    "amb_temp_celsius": 34.00619821028513,
    "bat_cell_cap": 66.0,
    "sohc_init_1": 50.07184752778045,
    "sohc_init_2": 50.07184752778045,
    "sohc_init_3": 50.07184752778045,
    "sohc_init_4": 50.07184752778045,
    "sohc_init_5": 50.07184752778045,
    "sohc_init_6": 50.07184752778045,
    "sohc_init_7": 50.07184752778045,
    "sohc_init_8": 50.07184752778045,
    "sohc_init_9": 50.07184752778045,
    "sohc_init_10": 50.07184752778045,
    "sohc_init_11": 50.07184752778045,
    "sohc_init_12": 50.07184752778045,
    "sohc_init_13": 50.07184752778045,
    "sohc_init_14": 50.07184752778045,
    "sohr_init_1": 1.8466793974779645,
    "sohr_init_2": 1.8466793974779645,
    "sohr_init_3": 1.8466793974779645,
    "sohr_init_4": 1.8466793974779645,
    "sohr_init_5": 1.8466793974779645,
    "sohr_init_6": 1.8466793974779645,
    "sohr_init_7": 1.8466793974779645,
    "sohr_init_8": 1.8466793974779645,
    "sohr_init_9": 1.8466793974779645,
    "sohr_init_10": 1.8466793974779645,
    "sohr_init_11": 1.8466793974779645,
    "sohr_init_12": 1.8466793974779645,
    "sohr_init_13": 1.8466793974779645,
    "sohr_init_14": 1.8466793974779645,
    "soc_init_1": 30.35189616910616,
    "soc_init_2": 30.35189616910616,
    "soc_init_3": 30.35189616910616,
    "soc_init_4": 30.35189616910616,
    "soc_init_5": 30.35189616910616,
    "soc_init_6": 30.35189616910616,
    "soc_init_7": 30.35189616910616,
    "soc_init_8": 30.35189616910616,
    "soc_init_9": 30.35189616910616,
    "soc_init_10": 30.35189616910616,
    "soc_init_11": 30.35189616910616,
    "soc_init_12": 30.35189616910616,
    "soc_init_13": 30.35189616910616,
    "soc_init_14": 30.35189616910616,
    "cost": 7.61098785214e-09,
    "device": "bPB00055",
    "cycle_start_time": "2022-10-27T20:01:43+00:00"
}