{
    "soc_min": 2,
    "soc_max": 98,
    "r1": 0.014556780726521404,
    "c1": 260425.6367885171,
    "ir_a": 0.00010204950976271327,
    "ir_b": 0.15037223421083382,
    "ir_c": 0.0018074206745973434,
    "ir_d": 0.09907953391977599,
    "ir_e": 0.9997140818347747,
    "no_cells": 14,
    "cell_temp_init": 42.73085952667958,
    "amb_temp_celsius": 34.00619821028513,
    "bat_cell_cap": 66.0,
    "sohc_init_1": 61.00208017113552,
    "sohc_init_2": 61.00208017113552,
    "sohc_init_3": 61.00208017113552,
    "sohc_init_4": 61.00208017113552,
    "sohc_init_5": 61.00208017113552,
    "sohc_init_6": 61.00208017113552,
    "sohc_init_7": 61.00208017113552,
    "sohc_init_8": 61.00208017113552,
    "sohc_init_9": 61.00208017113552,
    "sohc_init_10": 61.00208017113552,
    "sohc_init_11": 61.00208017113552,
    "sohc_init_12": 61.00208017113552,
    "sohc_init_13": 61.00208017113552,
    "sohc_init_14": 61.00208017113552,
    "sohr_init_1": 1.55186141912761,
    "sohr_init_2": 1.55186141912761,
    "sohr_init_3": 1.55186141912761,
    "sohr_init_4": 1.55186141912761,
    "sohr_init_5": 1.55186141912761,
    "sohr_init_6": 1.55186141912761,
    "sohr_init_7": 1.55186141912761,
    "sohr_init_8": 1.55186141912761,
    "sohr_init_9": 1.55186141912761,
    "sohr_init_10": 1.55186141912761,
    "sohr_init_11": 1.55186141912761,
    "sohr_init_12": 1.55186141912761,
    "sohr_init_13": 1.55186141912761,
    "sohr_init_14": 1.55186141912761,
    "soc_init_1": 30.235286769651868,
    "soc_init_2": 30.235286769651868,
    "soc_init_3": 30.235286769651868,
    "soc_init_4": 30.235286769651868,
    "soc_init_5": 30.235286769651868,
    "soc_init_6": 30.235286769651868,
    "soc_init_7": 30.235286769651868,
    "soc_init_8": 30.235286769651868,
    "soc_init_9": 30.235286769651868,
    "soc_init_10": 30.235286769651868,
    "soc_init_11": 30.235286769651868,
    "soc_init_12": 30.235286769651868,
    "soc_init_13": 30.235286769651868,
    "soc_init_14": 30.235286769651868,
    "cost": 2.657693159556232e-09,
    "device": "bPB00055",
    "cycle_start_time": "2021-10-26T16:35:52+00:00"
}