{
    "soc_min": 2,
    "soc_max": 98,
    "r1": 0.014556780726521404,
    "c1": 260425.6367885171,
    "ir_a": 0.00010204950976271327,
    "ir_b": 0.15037223421083382,
    "ir_c": 0.0018074206745973434,
    "ir_d": 0.09907953391977599,
    "ir_e": 0.9997140818347747,
    "no_cells": 14,
    "cell_temp_init": 42.73085952667958,
    "amb_temp_celsius": 34.00619821028513,
    "bat_cell_cap": 66.0,
    "sohc_init_1": 54.53258529080311,
    "sohc_init_2": 54.53258529080311,
    "sohc_init_3": 54.53258529080311,
    "sohc_init_4": 54.53258529080311,
    "sohc_init_5": 54.53258529080311,
    "sohc_init_6": 54.53258529080311,
    "sohc_init_7": 54.53258529080311,
    "sohc_init_8": 54.53258529080311,
    "sohc_init_9": 54.53258529080311,
    "sohc_init_10": 54.53258529080311,
    "sohc_init_11": 54.53258529080311,
    "sohc_init_12": 54.53258529080311,
    "sohc_init_13": 54.53258529080311,
    "sohc_init_14": 54.53258529080311,
    "sohr_init_1": 1.7254490421810238,
    "sohr_init_2": 1.7254490421810238,
    "sohr_init_3": 1.7254490421810238,
    "sohr_init_4": 1.7254490421810238,
    "sohr_init_5": 1.7254490421810238,
    "sohr_init_6": 1.7254490421810238,
    "sohr_init_7": 1.7254490421810238,
    "sohr_init_8": 1.7254490421810238,
    "sohr_init_9": 1.7254490421810238,
    "sohr_init_10": 1.7254490421810238,
    "sohr_init_11": 1.7254490421810238,
    "sohr_init_12": 1.7254490421810238,
    "sohr_init_13": 1.7254490421810238,
    "sohr_init_14": 1.7254490421810238,
    "soc_init_1": 36.083599024440396,
    "soc_init_2": 36.083599024440396,
    "soc_init_3": 36.083599024440396,
    "soc_init_4": 36.083599024440396,
    "soc_init_5": 36.083599024440396,
    "soc_init_6": 36.083599024440396,
    "soc_init_7": 36.083599024440396,
    "soc_init_8": 36.083599024440396,
    "soc_init_9": 36.083599024440396,
    "soc_init_10": 36.083599024440396,
    "soc_init_11": 36.083599024440396,
    "soc_init_12": 36.083599024440396,
    "soc_init_13": 36.083599024440396,
    "soc_init_14": 36.083599024440396,
    "cost": 1.785656035566778e-08,
    "device": "bPB00055",
    "cycle_start_time": "2022-08-17T17:39:05+00:00"
}