{
    "soc_min": 2,
    "soc_max": 98,
    "r1": 0.014556780726521404,
    "c1": 260425.6367885171,
    "ir_a": 0.00010204950976271327,
    "ir_b": 0.15037223421083382,
    "ir_c": 0.0018074206745973434,
    "ir_d": 0.09907953391977599,
    "ir_e": 0.9997140818347747,
    "no_cells": 14,
    "cell_temp_init": 42.73085952667958,
    "amb_temp_celsius": 34.00619821028513,
    "bat_cell_cap": 66.0,
    "sohc_init_1": 53.340368830027074,
    "sohc_init_2": 53.340368830027074,
    "sohc_init_3": 53.340368830027074,
    "sohc_init_4": 53.340368830027074,
    "sohc_init_5": 53.340368830027074,
    "sohc_init_6": 53.340368830027074,
    "sohc_init_7": 53.340368830027074,
    "sohc_init_8": 53.340368830027074,
    "sohc_init_9": 53.340368830027074,
    "sohc_init_10": 53.340368830027074,
    "sohc_init_11": 53.340368830027074,
    "sohc_init_12": 53.340368830027074,
    "sohc_init_13": 53.340368830027074,
    "sohc_init_14": 53.340368830027074,
    "sohr_init_1": 1.757247519582096,
    "sohr_init_2": 1.757247519582096,
    "sohr_init_3": 1.757247519582096,
    "sohr_init_4": 1.757247519582096,
    "sohr_init_5": 1.757247519582096,
    "sohr_init_6": 1.757247519582096,
    "sohr_init_7": 1.757247519582096,
    "sohr_init_8": 1.757247519582096,
    "sohr_init_9": 1.757247519582096,
    "sohr_init_10": 1.757247519582096,
    "sohr_init_11": 1.757247519582096,
    "sohr_init_12": 1.757247519582096,
    "sohr_init_13": 1.757247519582096,
    "sohr_init_14": 1.757247519582096,
    "soc_init_1": 16.378023721228743,
    "soc_init_2": 16.378023721228743,
    "soc_init_3": 16.378023721228743,
    "soc_init_4": 16.378023721228743,
    "soc_init_5": 16.378023721228743,
    "soc_init_6": 16.378023721228743,
    "soc_init_7": 16.378023721228743,
    "soc_init_8": 16.378023721228743,
    "soc_init_9": 16.378023721228743,
    "soc_init_10": 16.378023721228743,
    "soc_init_11": 16.378023721228743,
    "soc_init_12": 16.378023721228743,
    "soc_init_13": 16.378023721228743,
    "soc_init_14": 16.378023721228743,
    "cost": 2.338048329808537e-06,
    "device": "bPB00055",
    "cycle_start_time": "2022-09-04T12:18:33+00:00"
}