{
    "soc_min": 2,
    "soc_max": 98,
    "r1": 0.014556780726521404,
    "c1": 260425.6367885171,
    "ir_a": 0.00010204950976271327,
    "ir_b": 0.15037223421083382,
    "ir_c": 0.0018074206745973434,
    "ir_d": 0.09907953391977599,
    "ir_e": 0.9997140818347747,
    "no_cells": 14,
    "cell_temp_init": 42.73085952667958,
    "amb_temp_celsius": 34.00619821028513,
    "bat_cell_cap": 66.0,
    "sohc_init_1": 52.444164893992074,
    "sohc_init_2": 52.444164893992074,
    "sohc_init_3": 52.444164893992074,
    "sohc_init_4": 52.444164893992074,
    "sohc_init_5": 52.444164893992074,
    "sohc_init_6": 52.444164893992074,
    "sohc_init_7": 52.444164893992074,
    "sohc_init_8": 52.444164893992074,
    "sohc_init_9": 52.444164893992074,
    "sohc_init_10": 52.444164893992074,
    "sohc_init_11": 52.444164893992074,
    "sohc_init_12": 52.444164893992074,
    "sohc_init_13": 52.444164893992074,
    "sohc_init_14": 52.444164893992074,
    "sohr_init_1": 1.7838749581632405,
    "sohr_init_2": 1.7838749581632405,
    "sohr_init_3": 1.7838749581632405,
    "sohr_init_4": 1.7838749581632405,
    "sohr_init_5": 1.7838749581632405,
    "sohr_init_6": 1.7838749581632405,
    "sohr_init_7": 1.7838749581632405,
    "sohr_init_8": 1.7838749581632405,
    "sohr_init_9": 1.7838749581632405,
    "sohr_init_10": 1.7838749581632405,
    "sohr_init_11": 1.7838749581632405,
    "sohr_init_12": 1.7838749581632405,
    "sohr_init_13": 1.7838749581632405,
    "sohr_init_14": 1.7838749581632405,
    "soc_init_1": 23.51730481178595,
    "soc_init_2": 23.51730481178595,
    "soc_init_3": 23.51730481178595,
    "soc_init_4": 23.51730481178595,
    "soc_init_5": 23.51730481178595,
    "soc_init_6": 23.51730481178595,
    "soc_init_7": 23.51730481178595,
    "soc_init_8": 23.51730481178595,
    "soc_init_9": 23.51730481178595,
    "soc_init_10": 23.51730481178595,
    "soc_init_11": 23.51730481178595,
    "soc_init_12": 23.51730481178595,
    "soc_init_13": 23.51730481178595,
    "soc_init_14": 23.51730481178595,
    "cost": 1.2418791335729937e-08,
    "device": "bPB00055",
    "cycle_start_time": "2022-09-14T12:13:36+00:00"
}