{
    "soc_min": 2,
    "soc_max": 98,
    "r1": 0.014556780726521404,
    "c1": 260425.6367885171,
    "ir_a": 0.00010204950976271327,
    "ir_b": 0.15037223421083382,
    "ir_c": 0.0018074206745973434,
    "ir_d": 0.09907953391977599,
    "ir_e": 0.9997140818347747,
    "no_cells": 14,
    "cell_temp_init": 42.73085952667958,
    "amb_temp_celsius": 34.00619821028513,
    "bat_cell_cap": 66.0,
    "sohc_init_1": 57.5318353655788,
    "sohc_init_2": 57.5318353655788,
    "sohc_init_3": 57.5318353655788,
    "sohc_init_4": 57.5318353655788,
    "sohc_init_5": 57.5318353655788,
    "sohc_init_6": 57.5318353655788,
    "sohc_init_7": 57.5318353655788,
    "sohc_init_8": 57.5318353655788,
    "sohc_init_9": 57.5318353655788,
    "sohc_init_10": 57.5318353655788,
    "sohc_init_11": 57.5318353655788,
    "sohc_init_12": 57.5318353655788,
    "sohc_init_13": 57.5318353655788,
    "sohc_init_14": 57.5318353655788,
    "sohr_init_1": 1.5466263120225783,
    "sohr_init_2": 1.5466263120225783,
    "sohr_init_3": 1.5466263120225783,
    "sohr_init_4": 1.5466263120225783,
    "sohr_init_5": 1.5466263120225783,
    "sohr_init_6": 1.5466263120225783,
    "sohr_init_7": 1.5466263120225783,
    "sohr_init_8": 1.5466263120225783,
    "sohr_init_9": 1.5466263120225783,
    "sohr_init_10": 1.5466263120225783,
    "sohr_init_11": 1.5466263120225783,
    "sohr_init_12": 1.5466263120225783,
    "sohr_init_13": 1.5466263120225783,
    "sohr_init_14": 1.5466263120225783,
    "soc_init_1": 3.0560520318849433,
    "soc_init_2": 3.0560520318849433,
    "soc_init_3": 3.0560520318849433,
    "soc_init_4": 3.0560520318849433,
    "soc_init_5": 3.0560520318849433,
    "soc_init_6": 3.0560520318849433,
    "soc_init_7": 3.0560520318849433,
    "soc_init_8": 3.0560520318849433,
    "soc_init_9": 3.0560520318849433,
    "soc_init_10": 3.0560520318849433,
    "soc_init_11": 3.0560520318849433,
    "soc_init_12": 3.0560520318849433,
    "soc_init_13": 3.0560520318849433,
    "soc_init_14": 3.0560520318849433,
    "cost": 0.0357781073125898,
    "device": "bPB00055",
    "cycle_start_time": "2021-11-22T17:04:08+00:00"
}