{
    "soc_min": 2,
    "soc_max": 98,
    "r1": 0.014556780726521404,
    "c1": 260425.6367885171,
    "ir_a": 0.00010204950976271327,
    "ir_b": 0.15037223421083382,
    "ir_c": 0.0018074206745973434,
    "ir_d": 0.09907953391977599,
    "ir_e": 0.9997140818347747,
    "no_cells": 14,
    "cell_temp_init": 42.73085952667958,
    "amb_temp_celsius": 34.00619821028513,
    "bat_cell_cap": 66.0,
    "sohc_init_1": 60.82078195466211,
    "sohc_init_2": 60.82078195466211,
    "sohc_init_3": 60.82078195466211,
    "sohc_init_4": 60.82078195466211,
    "sohc_init_5": 60.82078195466211,
    "sohc_init_6": 60.82078195466211,
    "sohc_init_7": 60.82078195466211,
    "sohc_init_8": 60.82078195466211,
    "sohc_init_9": 60.82078195466211,
    "sohc_init_10": 60.82078195466211,
    "sohc_init_11": 60.82078195466211,
    "sohc_init_12": 60.82078195466211,
    "sohc_init_13": 60.82078195466211,
    "sohc_init_14": 60.82078195466211,
    "sohr_init_1": 1.556520569283041,
    "sohr_init_2": 1.556520569283041,
    "sohr_init_3": 1.556520569283041,
    "sohr_init_4": 1.556520569283041,
    "sohr_init_5": 1.556520569283041,
    "sohr_init_6": 1.556520569283041,
    "sohr_init_7": 1.556520569283041,
    "sohr_init_8": 1.556520569283041,
    "sohr_init_9": 1.556520569283041,
    "sohr_init_10": 1.556520569283041,
    "sohr_init_11": 1.556520569283041,
    "sohr_init_12": 1.556520569283041,
    "sohr_init_13": 1.556520569283041,
    "sohr_init_14": 1.556520569283041,
    "soc_init_1": 15.163358926103426,
    "soc_init_2": 15.163358926103426,
    "soc_init_3": 15.163358926103426,
    "soc_init_4": 15.163358926103426,
    "soc_init_5": 15.163358926103426,
    "soc_init_6": 15.163358926103426,
    "soc_init_7": 15.163358926103426,
    "soc_init_8": 15.163358926103426,
    "soc_init_9": 15.163358926103426,
    "soc_init_10": 15.163358926103426,
    "soc_init_11": 15.163358926103426,
    "soc_init_12": 15.163358926103426,
    "soc_init_13": 15.163358926103426,
    "soc_init_14": 15.163358926103426,
    "cost": 2.5761283892859523e-08,
    "device": "bPB00055",
    "cycle_start_time": "2021-11-02T05:26:43+00:00"
}