{
    "soc_min": 2,
    "soc_max": 98,
    "r1": 0.014556780726521404,
    "c1": 260425.6367885171,
    "ir_a": 0.00010204950976271327,
    "ir_b": 0.15037223421083382,
    "ir_c": 0.0018074206745973434,
    "ir_d": 0.09907953391977599,
    "ir_e": 0.9997140818347747,
    "no_cells": 14,
    "cell_temp_init": 42.73085952667958,
    "amb_temp_celsius": 34.00619821028513,
    "bat_cell_cap": 66.0,
    "sohc_init_1": 64.5284042154782,
    "sohc_init_2": 64.5284042154782,
    "sohc_init_3": 64.5284042154782,
    "sohc_init_4": 64.5284042154782,
    "sohc_init_5": 64.5284042154782,
    "sohc_init_6": 64.5284042154782,
    "sohc_init_7": 64.5284042154782,
    "sohc_init_8": 64.5284042154782,
    "sohc_init_9": 64.5284042154782,
    "sohc_init_10": 64.5284042154782,
    "sohc_init_11": 64.5284042154782,
    "sohc_init_12": 64.5284042154782,
    "sohc_init_13": 64.5284042154782,
    "sohc_init_14": 64.5284042154782,
    "sohr_init_1": 1.4596766156329855,
    "sohr_init_2": 1.4596766156329855,
    "sohr_init_3": 1.4596766156329855,
    "sohr_init_4": 1.4596766156329855,
    "sohr_init_5": 1.4596766156329855,
    "sohr_init_6": 1.4596766156329855,
    "sohr_init_7": 1.4596766156329855,
    "sohr_init_8": 1.4596766156329855,
    "sohr_init_9": 1.4596766156329855,
    "sohr_init_10": 1.4596766156329855,
    "sohr_init_11": 1.4596766156329855,
    "sohr_init_12": 1.4596766156329855,
    "sohr_init_13": 1.4596766156329855,
    "sohr_init_14": 1.4596766156329855,
    "soc_init_1": 34.3618417749159,
    "soc_init_2": 34.3618417749159,
    "soc_init_3": 34.3618417749159,
    "soc_init_4": 34.3618417749159,
    "soc_init_5": 34.3618417749159,
    "soc_init_6": 34.3618417749159,
    "soc_init_7": 34.3618417749159,
    "soc_init_8": 34.3618417749159,
    "soc_init_9": 34.3618417749159,
    "soc_init_10": 34.3618417749159,
    "soc_init_11": 34.3618417749159,
    "soc_init_12": 34.3618417749159,
    "soc_init_13": 34.3618417749159,
    "soc_init_14": 34.3618417749159,
    "cost": 3.1348621107826197e-10,
    "device": "bPB00055",
    "cycle_start_time": "2021-08-01T22:09:27+00:00"
}