{
    "soc_min": 2,
    "soc_max": 98,
    "r1": 0.014556780726521404,
    "c1": 260425.6367885171,
    "ir_a": 0.00010204950976271327,
    "ir_b": 0.15037223421083382,
    "ir_c": 0.0018074206745973434,
    "ir_d": 0.09907953391977599,
    "ir_e": 0.9997140818347747,
    "no_cells": 14,
    "cell_temp_init": 42.73085952667958,
    "amb_temp_celsius": 34.00619821028513,
    "bat_cell_cap": 66.0,
    "sohc_init_1": 57.20124753125319,
    "sohc_init_2": 57.20124753125319,
    "sohc_init_3": 57.20124753125319,
    "sohc_init_4": 57.20124753125319,
    "sohc_init_5": 57.20124753125319,
    "sohc_init_6": 57.20124753125319,
    "sohc_init_7": 57.20124753125319,
    "sohc_init_8": 57.20124753125319,
    "sohc_init_9": 57.20124753125319,
    "sohc_init_10": 57.20124753125319,
    "sohc_init_11": 57.20124753125319,
    "sohc_init_12": 57.20124753125319,
    "sohc_init_13": 57.20124753125319,
    "sohc_init_14": 57.20124753125319,
    "sohr_init_1": 1.6563388499819964,
    "sohr_init_2": 1.6563388499819964,
    "sohr_init_3": 1.6563388499819964,
    "sohr_init_4": 1.6563388499819964,
    "sohr_init_5": 1.6563388499819964,
    "sohr_init_6": 1.6563388499819964,
    "sohr_init_7": 1.6563388499819964,
    "sohr_init_8": 1.6563388499819964,
    "sohr_init_9": 1.6563388499819964,
    "sohr_init_10": 1.6563388499819964,
    "sohr_init_11": 1.6563388499819964,
    "sohr_init_12": 1.6563388499819964,
    "sohr_init_13": 1.6563388499819964,
    "sohr_init_14": 1.6563388499819964,
    "soc_init_1": 32.94750259488515,
    "soc_init_2": 32.94750259488515,
    "soc_init_3": 32.94750259488515,
    "soc_init_4": 32.94750259488515,
    "soc_init_5": 32.94750259488515,
    "soc_init_6": 32.94750259488515,
    "soc_init_7": 32.94750259488515,
    "soc_init_8": 32.94750259488515,
    "soc_init_9": 32.94750259488515,
    "soc_init_10": 32.94750259488515,
    "soc_init_11": 32.94750259488515,
    "soc_init_12": 32.94750259488515,
    "soc_init_13": 32.94750259488515,
    "soc_init_14": 32.94750259488515,
    "cost": 2.1074274321069564e-08,
    "device": "bPB00055",
    "cycle_start_time": "2022-06-09T02:01:48+00:00"
}