{
    "soc_min": 2,
    "soc_max": 98,
    "r1": 0.014556780726521404,
    "c1": 260425.6367885171,
    "ir_a": 0.00010204950976271327,
    "ir_b": 0.15037223421083382,
    "ir_c": 0.0018074206745973434,
    "ir_d": 0.09907953391977599,
    "ir_e": 0.9997140818347747,
    "no_cells": 14,
    "cell_temp_init": 42.73085952667958,
    "amb_temp_celsius": 34.00619821028513,
    "bat_cell_cap": 66.0,
    "sohc_init_1": 48.996844587557305,
    "sohc_init_2": 48.996844587557305,
    "sohc_init_3": 48.996844587557305,
    "sohc_init_4": 48.996844587557305,
    "sohc_init_5": 48.996844587557305,
    "sohc_init_6": 48.996844587557305,
    "sohc_init_7": 48.996844587557305,
    "sohc_init_8": 48.996844587557305,
    "sohc_init_9": 48.996844587557305,
    "sohc_init_10": 48.996844587557305,
    "sohc_init_11": 48.996844587557305,
    "sohc_init_12": 48.996844587557305,
    "sohc_init_13": 48.996844587557305,
    "sohc_init_14": 48.996844587557305,
    "sohr_init_1": 1.8727374981439726,
    "sohr_init_2": 1.8727374981439726,
    "sohr_init_3": 1.8727374981439726,
    "sohr_init_4": 1.8727374981439726,
    "sohr_init_5": 1.8727374981439726,
    "sohr_init_6": 1.8727374981439726,
    "sohr_init_7": 1.8727374981439726,
    "sohr_init_8": 1.8727374981439726,
    "sohr_init_9": 1.8727374981439726,
    "sohr_init_10": 1.8727374981439726,
    "sohr_init_11": 1.8727374981439726,
    "sohr_init_12": 1.8727374981439726,
    "sohr_init_13": 1.8727374981439726,
    "sohr_init_14": 1.8727374981439726,
    "soc_init_1": 30.1440853156849,
    "soc_init_2": 30.1440853156849,
    "soc_init_3": 30.1440853156849,
    "soc_init_4": 30.1440853156849,
    "soc_init_5": 30.1440853156849,
    "soc_init_6": 30.1440853156849,
    "soc_init_7": 30.1440853156849,
    "soc_init_8": 30.1440853156849,
    "soc_init_9": 30.1440853156849,
    "soc_init_10": 30.1440853156849,
    "soc_init_11": 30.1440853156849,
    "soc_init_12": 30.1440853156849,
    "soc_init_13": 30.1440853156849,
    "soc_init_14": 30.1440853156849,
    "cost": 5.656374437496271e-09,
    "device": "bPB00055",
    "cycle_start_time": "2022-11-16T03:04:12+00:00"
}