{
    "soc_min": 2,
    "soc_max": 98,
    "r1": 0.014556780726521404,
    "c1": 260425.6367885171,
    "ir_a": 0.00010204950976271327,
    "ir_b": 0.15037223421083382,
    "ir_c": 0.0018074206745973434,
    "ir_d": 0.09907953391977599,
    "ir_e": 0.9997140818347747,
    "no_cells": 14,
    "cell_temp_init": 42.73085952667958,
    "amb_temp_celsius": 34.00619821028513,
    "bat_cell_cap": 66.0,
    "sohc_init_1": 52.513317895969394,
    "sohc_init_2": 52.513317895969394,
    "sohc_init_3": 52.513317895969394,
    "sohc_init_4": 52.513317895969394,
    "sohc_init_5": 52.513317895969394,
    "sohc_init_6": 52.513317895969394,
    "sohc_init_7": 52.513317895969394,
    "sohc_init_8": 52.513317895969394,
    "sohc_init_9": 52.513317895969394,
    "sohc_init_10": 52.513317895969394,
    "sohc_init_11": 52.513317895969394,
    "sohc_init_12": 52.513317895969394,
    "sohc_init_13": 52.513317895969394,
    "sohc_init_14": 52.513317895969394,
    "sohr_init_1": 1.782049763757922,
    "sohr_init_2": 1.782049763757922,
    "sohr_init_3": 1.782049763757922,
    "sohr_init_4": 1.782049763757922,
    "sohr_init_5": 1.782049763757922,
    "sohr_init_6": 1.782049763757922,
    "sohr_init_7": 1.782049763757922,
    "sohr_init_8": 1.782049763757922,
    "sohr_init_9": 1.782049763757922,
    "sohr_init_10": 1.782049763757922,
    "sohr_init_11": 1.782049763757922,
    "sohr_init_12": 1.782049763757922,
    "sohr_init_13": 1.782049763757922,
    "sohr_init_14": 1.782049763757922,
    "soc_init_1": 20.067132134478502,
    "soc_init_2": 20.067132134478502,
    "soc_init_3": 20.067132134478502,
    "soc_init_4": 20.067132134478502,
    "soc_init_5": 20.067132134478502,
    "soc_init_6": 20.067132134478502,
    "soc_init_7": 20.067132134478502,
    "soc_init_8": 20.067132134478502,
    "soc_init_9": 20.067132134478502,
    "soc_init_10": 20.067132134478502,
    "soc_init_11": 20.067132134478502,
    "soc_init_12": 20.067132134478502,
    "soc_init_13": 20.067132134478502,
    "soc_init_14": 20.067132134478502,
    "cost": 5.4116557281548815e-09,
    "device": "bPB00055",
    "cycle_start_time": "2022-09-13T18:36:16+00:00"
}