{
    "soc_min": 2,
    "soc_max": 98,
    "r1": 0.014556780726521404,
    "c1": 260425.6367885171,
    "ir_a": 0.00010204950976271327,
    "ir_b": 0.15037223421083382,
    "ir_c": 0.0018074206745973434,
    "ir_d": 0.09907953391977599,
    "ir_e": 0.9997140818347747,
    "no_cells": 14,
    "cell_temp_init": 42.73085952667958,
    "amb_temp_celsius": 34.00619821028513,
    "bat_cell_cap": 66.0,
    "sohc_init_1": 53.316583494191555,
    "sohc_init_2": 53.316583494191555,
    "sohc_init_3": 53.316583494191555,
    "sohc_init_4": 53.316583494191555,
    "sohc_init_5": 53.316583494191555,
    "sohc_init_6": 53.316583494191555,
    "sohc_init_7": 53.316583494191555,
    "sohc_init_8": 53.316583494191555,
    "sohc_init_9": 53.316583494191555,
    "sohc_init_10": 53.316583494191555,
    "sohc_init_11": 53.316583494191555,
    "sohc_init_12": 53.316583494191555,
    "sohc_init_13": 53.316583494191555,
    "sohc_init_14": 53.316583494191555,
    "sohr_init_1": 1.7607275251573111,
    "sohr_init_2": 1.7607275251573111,
    "sohr_init_3": 1.7607275251573111,
    "sohr_init_4": 1.7607275251573111,
    "sohr_init_5": 1.7607275251573111,
    "sohr_init_6": 1.7607275251573111,
    "sohr_init_7": 1.7607275251573111,
    "sohr_init_8": 1.7607275251573111,
    "sohr_init_9": 1.7607275251573111,
    "sohr_init_10": 1.7607275251573111,
    "sohr_init_11": 1.7607275251573111,
    "sohr_init_12": 1.7607275251573111,
    "sohr_init_13": 1.7607275251573111,
    "sohr_init_14": 1.7607275251573111,
    "soc_init_1": 20.74312756656358,
    "soc_init_2": 20.74312756656358,
    "soc_init_3": 20.74312756656358,
    "soc_init_4": 20.74312756656358,
    "soc_init_5": 20.74312756656358,
    "soc_init_6": 20.74312756656358,
    "soc_init_7": 20.74312756656358,
    "soc_init_8": 20.74312756656358,
    "soc_init_9": 20.74312756656358,
    "soc_init_10": 20.74312756656358,
    "soc_init_11": 20.74312756656358,
    "soc_init_12": 20.74312756656358,
    "soc_init_13": 20.74312756656358,
    "soc_init_14": 20.74312756656358,
    "cost": 1.5193176738047095e-05,
    "device": "bPB00055",
    "cycle_start_time": "2022-09-05T17:26:13+00:00"
}