{
    "soc_min": 2,
    "soc_max": 98,
    "r1": 0.014556780726521404,
    "c1": 260425.6367885171,
    "ir_a": 0.00010204950976271327,
    "ir_b": 0.15037223421083382,
    "ir_c": 0.0018074206745973434,
    "ir_d": 0.09907953391977599,
    "ir_e": 0.9997140818347747,
    "no_cells": 14,
    "cell_temp_init": 42.73085952667958,
    "amb_temp_celsius": 34.00619821028513,
    "bat_cell_cap": 66.0,
    "sohc_init_1": 52.95012216741968,
    "sohc_init_2": 52.95012216741968,
    "sohc_init_3": 52.95012216741968,
    "sohc_init_4": 52.95012216741968,
    "sohc_init_5": 52.95012216741968,
    "sohc_init_6": 52.95012216741968,
    "sohc_init_7": 52.95012216741968,
    "sohc_init_8": 52.95012216741968,
    "sohc_init_9": 52.95012216741968,
    "sohc_init_10": 52.95012216741968,
    "sohc_init_11": 52.95012216741968,
    "sohc_init_12": 52.95012216741968,
    "sohc_init_13": 52.95012216741968,
    "sohc_init_14": 52.95012216741968,
    "sohr_init_1": 1.7691901862841921,
    "sohr_init_2": 1.7691901862841921,
    "sohr_init_3": 1.7691901862841921,
    "sohr_init_4": 1.7691901862841921,
    "sohr_init_5": 1.7691901862841921,
    "sohr_init_6": 1.7691901862841921,
    "sohr_init_7": 1.7691901862841921,
    "sohr_init_8": 1.7691901862841921,
    "sohr_init_9": 1.7691901862841921,
    "sohr_init_10": 1.7691901862841921,
    "sohr_init_11": 1.7691901862841921,
    "sohr_init_12": 1.7691901862841921,
    "sohr_init_13": 1.7691901862841921,
    "sohr_init_14": 1.7691901862841921,
    "soc_init_1": 9.879381037984393,
    "soc_init_2": 9.879381037984393,
    "soc_init_3": 9.879381037984393,
    "soc_init_4": 9.879381037984393,
    "soc_init_5": 9.879381037984393,
    "soc_init_6": 9.879381037984393,
    "soc_init_7": 9.879381037984393,
    "soc_init_8": 9.879381037984393,
    "soc_init_9": 9.879381037984393,
    "soc_init_10": 9.879381037984393,
    "soc_init_11": 9.879381037984393,
    "soc_init_12": 9.879381037984393,
    "soc_init_13": 9.879381037984393,
    "soc_init_14": 9.879381037984393,
    "cost": 8.553140507103173e-09,
    "device": "bPB00055",
    "cycle_start_time": "2022-09-08T22:31:25+00:00"
}