{
    "soc_min": 2,
    "soc_max": 98,
    "r1": 0.014556780726521404,
    "c1": 260425.6367885171,
    "ir_a": 0.00010204950976271327,
    "ir_b": 0.15037223421083382,
    "ir_c": 0.0018074206745973434,
    "ir_d": 0.09907953391977599,
    "ir_e": 0.9997140818347747,
    "no_cells": 14,
    "cell_temp_init": 42.73085952667958,
    "amb_temp_celsius": 34.00619821028513,
    "bat_cell_cap": 66.0,
    "sohc_init_1": 53.048996700918515,
    "sohc_init_2": 53.048996700918515,
    "sohc_init_3": 53.048996700918515,
    "sohc_init_4": 53.048996700918515,
    "sohc_init_5": 53.048996700918515,
    "sohc_init_6": 53.048996700918515,
    "sohc_init_7": 53.048996700918515,
    "sohc_init_8": 53.048996700918515,
    "sohc_init_9": 53.048996700918515,
    "sohc_init_10": 53.048996700918515,
    "sohc_init_11": 53.048996700918515,
    "sohc_init_12": 53.048996700918515,
    "sohc_init_13": 53.048996700918515,
    "sohc_init_14": 53.048996700918515,
    "sohr_init_1": 1.766380623432097,
    "sohr_init_2": 1.766380623432097,
    "sohr_init_3": 1.766380623432097,
    "sohr_init_4": 1.766380623432097,
    "sohr_init_5": 1.766380623432097,
    "sohr_init_6": 1.766380623432097,
    "sohr_init_7": 1.766380623432097,
    "sohr_init_8": 1.766380623432097,
    "sohr_init_9": 1.766380623432097,
    "sohr_init_10": 1.766380623432097,
    "sohr_init_11": 1.766380623432097,
    "sohr_init_12": 1.766380623432097,
    "sohr_init_13": 1.766380623432097,
    "sohr_init_14": 1.766380623432097,
    "soc_init_1": 27.20384884434005,
    "soc_init_2": 27.20384884434005,
    "soc_init_3": 27.20384884434005,
    "soc_init_4": 27.20384884434005,
    "soc_init_5": 27.20384884434005,
    "soc_init_6": 27.20384884434005,
    "soc_init_7": 27.20384884434005,
    "soc_init_8": 27.20384884434005,
    "soc_init_9": 27.20384884434005,
    "soc_init_10": 27.20384884434005,
    "soc_init_11": 27.20384884434005,
    "soc_init_12": 27.20384884434005,
    "soc_init_13": 27.20384884434005,
    "soc_init_14": 27.20384884434005,
    "cost": 3.02907547429568e-08,
    "device": "bPB00055",
    "cycle_start_time": "2022-09-07T22:43:13+00:00"
}