{
    "soc_min": 2,
    "soc_max": 98,
    "r1": 0.014556780726521404,
    "c1": 260425.6367885171,
    "ir_a": 0.00010204950976271327,
    "ir_b": 0.15037223421083382,
    "ir_c": 0.0018074206745973434,
    "ir_d": 0.09907953391977599,
    "ir_e": 0.9997140818347747,
    "no_cells": 14,
    "cell_temp_init": 42.73085952667958,
    "amb_temp_celsius": 34.00619821028513,
    "bat_cell_cap": 66.0,
    "sohc_init_1": 54.62950946491954,
    "sohc_init_2": 54.62950946491954,
    "sohc_init_3": 54.62950946491954,
    "sohc_init_4": 54.62950946491954,
    "sohc_init_5": 54.62950946491954,
    "sohc_init_6": 54.62950946491954,
    "sohc_init_7": 54.62950946491954,
    "sohc_init_8": 54.62950946491954,
    "sohc_init_9": 54.62950946491954,
    "sohc_init_10": 54.62950946491954,
    "sohc_init_11": 54.62950946491954,
    "sohc_init_12": 54.62950946491954,
    "sohc_init_13": 54.62950946491954,
    "sohc_init_14": 54.62950946491954,
    "sohr_init_1": 1.7228534864382181,
    "sohr_init_2": 1.7228534864382181,
    "sohr_init_3": 1.7228534864382181,
    "sohr_init_4": 1.7228534864382181,
    "sohr_init_5": 1.7228534864382181,
    "sohr_init_6": 1.7228534864382181,
    "sohr_init_7": 1.7228534864382181,
    "sohr_init_8": 1.7228534864382181,
    "sohr_init_9": 1.7228534864382181,
    "sohr_init_10": 1.7228534864382181,
    "sohr_init_11": 1.7228534864382181,
    "sohr_init_12": 1.7228534864382181,
    "sohr_init_13": 1.7228534864382181,
    "sohr_init_14": 1.7228534864382181,
    "soc_init_1": 24.133042333686536,
    "soc_init_2": 24.133042333686536,
    "soc_init_3": 24.133042333686536,
    "soc_init_4": 24.133042333686536,
    "soc_init_5": 24.133042333686536,
    "soc_init_6": 24.133042333686536,
    "soc_init_7": 24.133042333686536,
    "soc_init_8": 24.133042333686536,
    "soc_init_9": 24.133042333686536,
    "soc_init_10": 24.133042333686536,
    "soc_init_11": 24.133042333686536,
    "soc_init_12": 24.133042333686536,
    "soc_init_13": 24.133042333686536,
    "soc_init_14": 24.133042333686536,
    "cost": 7.006377010519519e-09,
    "device": "bPB00055",
    "cycle_start_time": "2022-08-12T01:50:22+00:00"
}