{
    "soc_min": 2,
    "soc_max": 98,
    "r1": 0.014556780726521404,
    "c1": 260425.6367885171,
    "ir_a": 0.00010204950976271327,
    "ir_b": 0.15037223421083382,
    "ir_c": 0.0018074206745973434,
    "ir_d": 0.09907953391977599,
    "ir_e": 0.9997140818347747,
    "no_cells": 14,
    "cell_temp_init": 42.73085952667958,
    "amb_temp_celsius": 34.00619821028513,
    "bat_cell_cap": 66.0,
    "sohc_init_1": 65.12017351787222,
    "sohc_init_2": 65.12017351787222,
    "sohc_init_3": 65.12017351787222,
    "sohc_init_4": 65.12017351787222,
    "sohc_init_5": 65.12017351787222,
    "sohc_init_6": 65.12017351787222,
    "sohc_init_7": 65.12017351787222,
    "sohc_init_8": 65.12017351787222,
    "sohc_init_9": 65.12017351787222,
    "sohc_init_10": 65.12017351787222,
    "sohc_init_11": 65.12017351787222,
    "sohc_init_12": 65.12017351787222,
    "sohc_init_13": 65.12017351787222,
    "sohc_init_14": 65.12017351787222,
    "sohr_init_1": 1.443596554738799,
    "sohr_init_2": 1.443596554738799,
    "sohr_init_3": 1.443596554738799,
    "sohr_init_4": 1.443596554738799,
    "sohr_init_5": 1.443596554738799,
    "sohr_init_6": 1.443596554738799,
    "sohr_init_7": 1.443596554738799,
    "sohr_init_8": 1.443596554738799,
    "sohr_init_9": 1.443596554738799,
    "sohr_init_10": 1.443596554738799,
    "sohr_init_11": 1.443596554738799,
    "sohr_init_12": 1.443596554738799,
    "sohr_init_13": 1.443596554738799,
    "sohr_init_14": 1.443596554738799,
    "soc_init_1": 13.186068747231596,
    "soc_init_2": 13.186068747231596,
    "soc_init_3": 13.186068747231596,
    "soc_init_4": 13.186068747231596,
    "soc_init_5": 13.186068747231596,
    "soc_init_6": 13.186068747231596,
    "soc_init_7": 13.186068747231596,
    "soc_init_8": 13.186068747231596,
    "soc_init_9": 13.186068747231596,
    "soc_init_10": 13.186068747231596,
    "soc_init_11": 13.186068747231596,
    "soc_init_12": 13.186068747231596,
    "soc_init_13": 13.186068747231596,
    "soc_init_14": 13.186068747231596,
    "cost": 7.068259356453695e-13,
    "device": "bPB00055",
    "cycle_start_time": "2021-07-23T12:04:35+00:00"
}