{
    "soc_min": 2,
    "soc_max": 98,
    "r1": 0.014556780726521404,
    "c1": 260425.6367885171,
    "ir_a": 0.00010204950976271327,
    "ir_b": 0.15037223421083382,
    "ir_c": 0.0018074206745973434,
    "ir_d": 0.09907953391977599,
    "ir_e": 0.9997140818347747,
    "no_cells": 14,
    "cell_temp_init": 42.73085952667958,
    "amb_temp_celsius": 34.00619821028513,
    "bat_cell_cap": 66.0,
    "sohc_init_1": 54.55130576960612,
    "sohc_init_2": 54.55130576960612,
    "sohc_init_3": 54.55130576960612,
    "sohc_init_4": 54.55130576960612,
    "sohc_init_5": 54.55130576960612,
    "sohc_init_6": 54.55130576960612,
    "sohc_init_7": 54.55130576960612,
    "sohc_init_8": 54.55130576960612,
    "sohc_init_9": 54.55130576960612,
    "sohc_init_10": 54.55130576960612,
    "sohc_init_11": 54.55130576960612,
    "sohc_init_12": 54.55130576960612,
    "sohc_init_13": 54.55130576960612,
    "sohc_init_14": 54.55130576960612,
    "sohr_init_1": 1.7248106030413075,
    "sohr_init_2": 1.7248106030413075,
    "sohr_init_3": 1.7248106030413075,
    "sohr_init_4": 1.7248106030413075,
    "sohr_init_5": 1.7248106030413075,
    "sohr_init_6": 1.7248106030413075,
    "sohr_init_7": 1.7248106030413075,
    "sohr_init_8": 1.7248106030413075,
    "sohr_init_9": 1.7248106030413075,
    "sohr_init_10": 1.7248106030413075,
    "sohr_init_11": 1.7248106030413075,
    "sohr_init_12": 1.7248106030413075,
    "sohr_init_13": 1.7248106030413075,
    "sohr_init_14": 1.7248106030413075,
    "soc_init_1": 34.728155207417096,
    "soc_init_2": 34.728155207417096,
    "soc_init_3": 34.728155207417096,
    "soc_init_4": 34.728155207417096,
    "soc_init_5": 34.728155207417096,
    "soc_init_6": 34.728155207417096,
    "soc_init_7": 34.728155207417096,
    "soc_init_8": 34.728155207417096,
    "soc_init_9": 34.728155207417096,
    "soc_init_10": 34.728155207417096,
    "soc_init_11": 34.728155207417096,
    "soc_init_12": 34.728155207417096,
    "soc_init_13": 34.728155207417096,
    "soc_init_14": 34.728155207417096,
    "cost": 2.446406299498249e-09,
    "device": "bPB00055",
    "cycle_start_time": "2022-08-17T09:54:10+00:00"
}