{
    "soc_min": 2,
    "soc_max": 98,
    "r1": 0.014556780726521404,
    "c1": 260425.6367885171,
    "ir_a": 0.00010204950976271327,
    "ir_b": 0.15037223421083382,
    "ir_c": 0.0018074206745973434,
    "ir_d": 0.09907953391977599,
    "ir_e": 0.9997140818347747,
    "no_cells": 14,
    "cell_temp_init": 42.73085952667958,
    "amb_temp_celsius": 34.00619821028513,
    "bat_cell_cap": 66.0,
    "sohc_init_1": 59.99592041057266,
    "sohc_init_2": 59.99592041057266,
    "sohc_init_3": 59.99592041057266,
    "sohc_init_4": 59.99592041057266,
    "sohc_init_5": 59.99592041057266,
    "sohc_init_6": 59.99592041057266,
    "sohc_init_7": 59.99592041057266,
    "sohc_init_8": 59.99592041057266,
    "sohc_init_9": 59.99592041057266,
    "sohc_init_10": 59.99592041057266,
    "sohc_init_11": 59.99592041057266,
    "sohc_init_12": 59.99592041057266,
    "sohc_init_13": 59.99592041057266,
    "sohc_init_14": 59.99592041057266,
    "sohr_init_1": 1.5785654810671053,
    "sohr_init_2": 1.5785654810671053,
    "sohr_init_3": 1.5785654810671053,
    "sohr_init_4": 1.5785654810671053,
    "sohr_init_5": 1.5785654810671053,
    "sohr_init_6": 1.5785654810671053,
    "sohr_init_7": 1.5785654810671053,
    "sohr_init_8": 1.5785654810671053,
    "sohr_init_9": 1.5785654810671053,
    "sohr_init_10": 1.5785654810671053,
    "sohr_init_11": 1.5785654810671053,
    "sohr_init_12": 1.5785654810671053,
    "sohr_init_13": 1.5785654810671053,
    "sohr_init_14": 1.5785654810671053,
    "soc_init_1": 10.968772770128712,
    "soc_init_2": 10.968772770128712,
    "soc_init_3": 10.968772770128712,
    "soc_init_4": 10.968772770128712,
    "soc_init_5": 10.968772770128712,
    "soc_init_6": 10.968772770128712,
    "soc_init_7": 10.968772770128712,
    "soc_init_8": 10.968772770128712,
    "soc_init_9": 10.968772770128712,
    "soc_init_10": 10.968772770128712,
    "soc_init_11": 10.968772770128712,
    "soc_init_12": 10.968772770128712,
    "soc_init_13": 10.968772770128712,
    "soc_init_14": 10.968772770128712,
    "cost": 2.059718289945765e-05,
    "device": "bPB00055",
    "cycle_start_time": "2021-11-12T23:37:08+00:00"
}