{
    "soc_min": 2,
    "soc_max": 98,
    "r1": 0.014556780726521404,
    "c1": 260425.6367885171,
    "ir_a": 0.00010204950976271327,
    "ir_b": 0.15037223421083382,
    "ir_c": 0.0018074206745973434,
    "ir_d": 0.09907953391977599,
    "ir_e": 0.9997140818347747,
    "no_cells": 14,
    "cell_temp_init": 42.73085952667958,
    "amb_temp_celsius": 34.00619821028513,
    "bat_cell_cap": 66.0,
    "sohc_init_1": 61.54927682806694,
    "sohc_init_2": 61.54927682806694,
    "sohc_init_3": 61.54927682806694,
    "sohc_init_4": 61.54927682806694,
    "sohc_init_5": 61.54927682806694,
    "sohc_init_6": 61.54927682806694,
    "sohc_init_7": 61.54927682806694,
    "sohc_init_8": 61.54927682806694,
    "sohc_init_9": 61.54927682806694,
    "sohc_init_10": 61.54927682806694,
    "sohc_init_11": 61.54927682806694,
    "sohc_init_12": 61.54927682806694,
    "sohc_init_13": 61.54927682806694,
    "sohc_init_14": 61.54927682806694,
    "sohr_init_1": 1.5384380265951378,
    "sohr_init_2": 1.5384380265951378,
    "sohr_init_3": 1.5384380265951378,
    "sohr_init_4": 1.5384380265951378,
    "sohr_init_5": 1.5384380265951378,
    "sohr_init_6": 1.5384380265951378,
    "sohr_init_7": 1.5384380265951378,
    "sohr_init_8": 1.5384380265951378,
    "sohr_init_9": 1.5384380265951378,
    "sohr_init_10": 1.5384380265951378,
    "sohr_init_11": 1.5384380265951378,
    "sohr_init_12": 1.5384380265951378,
    "sohr_init_13": 1.5384380265951378,
    "sohr_init_14": 1.5384380265951378,
    "soc_init_1": 25.295957192031242,
    "soc_init_2": 25.295957192031242,
    "soc_init_3": 25.295957192031242,
    "soc_init_4": 25.295957192031242,
    "soc_init_5": 25.295957192031242,
    "soc_init_6": 25.295957192031242,
    "soc_init_7": 25.295957192031242,
    "soc_init_8": 25.295957192031242,
    "soc_init_9": 25.295957192031242,
    "soc_init_10": 25.295957192031242,
    "soc_init_11": 25.295957192031242,
    "soc_init_12": 25.295957192031242,
    "soc_init_13": 25.295957192031242,
    "soc_init_14": 25.295957192031242,
    "cost": 1.517895813858057e-08,
    "device": "bPB00055",
    "cycle_start_time": "2021-09-29T15:02:10+00:00"
}