{
    "soc_min": 2,
    "soc_max": 98,
    "r1": 0.014556780726521404,
    "c1": 260425.6367885171,
    "ir_a": 0.00010204950976271327,
    "ir_b": 0.15037223421083382,
    "ir_c": 0.0018074206745973434,
    "ir_d": 0.09907953391977599,
    "ir_e": 0.9997140818347747,
    "no_cells": 14,
    "cell_temp_init": 42.73085952667958,
    "amb_temp_celsius": 34.00619821028513,
    "bat_cell_cap": 66.0,
    "sohc_init_1": 48.82223194857465,
    "sohc_init_2": 48.82223194857465,
    "sohc_init_3": 48.82223194857465,
    "sohc_init_4": 48.82223194857465,
    "sohc_init_5": 48.82223194857465,
    "sohc_init_6": 48.82223194857465,
    "sohc_init_7": 48.82223194857465,
    "sohc_init_8": 48.82223194857465,
    "sohc_init_9": 48.82223194857465,
    "sohc_init_10": 48.82223194857465,
    "sohc_init_11": 48.82223194857465,
    "sohc_init_12": 48.82223194857465,
    "sohc_init_13": 48.82223194857465,
    "sohc_init_14": 48.82223194857465,
    "sohr_init_1": 1.8574628642725086,
    "sohr_init_2": 1.8574628642725086,
    "sohr_init_3": 1.8574628642725086,
    "sohr_init_4": 1.8574628642725086,
    "sohr_init_5": 1.8574628642725086,
    "sohr_init_6": 1.8574628642725086,
    "sohr_init_7": 1.8574628642725086,
    "sohr_init_8": 1.8574628642725086,
    "sohr_init_9": 1.8574628642725086,
    "sohr_init_10": 1.8574628642725086,
    "sohr_init_11": 1.8574628642725086,
    "sohr_init_12": 1.8574628642725086,
    "sohr_init_13": 1.8574628642725086,
    "sohr_init_14": 1.8574628642725086,
    "soc_init_1": 28.911948119704277,
    "soc_init_2": 28.911948119704277,
    "soc_init_3": 28.911948119704277,
    "soc_init_4": 28.911948119704277,
    "soc_init_5": 28.911948119704277,
    "soc_init_6": 28.911948119704277,
    "soc_init_7": 28.911948119704277,
    "soc_init_8": 28.911948119704277,
    "soc_init_9": 28.911948119704277,
    "soc_init_10": 28.911948119704277,
    "soc_init_11": 28.911948119704277,
    "soc_init_12": 28.911948119704277,
    "soc_init_13": 28.911948119704277,
    "soc_init_14": 28.911948119704277,
    "cost": 0.0005647871192632432,
    "device": "bPB00055",
    "cycle_start_time": "2022-11-04T14:07:50+00:00"
}