{
    "soc_min": 2,
    "soc_max": 98,
    "r1": 0.014556780726521404,
    "c1": 260425.6367885171,
    "ir_a": 0.00010204950976271327,
    "ir_b": 0.15037223421083382,
    "ir_c": 0.0018074206745973434,
    "ir_d": 0.09907953391977599,
    "ir_e": 0.9997140818347747,
    "no_cells": 14,
    "cell_temp_init": 42.73085952667958,
    "amb_temp_celsius": 34.00619821028513,
    "bat_cell_cap": 66.0,
    "sohc_init_1": 49.35718256345288,
    "sohc_init_2": 49.35718256345288,
    "sohc_init_3": 49.35718256345288,
    "sohc_init_4": 49.35718256345288,
    "sohc_init_5": 49.35718256345288,
    "sohc_init_6": 49.35718256345288,
    "sohc_init_7": 49.35718256345288,
    "sohc_init_8": 49.35718256345288,
    "sohc_init_9": 49.35718256345288,
    "sohc_init_10": 49.35718256345288,
    "sohc_init_11": 49.35718256345288,
    "sohc_init_12": 49.35718256345288,
    "sohc_init_13": 49.35718256345288,
    "sohc_init_14": 49.35718256345288,
    "sohr_init_1": 1.8641353873079691,
    "sohr_init_2": 1.8641353873079691,
    "sohr_init_3": 1.8641353873079691,
    "sohr_init_4": 1.8641353873079691,
    "sohr_init_5": 1.8641353873079691,
    "sohr_init_6": 1.8641353873079691,
    "sohr_init_7": 1.8641353873079691,
    "sohr_init_8": 1.8641353873079691,
    "sohr_init_9": 1.8641353873079691,
    "sohr_init_10": 1.8641353873079691,
    "sohr_init_11": 1.8641353873079691,
    "sohr_init_12": 1.8641353873079691,
    "sohr_init_13": 1.8641353873079691,
    "sohr_init_14": 1.8641353873079691,
    "soc_init_1": 30.177414914560536,
    "soc_init_2": 30.177414914560536,
    "soc_init_3": 30.177414914560536,
    "soc_init_4": 30.177414914560536,
    "soc_init_5": 30.177414914560536,
    "soc_init_6": 30.177414914560536,
    "soc_init_7": 30.177414914560536,
    "soc_init_8": 30.177414914560536,
    "soc_init_9": 30.177414914560536,
    "soc_init_10": 30.177414914560536,
    "soc_init_11": 30.177414914560536,
    "soc_init_12": 30.177414914560536,
    "soc_init_13": 30.177414914560536,
    "soc_init_14": 30.177414914560536,
    "cost": 1.365174024104452e-08,
    "device": "bPB00055",
    "cycle_start_time": "2022-11-09T14:43:32+00:00"
}