{
    "soc_min": 2,
    "soc_max": 98,
    "r1": 0.014556780726521404,
    "c1": 260425.6367885171,
    "ir_a": 0.00010204950976271327,
    "ir_b": 0.15037223421083382,
    "ir_c": 0.0018074206745973434,
    "ir_d": 0.09907953391977599,
    "ir_e": 0.9997140818347747,
    "no_cells": 14,
    "cell_temp_init": 42.73085952667958,
    "amb_temp_celsius": 34.00619821028513,
    "bat_cell_cap": 66.0,
    "sohc_init_1": 49.273342635207555,
    "sohc_init_2": 49.273342635207555,
    "sohc_init_3": 49.273342635207555,
    "sohc_init_4": 49.273342635207555,
    "sohc_init_5": 49.273342635207555,
    "sohc_init_6": 49.273342635207555,
    "sohc_init_7": 49.273342635207555,
    "sohc_init_8": 49.273342635207555,
    "sohc_init_9": 49.273342635207555,
    "sohc_init_10": 49.273342635207555,
    "sohc_init_11": 49.273342635207555,
    "sohc_init_12": 49.273342635207555,
    "sohc_init_13": 49.273342635207555,
    "sohc_init_14": 49.273342635207555,
    "sohr_init_1": 1.8695019882618675,
    "sohr_init_2": 1.8695019882618675,
    "sohr_init_3": 1.8695019882618675,
    "sohr_init_4": 1.8695019882618675,
    "sohr_init_5": 1.8695019882618675,
    "sohr_init_6": 1.8695019882618675,
    "sohr_init_7": 1.8695019882618675,
    "sohr_init_8": 1.8695019882618675,
    "sohr_init_9": 1.8695019882618675,
    "sohr_init_10": 1.8695019882618675,
    "sohr_init_11": 1.8695019882618675,
    "sohr_init_12": 1.8695019882618675,
    "sohr_init_13": 1.8695019882618675,
    "sohr_init_14": 1.8695019882618675,
    "soc_init_1": 29.858014016813176,
    "soc_init_2": 29.858014016813176,
    "soc_init_3": 29.858014016813176,
    "soc_init_4": 29.858014016813176,
    "soc_init_5": 29.858014016813176,
    "soc_init_6": 29.858014016813176,
    "soc_init_7": 29.858014016813176,
    "soc_init_8": 29.858014016813176,
    "soc_init_9": 29.858014016813176,
    "soc_init_10": 29.858014016813176,
    "soc_init_11": 29.858014016813176,
    "soc_init_12": 29.858014016813176,
    "soc_init_13": 29.858014016813176,
    "soc_init_14": 29.858014016813176,
    "cost": 0.00010156498531513418,
    "device": "bPB00055",
    "cycle_start_time": "2022-11-10T09:40:32+00:00"
}