{
    "soc_min": 2,
    "soc_max": 98,
    "r1": 0.014556780726521404,
    "c1": 260425.6367885171,
    "ir_a": 0.00010204950976271327,
    "ir_b": 0.15037223421083382,
    "ir_c": 0.0018074206745973434,
    "ir_d": 0.09907953391977599,
    "ir_e": 0.9997140818347747,
    "no_cells": 14,
    "cell_temp_init": 42.73085952667958,
    "amb_temp_celsius": 34.00619821028513,
    "bat_cell_cap": 66.0,
    "sohc_init_1": 54.51929127445882,
    "sohc_init_2": 54.51929127445882,
    "sohc_init_3": 54.51929127445882,
    "sohc_init_4": 54.51929127445882,
    "sohc_init_5": 54.51929127445882,
    "sohc_init_6": 54.51929127445882,
    "sohc_init_7": 54.51929127445882,
    "sohc_init_8": 54.51929127445882,
    "sohc_init_9": 54.51929127445882,
    "sohc_init_10": 54.51929127445882,
    "sohc_init_11": 54.51929127445882,
    "sohc_init_12": 54.51929127445882,
    "sohc_init_13": 54.51929127445882,
    "sohc_init_14": 54.51929127445882,
    "sohr_init_1": 1.725777954656771,
    "sohr_init_2": 1.725777954656771,
    "sohr_init_3": 1.725777954656771,
    "sohr_init_4": 1.725777954656771,
    "sohr_init_5": 1.725777954656771,
    "sohr_init_6": 1.725777954656771,
    "sohr_init_7": 1.725777954656771,
    "sohr_init_8": 1.725777954656771,
    "sohr_init_9": 1.725777954656771,
    "sohr_init_10": 1.725777954656771,
    "sohr_init_11": 1.725777954656771,
    "sohr_init_12": 1.725777954656771,
    "sohr_init_13": 1.725777954656771,
    "sohr_init_14": 1.725777954656771,
    "soc_init_1": 35.420390586901355,
    "soc_init_2": 35.420390586901355,
    "soc_init_3": 35.420390586901355,
    "soc_init_4": 35.420390586901355,
    "soc_init_5": 35.420390586901355,
    "soc_init_6": 35.420390586901355,
    "soc_init_7": 35.420390586901355,
    "soc_init_8": 35.420390586901355,
    "soc_init_9": 35.420390586901355,
    "soc_init_10": 35.420390586901355,
    "soc_init_11": 35.420390586901355,
    "soc_init_12": 35.420390586901355,
    "soc_init_13": 35.420390586901355,
    "soc_init_14": 35.420390586901355,
    "cost": 1.2818845873616376e-09,
    "device": "bPB00055",
    "cycle_start_time": "2022-08-17T21:46:57+00:00"
}