{
    "soc_min": 2,
    "soc_max": 98,
    "r1": 0.014556780726521404,
    "c1": 260425.6367885171,
    "ir_a": 0.00010204950976271327,
    "ir_b": 0.15037223421083382,
    "ir_c": 0.0018074206745973434,
    "ir_d": 0.09907953391977599,
    "ir_e": 0.9997140818347747,
    "no_cells": 14,
    "cell_temp_init": 42.73085952667958,
    "amb_temp_celsius": 34.00619821028513,
    "bat_cell_cap": 66.0,
    "sohc_init_1": 62.43344481196496,
    "sohc_init_2": 62.43344481196496,
    "sohc_init_3": 62.43344481196496,
    "sohc_init_4": 62.43344481196496,
    "sohc_init_5": 62.43344481196496,
    "sohc_init_6": 62.43344481196496,
    "sohc_init_7": 62.43344481196496,
    "sohc_init_8": 62.43344481196496,
    "sohc_init_9": 62.43344481196496,
    "sohc_init_10": 62.43344481196496,
    "sohc_init_11": 62.43344481196496,
    "sohc_init_12": 62.43344481196496,
    "sohc_init_13": 62.43344481196496,
    "sohc_init_14": 62.43344481196496,
    "sohr_init_1": 1.513684478416594,
    "sohr_init_2": 1.513684478416594,
    "sohr_init_3": 1.513684478416594,
    "sohr_init_4": 1.513684478416594,
    "sohr_init_5": 1.513684478416594,
    "sohr_init_6": 1.513684478416594,
    "sohr_init_7": 1.513684478416594,
    "sohr_init_8": 1.513684478416594,
    "sohr_init_9": 1.513684478416594,
    "sohr_init_10": 1.513684478416594,
    "sohr_init_11": 1.513684478416594,
    "sohr_init_12": 1.513684478416594,
    "sohr_init_13": 1.513684478416594,
    "sohr_init_14": 1.513684478416594,
    "soc_init_1": 22.215799287982826,
    "soc_init_2": 22.215799287982826,
    "soc_init_3": 22.215799287982826,
    "soc_init_4": 22.215799287982826,
    "soc_init_5": 22.215799287982826,
    "soc_init_6": 22.215799287982826,
    "soc_init_7": 22.215799287982826,
    "soc_init_8": 22.215799287982826,
    "soc_init_9": 22.215799287982826,
    "soc_init_10": 22.215799287982826,
    "soc_init_11": 22.215799287982826,
    "soc_init_12": 22.215799287982826,
    "soc_init_13": 22.215799287982826,
    "soc_init_14": 22.215799287982826,
    "cost": 1.4122811456326584e-09,
    "device": "bPB00055",
    "cycle_start_time": "2021-09-13T03:06:15+00:00"
}